latitude,longitude,ghi,dni,dhi,gti,temperature_c,humidity_pct,cloud_cover_pct,pressure_hpa,wind_speed_m_s,elevation_m,solar_generation_mw
27.24037,87.73144,635.36,591.95,63.31,726.95,29.17,63.45,12.13,921.89,2.1,797.12,2.7992
15.2354,77.6776,443.8,322.68,80.86,487.61,31.28,58.37,21.26,983.63,2.38,233.17,1.8337
12.08162,85.75789,473.43,504.47,64.63,491.14,18.17,70.14,19.48,977.01,1.77,299.58,2.0214
22.61991,68.34047,307.07,229.86,80.63,292.47,18.34,77.67,17.81,942.16,1.72,571.35,1.2205
25.65594,83.63016,405.5,390.69,88.03,289.42,30.36,51.34,19.83,948.23,5.28,559.52,1.1004
8.51008,76.8125,201.0,206.11,59.8,182.35,34.34,44.95,33.1,922.1,3.42,778.85,0.6918
18.86125,78.3659,402.89,276.52,94.9,465.87,34.48,54.85,22.34,997.09,1.69,132.86,1.7982
21.7389,81.01459,787.09,552.76,188.2,906.98,17.44,69.17,29.08,821.75,2.8,1798.33,3.6095
18.47234,78.65639,465.07,375.85,139.25,409.5,35.42,61.38,24.39,953.73,2.44,514.43,1.5637
8.38245,79.53003,365.49,256.97,111.78,365.61,9.03,50.61,36.96,823.83,1.6,1746.62,1.5793
16.90322,74.75586,731.61,681.02,73.73,776.34,19.0,69.58,9.98,826.73,3.78,1735.52,3.1167
24.66374,76.50527,710.75,652.21,79.1,906.79,19.6,77.01,3.12,937.55,3.0,618.43,3.6216
16.69374,77.1668,577.05,447.15,100.11,619.98,21.55,60.29,30.17,869.49,1.99,1255.76,2.4668
11.31836,80.65531,295.11,201.21,46.7,302.78,23.58,74.58,13.62,953.04,1.35,455.28,1.0582
16.58884,80.7351,376.17,276.22,124.76,393.09,19.06,65.05,30.06,837.2,2.94,1548.06,1.5617
8.39041,87.21245,926.8,779.35,215.29,939.9,23.97,55.18,29.33,916.63,0.78,909.84,3.7732
10.13452,81.94526,484.65,354.22,96.38,494.26,16.26,57.13,26.84,823.8,2.2,1774.5,2.0317
26.60955,87.30527,541.47,429.03,91.44,537.99,22.61,69.06,27.43,914.93,3.34,922.27,2.1048
19.91184,75.03416,381.84,193.41,123.93,338.1,22.0,94.22,57.89,962.85,2.6,429.61,1.2795
18.82672,68.245,645.44,499.62,153.64,641.13,21.55,87.0,18.82,845.82,3.69,1466.01,2.5017
25.50895,75.59311,615.8,517.92,117.67,609.73,21.76,66.5,17.33,983.96,3.83,266.4,2.4375
27.73165,71.62849,134.26,126.55,38.85,136.19,28.28,78.99,22.02,940.55,2.98,616.76,0.5094
20.13725,72.91821,45.48,0.0,8.7,48.11,20.61,63.58,22.6,941.23,2.4,556.33,0.2059
21.15708,86.62216,594.57,364.47,209.96,654.34,18.88,76.54,37.0,885.82,3.84,1146.94,2.6579
27.06361,73.96042,224.05,159.25,48.39,212.63,23.17,83.75,24.82,823.64,2.62,1713.77,0.798
26.66011,70.07668,874.77,644.61,249.94,905.6,28.87,62.66,41.2,879.59,2.31,1159.14,3.5291
13.10957,73.5976,733.38,582.38,179.04,748.09,34.42,65.41,24.86,993.45,4.14,156.43,2.8804
24.74572,74.94092,778.8,614.11,186.75,811.99,30.35,69.36,14.84,984.36,4.49,237.98,3.1112
21.01197,75.27801,950.11,715.4,225.9,1084.66,23.33,70.59,23.78,968.26,2.94,412.7,4.309
20.2398,84.59087,310.11,251.16,92.19,327.89,35.58,60.3,41.17,1004.95,2.54,79.98,1.2228
22.78402,85.722,619.14,488.08,127.19,672.62,23.42,64.36,29.26,981.35,3.24,275.97,2.7255
21.92243,71.11301,331.5,231.09,95.76,265.47,26.47,67.07,17.5,987.18,3.37,239.29,1.1019
24.38328,69.25508,599.32,479.15,109.37,540.64,30.34,55.27,20.82,1004.1,2.16,76.13,2.1257
25.28297,83.35618,421.75,392.59,40.96,438.82,34.01,71.15,13.95,999.87,3.42,102.36,1.6764
24.68223,78.83995,266.83,183.14,69.95,250.77,28.55,47.57,30.15,900.73,2.75,946.92,1.0088
22.88857,72.39023,357.3,249.47,107.67,376.21,26.77,58.17,28.42,906.77,2.17,977.56,1.4664
25.40336,81.74385,627.84,395.46,198.56,620.37,17.94,65.91,58.95,837.55,3.04,1626.93,2.5685
20.32313,82.35673,575.37,366.6,176.96,519.23,24.34,78.69,56.72,835.6,0.77,1595.7,2.0515
23.64323,76.00023,530.82,402.62,117.48,557.16,17.34,64.34,14.28,852.03,1.86,1471.88,2.299
15.38705,68.52798,397.17,347.35,60.51,421.47,30.48,60.5,20.12,898.36,0.72,1020.84,1.6502
25.72103,72.86691,623.25,359.33,299.98,649.63,22.21,69.32,66.91,836.94,2.91,1553.43,2.5094
26.84749,70.30755,521.55,403.95,69.34,556.76,26.86,64.35,15.98,946.43,3.89,593.22,2.2031
9.56219,73.47108,295.89,254.27,56.36,327.9,38.76,43.75,8.19,944.56,2.5,564.48,1.2665
20.16714,70.19924,334.45,200.45,158.08,361.6,25.58,77.08,74.38,899.76,2.13,1037.72,1.4031
17.42431,74.95168,593.88,376.17,172.97,688.05,27.09,59.94,56.58,926.25,3.75,735.46,2.661
22.07646,84.46473,478.82,410.43,94.76,518.84,23.94,72.05,20.82,972.95,2.73,279.87,1.9928
27.97327,74.4631,364.68,322.51,83.74,395.81,29.66,85.54,15.76,858.99,1.48,1361.52,1.4839
15.49128,70.60436,383.39,383.85,53.35,425.15,26.65,69.26,11.17,934.03,2.92,661.34,1.7133
23.43343,85.06233,535.96,442.85,74.53,491.46,18.62,80.38,4.68,886.97,2.3,1130.44,1.9279
18.43521,84.27066,976.79,750.46,213.15,1100.0,27.97,62.27,13.05,851.98,1.46,1506.9,4.3728
25.47307,83.54932,311.68,118.86,130.81,276.7,26.73,71.04,41.37,929.76,2.39,679.65,1.0995
15.1901,75.04088,211.98,153.86,51.88,203.02,27.94,65.58,24.5,958.24,4.99,438.98,0.7842
10.69542,78.20252,698.47,447.45,243.61,801.06,20.49,67.54,54.01,916.17,1.31,878.65,3.1179
13.12794,74.21436,480.57,383.41,84.64,449.06,28.08,42.7,6.24,1002.27,2.46,117.68,1.8381
13.03385,76.29638,241.39,120.07,60.12,231.05,26.39,73.07,27.97,998.8,3.29,132.08,0.8963
21.34193,71.34336,199.27,134.48,87.42,187.91,22.62,72.83,55.73,846.84,1.72,1497.27,0.6931
27.2997,69.18002,385.71,372.68,53.84,408.66,24.6,67.06,14.54,936.92,3.32,597.33,1.6846
19.85557,82.05704,457.65,247.27,166.4,441.46,30.98,59.55,29.1,937.79,1.34,691.68,1.7017
26.50981,75.38901,503.16,388.43,111.09,521.78,22.59,71.36,34.12,834.0,0.24,1656.4,2.0201
14.77124,76.34369,623.32,523.33,117.21,674.58,21.04,75.01,27.01,903.28,2.47,902.88,2.6655
19.88115,75.92351,296.27,153.36,66.97,307.63,23.28,79.18,26.53,885.26,3.18,1134.26,1.2279
25.75036,76.21977,425.75,193.59,176.16,449.47,21.4,53.68,58.5,939.9,2.56,580.18,1.8594
16.02682,83.91518,400.62,376.33,42.63,424.92,27.63,63.79,12.95,1007.28,5.05,34.44,1.6496
23.96594,79.25442,474.21,269.18,172.38,509.1,28.11,64.46,38.05,998.97,1.39,132.52,1.9934
25.80397,82.52778,479.4,328.9,150.33,472.24,29.91,81.81,39.17,875.53,2.81,1206.67,1.7812
19.34962,68.61703,525.34,404.8,146.16,622.95,30.38,75.52,38.52,1006.54,4.01,75.97,2.3611
19.41046,68.71739,330.3,257.04,77.39,321.83,20.82,71.04,14.75,957.24,3.55,486.68,1.3074
21.55548,82.74198,329.88,241.32,90.66,324.47,22.65,78.37,45.32,825.2,4.94,1725.99,1.265
13.80669,83.41299,157.06,148.92,28.13,141.86,25.15,73.74,27.99,828.13,1.34,1765.39,0.5474
17.57518,77.41251,631.46,513.25,152.04,643.77,33.4,53.45,19.66,927.3,1.69,696.18,2.5022
25.51938,72.66138,396.79,211.03,182.44,437.81,25.86,58.41,60.96,927.76,0.47,783.01,1.6973
19.08329,73.229,680.26,550.26,189.36,658.86,32.31,73.93,43.59,989.43,2.51,142.7,2.5099
11.22705,73.74785,519.32,366.15,104.55,551.56,13.79,67.56,21.11,831.12,5.07,1652.75,2.2946
21.14863,85.91476,334.68,233.31,60.79,346.95,27.07,72.0,20.84,843.26,1.1,1561.13,1.3009
26.26943,77.53976,271.96,219.0,37.42,281.1,27.47,58.31,27.77,902.28,1.87,961.97,1.074
27.53704,79.26597,975.67,800.51,123.54,949.03,33.07,66.94,9.67,931.58,1.59,781.91,3.6428
17.90317,73.01424,281.45,274.52,98.49,240.36,33.08,49.74,47.44,880.31,2.82,1159.01,0.9425
17.15789,70.80168,646.25,466.55,166.16,686.61,23.12,71.83,15.44,958.5,1.52,479.88,2.7313
9.76216,81.93888,493.68,371.3,107.26,515.9,36.38,64.58,15.2,1004.06,4.72,131.28,1.9578
27.87903,75.44173,937.35,713.49,176.05,1074.72,36.3,76.55,26.82,1016.96,0.67,11.64,3.9917
27.42715,82.64652,766.81,623.5,185.4,797.37,28.65,71.05,32.54,906.93,2.37,913.9,3.1007
26.3859,72.10756,382.08,255.74,94.84,408.36,22.55,70.64,20.95,948.05,2.27,574.2,1.6466
13.68686,81.37821,706.88,536.86,174.97,788.66,12.76,84.06,13.64,825.26,1.15,1740.83,3.183
19.43844,82.22697,469.52,283.08,135.03,507.63,21.07,83.91,46.81,867.23,0.6,1298.56,1.9549
11.17391,75.71322,46.33,28.64,10.83,49.14,16.95,89.03,18.35,855.89,2.42,1394.78,0.1991
20.55986,71.11433,233.77,211.07,53.84,266.63,30.06,59.48,22.91,1001.3,5.13,113.33,1.0302
27.06741,79.08682,421.37,321.04,97.92,458.52,20.37,81.68,19.98,864.77,1.38,1324.3,1.7903
23.61178,84.99145,529.46,404.85,127.11,553.1,19.76,82.37,19.39,913.92,1.9,901.88,2.2171
21.07699,74.08312,467.08,342.27,114.34,458.14,19.63,78.27,59.02,901.22,2.37,1002.1,1.7565
11.86174,77.2464,112.26,85.08,20.07,97.88,25.12,80.75,13.28,951.99,1.72,504.03,0.3995
17.73597,80.64384,854.89,690.56,139.43,900.85,28.32,58.61,7.39,942.76,1.57,646.76,3.5221
11.23528,84.73223,492.83,272.96,195.11,550.19,28.59,57.83,65.78,922.39,2.25,772.1,2.1286
9.80651,68.20194,1011.62,821.64,197.91,921.62,26.47,79.57,9.14,827.26,1.23,1677.68,3.5926
8.98515,74.26032,519.52,429.87,149.4,574.47,33.96,72.14,39.01,960.47,3.04,494.56,2.2274
27.02684,80.23809,297.95,151.0,115.07,329.0,36.95,45.29,49.54,1007.01,0.77,105.06,1.2425
16.703,76.052,422.7,415.69,76.32,373.23,19.32,81.09,14.27,865.59,0.35,1309.95,1.4648
14.82325,73.55413,583.28,457.83,146.92,573.15,24.03,61.4,42.58,832.99,0.8,1617.79,2.3193
17.17424,69.68892,452.38,284.01,168.22,448.36,22.58,67.46,37.13,939.27,0.66,623.93,1.8493
19.3232,77.08499,690.16,516.5,129.98,750.03,16.79,78.02,12.13,820.0,1.25,1735.39,3.045
23.98743,74.43489,168.82,154.5,24.88,179.26,23.12,70.49,13.13,939.7,0.54,647.86,0.7058
14.66488,69.67694,332.78,248.47,120.69,316.45,19.93,76.18,50.98,859.81,5.12,1355.34,1.3131
24.1402,70.3366,297.38,252.28,73.53,310.0,18.47,74.95,40.94,923.57,1.66,741.22,1.1886
20.32943,83.14518,418.53,305.03,110.11,468.7,28.57,73.08,31.5,978.74,3.05,329.89,1.8346
23.63331,82.83412,744.68,523.41,231.9,775.85,18.62,72.69,51.94,883.91,2.07,1174.56,3.1161
11.22337,80.74444,683.26,594.11,54.66,756.53,19.17,67.27,20.19,866.27,3.13,1266.28,3.0579
8.55297,83.36252,242.08,202.02,84.11,226.44,24.09,54.86,40.4,866.27,4.51,1311.77,0.9365
23.12296,80.16309,746.72,580.5,146.89,767.91,22.46,72.89,21.48,850.43,2.94,1444.86,3.0195
17.18315,76.4887,682.72,501.47,189.05,717.42,26.83,83.25,29.19,975.03,2.04,329.25,2.7431
23.61267,70.30084,639.03,482.81,138.8,612.0,30.13,67.56,36.14,986.9,4.65,179.76,2.3397
20.82496,79.38973,497.35,322.25,204.23,574.71,25.69,74.32,57.57,988.18,1.64,179.25,2.2204
8.84868,87.51058,345.83,293.09,99.32,363.01,13.94,68.24,17.67,841.34,1.61,1646.09,1.4776
23.881,72.42349,419.07,328.8,60.0,397.34,19.6,59.98,9.09,845.71,4.61,1503.71,1.6516
10.35164,79.79966,752.57,535.14,176.45,697.61,16.99,72.94,17.77,893.03,2.46,1071.74,2.8998
20.64282,71.26684,643.58,417.07,167.08,694.78,28.86,71.72,31.21,909.34,0.81,964.06,2.7532
18.20765,78.68272,922.39,702.52,245.41,976.87,29.32,66.29,23.13,845.05,3.15,1540.69,3.7899
9.18488,86.07982,423.29,340.2,119.83,414.77,13.59,84.95,32.79,852.67,3.75,1402.11,1.6694
27.20138,85.1212,245.86,171.79,98.68,270.34,14.99,64.97,66.38,834.94,3.13,1580.46,1.1192
23.91001,81.30481,640.64,470.04,132.87,676.94,21.68,67.12,34.77,827.59,2.23,1763.95,2.7066
16.37906,87.36791,569.48,467.74,135.68,579.08,17.34,55.26,15.66,923.72,1.24,766.5,2.4227
13.4028,68.87749,447.38,310.42,103.81,427.94,13.39,68.13,27.37,821.82,1.61,1769.36,1.7209
24.46135,76.216,302.88,152.34,107.31,270.13,20.75,79.96,52.1,897.23,4.6,1068.37,1.0881
14.89102,85.51498,681.79,412.33,242.05,762.65,30.86,71.0,43.15,977.77,5.34,291.49,2.8852
13.34352,78.95269,629.29,525.18,119.74,598.79,24.37,62.84,24.23,827.75,2.03,1700.35,2.3737
17.60179,81.06973,672.07,522.88,151.86,619.74,32.42,57.7,18.53,996.71,5.68,177.12,2.4153
14.959,71.59889,521.34,351.99,154.24,478.43,18.31,82.34,29.61,853.79,2.74,1455.35,1.8189
23.60531,81.19735,314.55,267.06,41.47,310.4,20.32,59.7,26.26,820.72,2.32,1780.88,1.2519
24.3574,75.35809,658.66,549.13,106.17,621.03,22.21,71.86,33.22,871.34,2.24,1239.21,2.4399
12.50667,69.2817,626.83,493.36,105.87,600.1,27.56,62.66,11.49,955.73,1.86,501.41,2.3225
24.00034,75.42419,784.83,626.21,181.37,948.63,18.16,78.03,23.9,822.0,0.96,1728.19,3.7724
12.2087,85.30121,457.48,358.59,123.17,435.06,32.4,75.59,27.61,991.45,0.52,145.51,1.6309
27.22645,73.94757,609.35,573.22,126.42,583.6,22.42,63.59,18.07,928.83,5.36,721.84,2.3906
8.89207,68.54991,505.77,246.9,215.58,497.73,22.03,65.51,29.19,957.47,2.59,489.24,1.979
20.99845,73.9711,473.88,419.38,135.74,538.13,20.28,67.41,33.93,866.01,2.78,1344.74,2.1892
19.45373,85.20985,649.59,313.84,216.65,603.31,20.98,65.29,57.82,889.94,3.05,1117.15,2.4391
20.33241,82.04727,658.52,632.4,99.33,590.77,24.12,64.58,12.41,820.0,1.99,1788.35,2.3249
14.21342,75.13256,513.69,425.93,109.66,578.68,19.86,69.22,31.69,947.31,2.44,542.61,2.3646
19.56018,84.33583,514.73,438.99,104.08,462.96,32.1,57.33,12.14,886.4,3.68,1100.15,1.7813
16.25183,87.02872,227.52,104.71,109.2,207.92,27.37,73.29,76.89,841.03,1.0,1586.96,0.8017
15.68647,84.0936,863.44,569.71,270.93,854.85,32.12,62.8,44.42,971.24,2.01,376.17,3.2832
17.60871,75.33311,412.8,417.16,60.12,444.84,22.02,64.0,3.02,887.36,4.21,1044.91,1.7868
11.13395,78.66823,398.31,379.6,91.38,378.88,23.51,54.81,24.11,820.0,3.37,1797.29,1.5884
13.71718,78.22475,317.02,234.62,102.3,306.19,23.14,82.58,45.8,914.46,1.6,893.82,1.146
21.15462,82.81542,456.62,401.8,114.86,477.07,26.27,79.49,26.46,945.02,3.17,615.95,1.7932
16.65805,85.95544,87.51,86.88,17.19,91.88,32.45,57.24,33.79,948.98,1.26,536.28,0.3116
26.42473,71.45518,364.08,340.37,38.1,374.4,18.55,89.61,12.56,852.15,3.28,1445.07,1.4288
14.74719,71.04338,715.12,497.48,151.27,663.54,36.49,66.56,20.66,965.81,1.63,400.33,2.4969
14.18426,72.63063,767.74,600.78,199.08,805.29,21.75,69.43,37.64,871.21,2.53,1220.73,3.1758
19.09958,75.61124,354.45,200.14,126.42,346.14,22.59,77.72,32.09,903.42,3.56,929.36,1.2921
23.31947,77.41002,316.61,222.11,87.68,320.68,26.4,84.97,38.62,902.86,3.63,967.29,1.2493
16.24497,69.00638,353.52,268.02,67.7,413.37,19.96,77.43,31.35,825.31,5.46,1709.49,1.6437
21.21516,74.76923,337.64,246.94,149.59,340.1,30.65,74.77,61.37,997.19,1.93,110.75,1.257
11.06463,77.55562,583.99,449.18,122.29,569.82,13.89,76.38,19.25,834.97,1.49,1585.74,2.3434
19.37566,85.86549,585.93,463.82,137.28,546.93,32.31,66.3,19.55,975.99,1.8,331.84,2.1077
21.06373,76.02081,866.3,707.82,138.31,838.52,36.1,50.72,33.49,970.46,2.06,356.09,3.2152
27.21523,72.25586,723.41,579.25,177.27,747.59,24.93,53.66,23.92,907.29,3.46,1012.56,3.0471
27.11995,69.77774,494.57,267.96,189.59,538.02,12.23,85.98,44.24,849.01,2.95,1535.08,2.1334
17.88704,78.08658,491.02,369.28,151.01,597.9,30.32,58.31,29.16,990.83,2.75,201.87,2.335
19.80126,80.77253,878.65,613.43,247.26,1005.46,34.63,61.18,31.32,1002.83,3.51,69.68,3.8256
14.37451,79.66862,827.81,565.65,244.3,874.77,23.42,80.82,27.42,832.0,2.79,1678.68,3.3698
12.83205,68.84025,446.8,313.11,92.5,472.19,19.46,66.98,17.29,916.78,1.07,940.93,1.8752
10.51954,73.07142,264.51,237.66,57.58,265.56,20.91,61.17,31.65,844.34,2.9,1578.11,1.101
27.02859,75.55149,628.8,464.86,164.24,596.78,31.21,66.73,45.38,949.72,5.89,553.55,2.2635
9.8835,82.55913,198.07,156.92,61.91,192.03,25.37,69.1,29.63,940.73,0.58,607.31,0.6911
19.32107,86.61881,441.97,280.59,158.96,473.01,24.22,67.35,50.94,891.7,3.41,1153.35,1.7933
18.75053,74.96241,673.39,529.97,176.4,656.15,28.06,49.52,23.84,989.91,3.55,205.05,2.6731
16.0588,83.86432,257.56,195.91,50.57,266.06,19.98,78.59,19.26,927.76,3.53,770.54,1.1219
8.12506,69.23506,350.4,255.02,91.95,408.24,30.81,73.15,36.04,1011.45,3.3,25.46,1.5395
12.8077,79.36021,408.38,282.61,130.96,362.39,30.03,59.8,39.86,957.81,1.43,511.73,1.4566
16.95511,74.20172,317.53,197.09,122.74,318.97,26.24,63.66,34.65,877.66,2.42,1225.48,1.2032
15.92038,74.52951,400.67,304.77,62.73,373.41,16.55,76.49,17.21,867.88,0.82,1360.66,1.5171
9.97829,72.94912,807.98,543.16,189.09,857.39,25.18,69.55,28.43,988.94,2.82,201.46,3.3802
20.68259,80.05598,999.24,771.64,212.67,920.02,32.55,44.24,12.09,887.99,0.82,1159.76,3.651
19.84726,84.03252,523.57,385.22,108.96,499.51,26.72,64.37,16.82,1002.33,1.56,71.33,1.97
9.54712,80.11874,498.06,457.82,109.85,571.65,16.54,53.43,23.92,833.74,1.95,1727.26,2.3802
13.18373,80.52185,303.83,202.33,84.75,311.28,31.71,64.53,34.51,867.85,3.99,1264.3,1.1865
12.10502,71.43388,614.17,551.98,71.37,619.88,23.85,59.62,13.0,832.07,4.14,1645.13,2.5034
14.83295,72.77393,941.05,726.9,214.0,840.89,18.81,77.9,14.12,834.53,1.88,1660.77,3.322
24.16544,71.1963,612.37,392.11,243.49,552.47,30.02,60.27,38.01,906.97,0.58,922.9,2.1358
9.63227,71.96702,351.19,193.36,74.61,381.44,31.4,58.64,6.67,969.01,0.46,388.77,1.4939
22.50379,83.12576,321.28,236.43,98.56,366.67,30.33,58.24,28.83,982.63,4.34,256.14,1.4405
12.53847,71.71157,1017.77,942.78,81.42,969.91,19.58,52.46,7.67,855.7,2.59,1396.56,4.0375
27.61071,74.75232,496.73,252.08,156.27,466.62,29.17,75.24,42.34,925.57,0.96,754.58,1.7522
16.38496,72.27192,410.12,289.59,100.83,420.15,25.86,64.62,31.71,988.35,5.37,239.13,1.6485
16.27349,87.77646,690.89,553.78,142.3,696.37,28.99,61.65,25.77,929.2,4.18,796.93,2.7541
27.52057,70.27872,290.32,245.18,47.32,271.54,25.14,56.47,35.24,974.92,3.09,288.66,1.0401
9.97526,77.01049,733.61,538.97,210.82,873.03,25.72,82.38,37.11,948.84,3.66,525.03,3.3157
24.1114,82.76037,459.06,466.44,99.49,487.68,20.02,67.43,20.96,911.98,2.28,917.15,1.9477
24.6605,81.05526,628.73,530.28,109.07,605.38,24.16,70.35,4.77,849.64,1.39,1486.09,2.4406
18.75524,73.65219,462.41,339.43,96.91,458.94,22.68,60.19,16.74,885.74,2.96,1192.42,1.9155
12.19244,81.17849,506.36,355.41,189.87,570.38,21.9,55.57,52.06,930.94,2.32,743.32,2.2974
11.8491,83.7136,487.07,315.08,145.54,522.08,16.47,64.45,31.77,857.07,2.79,1436.15,2.2078
18.3303,68.15236,769.56,677.48,98.49,868.36,20.28,77.37,10.29,836.53,3.42,1611.14,3.464
27.27442,81.12958,558.6,444.74,167.05,568.17,25.36,70.59,29.65,929.07,1.38,688.02,2.2245
25.98766,87.07381,611.89,442.62,148.6,642.1,23.32,68.16,36.18,851.71,4.36,1480.59,2.5854
8.63406,76.90446,586.76,483.96,100.42,517.72,20.38,65.62,17.88,918.36,4.38,775.45,2.0748
17.04399,81.15416,574.81,457.91,116.92,517.56,16.46,66.06,25.14,834.87,4.17,1617.5,2.102
20.53445,82.17777,429.84,376.38,98.51,437.13,16.04,72.94,4.56,820.0,1.54,1793.97,1.8271
15.65346,87.08156,611.44,533.04,113.55,619.6,24.49,53.49,11.45,876.65,4.53,1256.93,2.5113
10.76602,82.79561,545.93,497.78,52.55,551.38,26.38,50.79,12.91,984.7,1.59,229.64,2.2381
17.40697,84.21765,658.28,466.3,225.66,795.09,28.23,77.91,39.55,971.81,1.91,353.14,3.0217
10.57591,78.79567,765.15,687.34,119.21,736.49,22.45,79.02,9.28,998.93,3.08,109.9,2.8807
23.59946,85.70655,680.84,577.96,112.87,732.53,30.58,60.08,13.7,918.86,3.97,794.66,2.922
12.30191,78.78903,499.03,384.22,63.33,549.36,24.63,66.6,7.81,975.18,2.21,338.2,2.1475
23.36907,85.8776,669.82,459.93,185.09,765.38,32.96,52.7,35.2,954.04,2.8,505.58,2.9856
10.21025,74.44296,583.94,505.39,106.56,633.9,18.35,65.91,25.62,912.46,4.44,899.6,2.5945
27.65737,79.05371,753.82,461.56,270.11,705.48,16.56,78.6,48.63,839.52,2.9,1575.98,2.799
19.38764,75.4134,331.61,207.66,112.22,309.55,25.92,72.52,43.95,850.37,1.42,1467.94,1.1286
13.57076,73.30312,402.73,230.13,152.73,389.0,21.89,61.09,46.77,868.68,1.04,1301.96,1.5856
17.2052,79.18892,639.89,528.63,147.65,677.76,36.42,53.01,10.4,997.28,1.09,137.44,2.6221
22.15575,81.19725,436.33,395.12,79.28,453.78,24.32,61.06,28.54,921.74,3.3,758.8,1.8558
15.40264,70.80239,285.49,251.51,70.33,259.28,17.12,63.66,25.82,855.09,1.27,1461.15,1.0672
23.41371,68.65628,690.57,569.66,112.06,689.66,30.77,59.7,5.52,977.4,1.86,343.18,2.6933
13.484,72.60316,466.8,423.12,57.46,498.63,20.07,73.5,5.32,859.38,3.58,1441.17,2.0261
23.10354,84.21427,541.4,331.27,190.5,544.71,21.62,84.21,45.29,859.08,2.53,1382.9,2.1223
8.04073,69.79504,460.91,307.35,133.31,532.33,22.34,59.85,23.93,939.02,0.52,670.54,2.1413
21.48941,76.81672,348.98,279.7,70.16,377.85,29.82,64.22,19.82,1011.18,2.93,36.83,1.5303
27.81387,81.32488,644.54,526.16,127.32,649.03,24.76,68.13,16.3,853.67,3.38,1464.6,2.5325
18.713,81.40335,523.17,446.42,96.65,502.61,26.34,59.44,29.96,954.01,2.33,519.97,2.045
21.09548,86.24286,526.07,405.71,117.87,513.27,24.87,88.96,37.46,820.0,1.65,1774.49,1.8981
12.60571,82.06195,271.49,190.48,101.63,297.46,21.36,74.91,55.15,938.39,3.22,634.24,1.1477
15.63597,68.49157,638.29,559.17,134.86,670.94,27.25,49.81,26.73,925.85,1.65,720.35,2.6495
8.85706,69.01988,427.76,306.91,91.16,464.88,35.38,52.55,15.26,952.11,2.07,577.61,1.8078
23.82123,72.77003,163.68,113.17,44.36,167.63,24.2,75.54,46.12,906.06,1.85,950.16,0.6389
9.23702,85.44871,655.86,429.53,181.11,651.49,29.58,67.65,36.21,1005.79,3.54,66.5,2.5409
12.61904,77.50031,569.59,521.13,77.58,619.16,16.69,60.4,13.21,837.35,3.56,1558.88,2.5623
22.48873,84.98649,747.71,542.45,191.59,770.48,21.86,70.82,29.03,866.66,2.99,1338.58,3.119
13.42255,74.65228,618.2,404.94,181.72,538.28,11.14,78.47,45.34,931.34,1.83,740.79,2.23
11.58195,71.3277,909.33,662.47,274.62,876.41,14.92,80.45,31.99,851.86,3.18,1493.23,3.4738
21.62613,77.59905,511.56,363.25,98.07,504.2,22.15,64.28,4.97,895.99,2.86,1044.15,2.0009
23.97943,76.46607,332.13,273.78,45.39,300.18,21.06,66.15,25.79,835.2,3.01,1587.02,1.1931
17.73021,79.26498,452.88,403.27,129.22,499.29,26.56,65.26,17.05,978.49,1.33,329.85,1.9532
13.29551,76.23975,482.61,213.44,192.5,486.58,27.81,75.51,29.4,853.58,3.03,1414.02,1.8853
20.14517,87.57345,95.16,48.86,12.13,102.08,24.52,59.59,22.08,926.73,4.71,762.07,0.3963
23.29417,69.88548,327.46,287.87,64.95,347.79,25.45,66.3,20.12,935.89,2.0,716.72,1.3475
17.5664,78.48273,581.5,400.99,158.21,642.78,22.24,77.64,50.57,849.79,2.1,1522.76,2.4694
19.26603,82.28395,249.75,183.04,58.35,275.14,25.86,72.19,24.02,896.53,3.42,1040.8,1.0184
22.41076,85.19866,616.83,449.41,177.17,505.22,22.21,75.44,43.31,886.69,5.39,1146.9,1.9659
8.00969,79.45778,451.0,425.06,62.09,488.95,21.98,55.41,6.68,844.03,3.08,1552.51,2.02
11.93593,85.60135,508.41,364.04,138.75,563.76,28.59,58.2,38.66,997.94,4.15,112.44,2.2341
12.38743,69.4414,278.53,186.05,83.03,304.07,26.14,76.89,35.31,927.82,3.72,737.96,1.1696
15.95198,87.06258,305.07,339.66,47.84,296.21,27.8,76.62,12.49,991.45,2.17,207.54,1.1716
20.47339,82.12807,875.78,735.54,140.13,958.83,20.43,82.28,21.21,940.78,1.59,615.95,3.7951
14.82808,81.81111,417.57,287.49,119.43,389.63,27.89,61.65,33.85,879.54,2.36,1232.74,1.5519
27.19258,83.14542,556.28,375.35,148.34,588.3,23.15,71.95,41.22,911.25,5.17,887.73,2.3066
21.61423,77.34156,636.69,492.02,106.69,596.65,33.32,71.62,12.55,970.0,3.79,397.31,2.2867
13.29991,82.59342,489.47,368.23,107.43,557.52,23.8,75.33,31.65,884.99,1.32,1248.91,2.1624
19.33909,72.7708,934.36,783.33,143.26,869.28,22.79,75.57,12.58,841.23,2.1,1555.03,3.4554
22.19604,80.93643,628.69,438.7,210.05,652.41,16.1,75.35,33.22,823.55,5.08,1742.45,2.6448
17.55961,82.55123,528.22,453.35,99.54,508.0,19.3,66.17,8.01,824.17,3.49,1710.89,2.0544
11.85261,78.07403,235.85,178.41,35.59,233.54,32.57,67.08,19.11,1009.37,3.06,27.12,0.9369
24.7843,79.39688,654.07,311.32,335.53,715.81,14.85,65.06,65.96,829.01,3.75,1659.78,2.9452
25.63718,76.46314,625.06,408.34,207.23,579.04,28.81,65.51,30.97,913.13,1.17,878.9,2.251
15.07708,70.49298,790.69,559.21,201.69,838.89,21.22,59.05,34.23,838.33,1.6,1630.25,3.4105
20.4231,69.62828,467.53,388.62,151.32,488.97,18.7,67.12,42.41,984.11,3.72,265.15,2.0043
11.8355,79.30045,530.12,341.16,180.48,500.72,25.02,68.36,53.75,867.68,3.14,1272.73,1.9337
21.49212,87.64111,906.76,549.87,261.4,833.72,15.8,75.93,33.04,880.84,3.55,1192.87,3.2838
23.36903,72.91947,260.43,128.06,78.83,237.39,18.64,63.27,35.25,851.65,2.19,1396.89,0.9624
27.94768,78.3305,547.49,489.18,94.91,590.5,27.21,56.3,23.53,914.38,1.45,805.15,2.428
17.74801,86.84649,408.84,289.4,99.49,405.56,30.32,67.13,36.24,966.29,2.06,335.61,1.4951
24.49768,84.76764,420.75,377.91,99.78,437.47,20.23,69.46,21.49,865.04,2.95,1328.85,1.7822
10.14243,87.29608,653.46,472.57,116.36,715.69,30.59,60.19,5.37,951.52,2.86,552.64,2.8586
14.08402,77.93345,393.65,358.92,46.86,371.66,18.74,72.27,15.98,861.64,1.97,1386.85,1.4463
18.87515,70.4123,518.44,349.61,135.05,509.76,19.76,66.95,40.52,923.43,1.15,833.46,1.9801
20.08688,86.42912,517.03,273.83,241.59,609.32,25.34,62.36,67.4,890.8,1.31,1084.55,2.3988
23.60689,79.36096,739.37,551.41,208.04,714.24,21.05,53.79,23.12,868.34,2.48,1258.47,2.9021
22.13717,70.48177,383.22,345.16,45.65,462.66,21.98,72.65,3.56,865.71,3.2,1305.56,1.8266
19.53319,70.41626,420.61,222.56,182.37,417.77,24.54,50.12,59.59,879.19,1.1,1215.42,1.6865
26.22767,70.25348,261.77,133.89,117.19,253.1,26.97,53.54,76.87,984.2,1.01,216.16,0.9999
25.43227,73.33001,180.37,112.58,61.7,187.25,42.75,54.13,48.0,991.39,4.44,109.88,0.6463
18.61862,83.17595,102.42,104.17,17.66,107.37,33.16,71.46,18.12,908.59,1.72,885.77,0.4172
26.91321,78.1541,439.25,272.68,116.47,401.92,14.8,69.74,18.98,838.66,0.63,1666.96,1.6866
13.91218,76.23762,726.69,502.92,198.25,825.62,19.01,81.24,38.67,827.93,2.0,1716.52,3.243
16.68565,83.41204,894.71,558.39,376.32,1003.33,17.94,48.88,36.97,968.04,1.26,390.98,4.2173
13.80828,82.26954,720.33,589.37,132.37,667.8,21.45,67.83,21.55,830.52,5.4,1744.74,2.601
11.85565,86.74872,497.62,380.4,127.95,509.4,31.24,61.08,21.83,980.82,2.95,309.79,2.0161
23.76037,73.91729,700.11,638.67,57.31,773.82,26.21,73.56,8.89,991.54,4.1,208.43,3.0362
18.89002,72.81048,448.62,384.44,57.39,474.19,20.8,71.45,14.83,927.95,1.84,713.34,1.8869
22.70069,74.72878,690.81,494.41,183.29,739.82,33.09,68.14,19.51,968.33,4.44,359.41,2.8526
17.64963,84.14571,825.39,505.69,279.95,900.63,25.74,58.76,53.48,857.19,1.6,1425.75,3.5842
21.61397,70.2056,262.55,166.45,62.98,267.55,29.47,52.3,21.65,955.17,1.94,519.0,1.0148
18.36916,73.72578,233.12,210.14,39.51,276.03,21.94,56.65,9.0,849.31,2.22,1516.52,1.099
20.36086,68.1102,768.56,595.31,141.81,725.01,23.57,72.27,24.91,946.9,1.37,602.55,2.8791
26.90342,86.75486,557.01,440.52,153.6,487.24,21.46,73.83,42.16,853.16,3.71,1461.51,1.9501
18.13035,83.26074,445.82,328.19,141.81,402.57,24.16,80.32,32.42,878.36,0.66,1203.82,1.5448
22.01698,82.8729,326.31,263.07,103.1,313.13,18.48,71.73,31.89,921.39,1.79,766.25,1.3054
26.71816,71.5737,229.91,144.34,64.94,261.19,22.97,56.0,45.21,908.57,2.44,909.74,1.021
20.62293,73.99841,524.99,370.38,152.46,594.52,15.59,57.87,36.17,870.8,1.95,1333.02,2.5026
24.31045,77.65619,447.66,412.41,37.47,438.97,25.43,57.93,5.36,908.66,2.25,902.03,1.7131
9.50169,81.85214,94.34,144.47,32.58,91.2,21.31,64.79,34.91,913.06,1.81,913.91,0.3656
19.33627,77.18148,546.07,320.17,205.22,527.41,23.04,78.16,60.7,827.17,4.31,1667.06,1.9733
12.63795,75.32654,332.14,217.74,126.93,284.55,18.25,78.37,48.92,936.12,4.67,641.9,1.1287
25.87742,85.73593,343.19,316.34,70.98,300.43,21.21,63.13,32.28,891.71,0.66,1059.06,1.2101
22.57787,71.06917,933.73,806.78,180.96,922.09,22.06,49.68,9.93,855.47,1.3,1453.84,3.8451
21.72107,74.72885,693.25,536.51,168.64,635.68,20.38,71.15,16.77,852.38,0.84,1435.22,2.5568
23.65412,75.87792,649.06,418.32,289.78,656.88,13.24,62.76,62.37,853.84,2.23,1416.23,2.6497
25.35284,85.32379,389.51,324.5,102.23,377.36,18.3,67.82,29.21,858.51,3.11,1416.98,1.5471
14.80754,87.53651,665.67,495.22,123.51,737.04,22.41,71.94,25.18,936.04,5.14,652.93,2.8925
14.05024,78.62169,655.21,456.32,204.46,588.71,24.8,68.22,32.01,874.6,2.15,1209.08,2.3119
24.43225,71.54199,341.39,262.74,127.77,329.4,21.45,72.09,49.21,836.94,1.53,1607.39,1.3554
27.91145,85.54417,175.91,83.55,47.02,171.76,28.5,68.01,32.4,1004.52,2.88,79.46,0.6591
11.69577,72.11537,512.35,348.84,163.94,551.98,13.81,66.21,20.1,842.27,7.27,1577.89,2.3453
25.47233,68.99092,621.31,419.92,234.68,673.23,23.96,66.78,43.1,986.95,1.2,227.18,2.6378
16.70447,76.67007,705.5,533.03,165.97,722.35,18.07,69.75,26.66,887.12,4.51,1170.16,2.8856
21.88846,83.97579,400.85,349.01,122.57,412.16,26.26,65.16,34.52,848.63,3.41,1448.86,1.599
15.13173,76.10351,505.34,365.27,138.54,579.42,24.04,69.95,36.6,975.58,4.85,378.82,2.2298
8.18917,80.45921,677.19,480.31,207.95,631.06,28.47,68.9,39.43,966.58,0.52,436.03,2.4376
10.46206,77.55792,592.23,559.84,49.43,564.42,21.39,68.45,5.05,895.9,4.16,1029.68,2.3178
22.17063,70.99844,573.76,451.9,53.06,561.41,23.2,74.57,10.03,892.48,4.69,1055.6,2.2073
9.44013,86.32154,701.3,585.32,163.25,759.56,21.43,75.22,31.6,924.97,1.73,741.09,3.0239
11.37051,77.61223,46.92,56.55,8.58,50.93,22.23,74.1,15.38,864.88,2.92,1338.08,0.2048
22.22063,73.66068,571.97,384.83,159.81,482.35,26.47,66.73,24.42,902.34,2.83,1016.71,1.936
21.68347,72.78294,529.97,299.01,208.54,552.41,23.79,57.47,44.33,856.72,4.36,1443.45,2.233
11.49058,71.09681,52.12,84.39,9.54,55.9,34.81,60.08,15.57,924.51,1.46,752.41,0.1594
12.18304,87.4339,121.92,99.91,41.74,116.75,25.12,71.64,29.02,955.24,0.52,497.9,0.4631
15.71704,84.12702,497.27,243.36,212.86,574.99,24.61,73.14,60.35,988.96,1.09,191.08,2.1694
16.06482,68.39855,548.44,341.37,143.81,605.48,29.04,69.9,32.12,969.65,4.97,381.29,2.3807
23.01533,68.82189,351.48,223.52,152.1,376.62,34.44,63.71,58.02,942.77,1.25,644.31,1.4462
16.34942,76.45548,628.25,529.23,126.84,641.85,31.62,59.83,13.28,913.16,3.0,911.89,2.5105
10.69657,73.81111,352.32,240.43,116.61,401.04,22.93,63.61,41.48,973.96,2.07,390.38,1.5965
24.98045,72.29483,406.89,285.81,61.57,411.69,21.26,75.27,8.73,913.56,5.17,919.99,1.6696
17.95712,79.51181,459.69,298.16,155.51,426.63,27.67,60.45,46.01,929.29,1.35,738.74,1.6625
10.93388,85.25812,322.62,267.26,88.15,314.74,18.59,70.56,30.02,937.89,1.09,675.49,1.2945
8.49114,71.73427,176.64,61.88,50.04,183.38,24.92,60.08,21.2,926.82,4.82,769.83,0.7215
17.64417,74.53429,203.55,151.31,48.16,200.66,13.21,71.64,30.43,854.74,1.75,1440.84,0.8178
20.49331,77.70778,303.06,208.45,62.69,301.99,22.8,77.88,39.78,1003.6,1.56,149.92,1.141
25.6593,80.71698,790.47,591.61,221.32,789.03,22.86,67.68,34.89,881.95,3.84,1135.32,3.1256
26.15127,68.47682,720.39,434.89,308.39,846.99,13.29,87.78,56.01,877.06,0.64,1281.38,3.2738
26.62779,73.52848,483.39,296.0,194.57,505.5,22.45,70.52,67.42,857.09,2.47,1410.63,1.9571
8.41187,69.7665,595.55,402.67,189.17,564.22,20.46,94.17,44.26,820.68,4.45,1777.31,2.1322
20.88124,87.73037,482.86,429.41,84.29,477.77,25.52,64.9,16.06,906.34,3.51,905.84,1.8542
22.18396,80.76715,696.86,522.54,196.23,697.77,18.62,60.22,21.97,871.04,2.43,1305.19,2.862
20.69287,87.84929,631.29,458.44,155.69,670.89,33.81,51.73,31.03,994.12,0.59,132.98,2.6895
11.08963,84.74752,477.2,359.11,125.77,509.17,22.23,63.98,38.56,822.26,2.98,1744.84,2.0372
12.81356,79.27428,388.95,322.71,31.39,430.45,27.71,66.83,17.93,883.11,1.95,1181.96,1.6446
19.07917,76.28884,554.23,384.75,142.52,593.94,35.35,46.67,31.74,976.32,1.78,305.53,2.2686
27.09139,79.28924,492.62,368.47,51.3,518.43,31.92,70.14,4.4,998.96,2.46,150.64,1.9617
8.2374,78.96322,369.03,337.4,69.61,344.19,35.28,44.03,4.27,973.79,3.61,348.28,1.3657
12.36569,79.55475,374.29,263.06,75.1,356.56,22.77,77.46,32.15,905.4,2.24,958.36,1.3868
25.29396,80.62901,726.95,588.65,157.72,747.56,30.86,75.24,0.79,970.25,3.91,357.66,2.8846
23.62371,81.27024,715.53,556.15,143.21,873.78,25.18,61.34,6.0,831.9,0.59,1711.34,3.5589
14.48655,77.04515,756.31,548.07,186.24,702.24,25.05,56.8,28.65,982.22,1.17,225.34,2.9184
15.53265,81.02974,697.1,479.48,187.45,766.2,25.97,50.79,22.7,849.08,3.91,1476.43,3.102
10.92089,76.4445,447.34,458.5,35.79,486.09,23.17,77.91,5.36,843.06,2.58,1510.29,1.9144
13.11652,73.69947,755.61,594.31,145.6,840.75,22.39,48.65,11.76,957.56,3.28,495.5,3.4553
14.4718,83.28378,850.82,693.41,153.44,793.17,22.81,68.64,11.69,830.38,3.47,1707.48,3.1199
22.12393,72.2115,494.86,494.15,51.76,443.66,28.75,62.63,19.0,939.37,3.4,624.37,1.7203
22.37459,70.04055,274.82,177.9,77.16,337.72,25.95,56.94,42.17,854.03,3.04,1404.61,1.3493
22.19056,69.29838,753.37,566.75,198.69,821.87,18.62,65.69,25.37,851.16,3.83,1447.09,3.3278
22.38084,80.77365,595.08,498.04,96.36,573.3,12.59,70.61,15.4,829.06,2.05,1648.59,2.3422
17.94998,86.68163,187.84,124.51,39.79,160.75,19.05,63.31,19.56,927.64,2.87,728.97,0.6372
20.59165,85.8788,693.83,543.16,167.14,687.54,25.2,69.63,13.43,921.49,1.95,792.99,2.6872
20.81616,84.6315,483.41,425.99,83.45,447.09,22.36,74.05,10.45,900.15,0.86,944.08,1.7692
16.53812,70.18476,523.45,363.99,157.77,494.91,31.83,65.56,31.73,895.39,1.83,1020.16,1.9306
13.92296,84.13675,871.85,648.23,193.1,955.32,28.82,67.65,15.7,934.96,0.93,741.11,3.7008
22.0193,81.71479,884.33,779.0,70.75,1100.0,21.57,74.39,15.86,824.94,3.77,1723.45,4.4055
25.56929,68.03586,626.57,372.13,252.72,724.55,27.01,53.1,69.44,852.05,1.29,1431.5,2.8516
26.56576,79.91137,438.29,387.61,94.66,497.82,23.09,59.47,38.6,854.68,1.26,1418.19,2.036
26.28449,83.73861,562.03,384.05,115.96,616.64,35.3,51.39,22.0,977.37,1.83,320.33,2.4132
18.43805,84.59209,262.0,248.89,36.54,269.09,30.92,55.81,14.0,933.77,2.07,673.63,1.0682
17.72386,73.63874,478.99,332.01,80.04,465.49,24.03,66.73,26.34,892.88,4.67,1106.64,1.9005
9.23573,73.69829,287.68,229.42,59.79,264.77,13.51,76.04,19.31,848.63,2.5,1531.5,1.0781
17.35546,71.09424,407.19,277.28,82.61,430.72,19.3,53.4,7.84,850.97,0.59,1492.5,1.7582
11.6325,78.41417,543.56,361.86,138.21,564.4,29.49,62.69,37.04,978.42,0.88,328.21,2.1585
18.27801,72.4292,138.92,105.48,49.56,138.09,26.86,66.95,45.74,1004.52,1.45,55.82,0.4792
19.20606,71.56407,325.53,254.07,124.9,329.2,26.62,80.34,53.75,981.82,1.66,272.3,1.2363
15.51925,84.74604,539.56,330.36,170.94,480.48,25.27,65.27,38.75,907.56,2.94,971.29,1.942
12.7333,76.20797,795.81,630.97,173.05,815.92,18.23,91.08,53.67,838.0,3.39,1625.86,3.2276
19.29685,81.88094,480.0,399.07,83.26,481.69,29.99,69.79,11.74,992.14,3.77,194.78,1.9211
13.0278,73.31718,665.07,522.75,122.36,645.91,21.32,69.21,14.66,891.14,2.93,1125.9,2.581
19.02095,68.40018,843.14,709.54,151.51,872.54,27.34,55.19,23.11,992.41,5.4,188.08,3.4866
12.83824,73.43349,590.46,527.5,47.24,589.55,30.95,61.78,1.86,877.75,0.57,1256.2,2.3606
17.91629,84.05346,560.4,453.49,107.99,557.73,28.46,72.93,10.66,962.6,0.95,455.02,2.1367
20.46282,72.8461,649.66,515.21,151.76,609.39,28.37,75.46,26.87,881.9,3.26,1162.94,2.3489
27.70761,72.43715,317.41,201.87,109.02,283.81,22.56,77.7,52.05,892.55,2.16,1127.52,1.1594
21.79282,74.41692,746.41,544.1,147.36,757.54,29.76,65.5,19.15,998.51,2.05,73.65,2.901
10.91956,83.3936,730.15,602.59,123.41,678.07,30.17,42.99,13.64,910.63,1.08,883.9,2.7203
17.31693,78.89492,632.96,380.89,187.73,673.0,31.79,68.03,46.25,909.49,5.48,865.54,2.5593
13.05154,84.48923,386.14,335.76,48.53,347.88,19.72,81.63,8.6,820.0,1.63,1783.84,1.3852
15.89941,78.63615,756.67,625.27,157.57,743.09,26.79,60.79,20.85,1002.07,2.51,112.95,2.96
11.91438,74.58341,249.02,172.63,58.12,273.28,16.18,85.94,27.04,903.95,1.57,954.2,1.0214
13.93088,80.32891,737.34,506.06,178.7,663.66,26.85,82.23,28.78,976.14,1.87,333.53,2.5707
12.33355,86.81767,512.57,376.18,92.25,542.51,30.28,68.08,10.84,1008.22,5.59,53.35,2.0741
8.90901,76.47732,115.37,75.51,31.78,127.28,21.73,87.76,40.32,900.77,1.6,1012.5,0.483
14.00156,75.70917,445.63,208.55,195.84,429.3,27.1,62.8,70.72,888.55,5.49,1123.49,1.6064
19.25657,79.37825,792.22,705.87,85.34,797.23,19.41,59.09,2.86,826.22,1.23,1776.2,3.338
11.42306,69.35162,490.03,431.84,142.95,526.33,20.19,81.59,33.41,842.53,3.03,1602.77,2.0069
25.20463,83.56177,986.72,770.23,252.14,1093.26,29.49,72.31,8.25,951.5,2.1,529.73,4.1658
26.86678,85.82876,178.47,140.06,47.86,200.01,28.57,70.58,40.53,882.62,3.05,1171.43,0.79
14.59943,87.69549,599.47,454.31,147.44,688.47,11.2,83.03,29.25,829.17,3.89,1703.7,2.7676
26.44292,85.1336,790.12,576.78,196.18,615.63,23.74,62.3,31.96,830.17,1.96,1632.07,2.472
13.38801,70.61371,493.52,413.92,67.64,484.94,21.78,67.97,0.7,888.89,1.88,1088.2,1.9353
8.20668,72.3925,784.7,555.77,270.57,761.05,31.91,67.26,39.37,1004.08,2.97,86.77,2.9223
18.25351,76.90088,548.86,353.26,236.25,520.96,25.25,69.81,53.08,854.31,4.55,1413.4,1.9985
10.66136,69.1282,409.65,259.66,102.2,344.0,25.97,62.74,23.42,969.5,2.53,345.05,1.3936
17.82323,70.25675,468.06,355.8,81.75,497.5,23.73,65.55,12.7,821.93,1.89,1718.69,2.0095
24.69564,87.80354,462.47,342.41,110.82,463.65,28.6,56.43,16.75,952.27,1.43,476.39,1.921
26.0699,79.47093,778.25,610.94,140.5,785.54,36.4,52.96,10.26,857.16,1.38,1395.19,3.0566
9.11257,73.8611,374.08,270.27,101.0,356.09,39.63,65.98,42.5,1002.62,3.65,79.34,1.3721
20.51611,75.14599,681.03,566.36,111.68,731.6,10.17,68.12,16.85,838.72,1.79,1563.74,3.1446
15.98178,75.37021,638.8,416.86,175.33,611.66,25.02,84.34,26.32,991.63,2.8,177.95,2.312
24.40186,85.28723,376.67,303.86,96.43,329.29,27.75,61.53,39.19,972.16,2.09,288.48,1.3587
13.29423,72.70789,705.51,596.04,166.21,671.07,21.57,64.79,5.71,913.44,2.12,926.98,2.7235
25.02646,80.02131,649.93,469.34,154.4,680.31,18.83,81.53,33.86,843.51,1.51,1583.52,2.6652
13.65065,86.56138,659.59,471.74,133.63,692.76,23.37,81.77,26.93,923.09,4.1,850.79,2.6927
13.18244,76.79661,487.09,402.19,92.76,474.53,33.72,75.48,34.62,969.16,1.48,330.75,1.7721
14.38243,87.76203,265.82,169.29,93.99,243.06,25.87,83.12,46.2,986.95,3.74,254.59,0.9763
22.29432,82.16878,716.82,564.99,197.91,705.96,27.95,76.92,33.29,938.63,3.89,649.14,2.735
25.68298,81.25748,494.29,346.0,156.99,592.27,24.93,70.06,34.54,908.34,2.48,972.93,2.3238
24.37616,81.51192,231.66,178.68,56.31,206.39,20.0,81.17,13.45,820.0,4.19,1796.57,0.8373
12.96433,85.25969,698.3,605.53,118.47,715.22,26.77,60.09,11.84,927.84,1.67,801.91,2.8243
21.4006,72.90519,628.31,307.81,278.66,622.7,29.95,60.18,72.31,921.68,3.03,808.07,2.3894
17.21806,79.10608,497.89,350.49,129.04,440.51,20.9,64.09,17.26,851.41,2.01,1489.05,1.8122
9.82409,80.10854,741.51,584.31,157.24,672.02,18.29,68.5,17.46,863.91,2.9,1279.61,2.7407
23.56851,73.46541,546.48,414.54,175.82,573.19,19.26,55.7,45.07,880.2,3.22,1226.45,2.3504
19.52232,74.03217,724.39,512.86,196.05,795.35,21.55,69.71,18.23,933.94,2.19,697.03,3.1774
12.42197,82.46735,502.49,423.54,101.9,527.64,25.32,47.34,17.39,962.67,3.35,385.51,2.2018
22.26295,85.09079,570.93,350.04,178.7,576.02,35.41,45.99,43.99,954.58,4.2,486.6,2.2151
25.77015,76.96896,270.14,158.51,78.39,277.68,31.62,56.95,22.79,934.92,3.38,655.35,1.0683
16.14063,76.878,1007.78,762.69,216.83,1030.63,17.79,71.2,3.96,820.0,3.51,1790.32,4.1654
10.26887,84.1774,582.48,460.75,109.94,662.0,20.3,65.19,13.22,852.09,0.96,1522.19,2.7269
23.71271,82.48547,636.15,470.78,197.81,664.75,20.53,81.44,58.01,856.8,2.25,1366.52,2.5918
25.77081,75.82011,745.73,514.56,207.74,802.01,30.09,44.78,44.94,980.0,0.99,263.82,3.2006
27.20633,76.969,287.05,240.18,61.99,267.83,29.44,63.55,5.51,956.48,5.38,482.37,1.0462
8.29418,72.76266,569.08,307.99,254.06,511.46,26.05,45.1,71.64,984.59,0.92,266.09,2.0579
14.55775,74.77393,271.51,239.42,57.25,288.67,28.86,81.38,30.95,951.06,1.62,589.71,1.1156
24.39732,82.53996,162.07,128.54,41.41,175.76,22.9,66.37,32.09,956.25,4.61,512.72,0.6923
11.69712,78.1491,890.5,787.96,99.73,961.12,21.94,67.31,6.01,862.07,1.13,1327.85,3.9037
23.16881,82.41501,970.51,760.91,201.61,922.44,21.23,77.61,18.93,926.16,1.11,778.09,3.6566
21.19237,75.31319,579.25,494.23,83.67,550.09,15.56,62.64,3.45,920.6,0.83,843.41,2.3432
8.24593,75.33783,430.34,291.85,65.49,456.87,23.76,60.42,1.57,895.06,4.36,1046.55,1.9202
21.68171,81.30336,650.15,540.01,62.11,706.28,30.19,53.18,12.32,955.05,2.97,504.11,2.7914
8.89487,69.96405,852.95,702.39,147.25,904.23,26.94,78.58,10.3,895.04,1.41,1062.01,3.479
24.20832,73.74129,454.33,339.83,113.67,463.91,20.19,67.85,33.59,964.86,3.55,392.96,1.8736
26.35342,68.48509,138.78,77.53,27.53,144.89,19.43,73.35,7.41,833.86,1.76,1657.91,0.6158
17.7102,76.10689,749.05,627.75,148.31,737.64,18.94,81.57,20.97,869.19,3.86,1332.88,2.8782
26.17699,69.52423,207.82,136.06,48.63,198.54,25.56,72.92,28.14,830.27,1.05,1756.44,0.6581
14.42398,75.61293,598.33,370.78,234.67,577.61,20.05,68.68,34.26,974.26,2.38,302.59,2.3126
21.30023,77.76941,821.74,655.11,203.6,838.76,27.46,69.93,26.94,849.11,3.13,1448.6,3.2638
12.45766,85.84018,88.37,38.61,21.44,90.49,25.13,77.56,43.41,906.87,2.99,918.78,0.3873
20.46113,81.19963,774.8,537.61,219.18,669.13,19.7,75.1,25.5,902.13,1.63,1000.05,2.7098
18.43581,82.57478,783.08,638.34,95.41,893.68,19.83,66.71,10.48,992.57,3.66,162.73,3.6476
20.99746,85.59546,380.69,375.85,79.18,408.86,28.25,85.68,34.38,946.76,1.56,612.87,1.5288
18.51746,76.99958,928.92,700.97,200.8,824.03,19.03,90.61,21.55,979.88,1.59,260.6,3.1474
18.69833,77.88277,279.53,216.99,71.74,300.43,20.54,63.68,37.86,878.92,2.25,1162.95,1.1544
27.91835,78.7416,254.58,130.72,108.68,253.89,28.46,72.78,63.11,912.57,2.26,890.0,0.9734
13.75424,69.75148,695.68,468.99,244.47,651.31,25.26,68.81,60.86,852.27,1.95,1446.09,2.6113
27.7982,76.31065,732.02,668.25,103.78,851.87,27.09,61.37,17.21,900.75,4.1,990.03,3.4297
14.47182,84.84458,910.9,776.66,170.07,1029.98,26.72,79.42,17.88,912.3,2.67,866.99,3.9413
23.86141,69.39787,702.33,513.88,184.9,684.55,27.03,64.91,33.77,821.92,1.5,1771.56,2.629
17.73944,82.2399,373.3,302.06,96.14,403.45,25.86,76.9,44.14,943.85,1.59,685.27,1.5818
15.91946,68.77135,126.92,58.6,47.78,115.61,16.34,76.68,50.35,845.24,3.6,1570.27,0.4499
24.08514,78.97663,261.66,201.6,51.64,258.6,32.02,47.23,19.72,957.69,2.96,447.66,0.9994
10.17693,76.03772,583.4,394.91,144.44,535.75,24.52,74.15,13.97,903.21,0.98,992.48,2.0666
10.90354,83.19004,239.52,187.01,55.82,217.91,32.25,52.85,35.5,997.29,0.84,153.02,0.8574
25.98983,87.76035,292.49,229.42,53.44,308.79,28.11,78.02,29.52,936.9,1.51,688.57,1.1607
21.85897,71.93297,131.42,106.56,17.08,145.09,25.29,70.74,9.48,941.25,1.19,618.49,0.6043
21.80548,68.87357,556.02,496.15,119.54,596.29,26.38,67.24,23.29,949.35,0.22,619.73,2.3345
10.15289,69.03138,307.44,213.96,107.26,261.42,21.14,54.66,62.68,833.07,2.31,1643.68,1.0436
9.10687,71.07313,702.8,425.89,237.97,707.82,23.81,73.76,52.71,875.73,2.91,1131.49,2.7839
8.04515,68.01974,244.33,170.77,35.22,238.22,20.98,79.67,7.78,929.03,1.45,766.92,0.9514
14.51448,86.50973,373.02,242.01,107.11,370.2,29.43,62.93,39.78,991.12,2.65,205.42,1.3944
11.10983,72.9626,259.1,155.44,65.27,244.66,21.22,66.11,32.35,888.39,4.3,1138.81,1.0188
9.32446,68.79387,357.67,236.02,107.4,361.46,19.77,72.27,41.23,887.0,1.06,1134.69,1.371
15.95824,85.70966,414.71,298.32,103.93,366.14,27.7,66.64,26.63,894.84,5.4,1055.82,1.4363
12.17147,68.53673,398.45,255.18,146.1,394.54,34.85,75.43,54.56,856.66,0.79,1352.82,1.5074
13.07163,86.95617,449.56,360.37,88.19,493.47,22.15,68.8,24.62,869.29,2.59,1328.51,1.9115
22.6935,74.99637,476.05,377.32,88.71,494.2,35.39,56.3,10.42,991.66,4.19,150.7,1.9015
21.55789,76.30547,301.93,272.37,84.74,342.41,28.11,73.69,38.91,900.15,2.63,1015.47,1.369
15.61725,76.61639,455.39,282.28,115.69,413.08,32.72,53.18,23.84,913.33,1.27,787.19,1.6179
24.52109,69.3877,694.11,552.26,129.0,661.84,31.41,67.8,23.97,952.07,0.27,507.3,2.5161
10.84387,77.31393,649.24,489.15,139.1,668.25,27.2,62.6,13.43,1005.18,1.73,62.86,2.6649
9.96827,73.72879,313.05,338.64,25.04,343.55,30.2,59.09,1.98,886.57,1.53,1088.46,1.3201
20.55016,80.92846,690.41,598.1,151.95,710.98,18.42,71.14,8.1,831.13,1.13,1629.93,2.8511
13.21401,78.12319,156.61,64.73,47.43,173.21,23.85,71.37,46.95,881.29,3.32,1140.75,0.6867
16.54054,78.99769,566.19,438.0,93.48,517.15,18.43,74.03,15.27,902.48,5.34,947.92,2.0743
27.15346,80.64367,249.05,168.11,47.23,257.89,21.99,83.07,23.9,851.79,0.45,1496.35,0.9066
18.33173,77.93542,287.55,231.03,83.44,277.97,18.15,69.22,33.62,830.94,2.1,1705.71,1.1273
19.78421,83.81526,698.12,590.79,106.75,729.77,28.64,59.91,22.05,976.03,3.2,286.16,2.8556
11.43968,78.14359,695.54,576.34,151.8,672.09,21.23,66.66,3.75,852.4,3.42,1522.35,2.7299
18.88263,79.07345,196.63,127.59,45.75,185.14,34.04,59.88,24.72,1000.01,1.47,128.25,0.7322
8.49594,81.60777,349.68,218.93,85.6,386.96,35.08,62.14,38.1,1004.7,1.89,94.05,1.4201
20.44053,86.19099,616.68,422.36,153.58,717.36,33.13,66.2,19.58,981.81,3.69,250.75,2.7562
8.85534,86.94805,679.18,508.57,198.08,790.16,24.79,83.11,35.25,969.73,1.29,396.66,3.0646
13.87291,76.43961,329.06,258.87,103.52,327.21,22.92,73.15,40.02,896.6,2.96,1010.3,1.3342
25.51772,85.44836,925.79,675.85,319.12,875.22,28.34,70.71,26.79,997.5,3.24,112.18,3.4088
17.8482,87.50868,665.0,533.73,114.11,749.77,27.36,73.88,16.78,855.78,3.58,1413.55,2.8949
23.52908,83.82118,392.63,261.03,115.21,389.75,20.56,69.17,36.22,883.06,2.38,1144.86,1.6436
13.60245,75.50592,875.31,757.19,154.36,963.89,25.96,52.28,10.8,970.78,1.81,360.31,3.9033
26.20289,68.12897,709.83,652.4,56.79,708.68,12.77,76.0,8.19,835.89,1.42,1623.93,2.9876
8.86539,85.33889,185.33,203.02,60.22,221.68,32.57,55.81,53.43,1008.36,4.01,82.33,0.8741
10.34521,86.0378,443.69,345.55,145.32,481.41,23.64,72.81,44.42,886.22,2.59,1149.61,1.8922
23.62905,77.34633,434.94,323.44,135.83,466.25,31.58,63.69,48.76,993.14,1.26,178.01,1.7907
25.12911,87.4265,851.01,736.41,127.83,889.78,26.47,52.87,15.35,823.37,3.25,1699.69,3.5634
16.05921,81.15901,355.86,248.55,122.0,364.81,25.49,93.37,61.09,902.38,1.11,936.35,1.3672
24.38264,74.2939,667.29,655.23,70.84,727.58,35.07,60.56,7.3,901.0,2.74,1012.38,2.791
9.46635,69.00244,140.72,140.49,49.19,129.14,34.73,59.55,49.97,996.07,0.53,118.27,0.4184
8.47139,87.37024,735.29,577.37,170.79,727.58,25.34,73.05,32.64,866.72,2.76,1358.2,2.8547
22.90542,81.82592,488.53,416.81,127.87,502.79,19.12,52.23,23.36,1013.08,2.19,29.45,2.0951
24.24737,77.80298,155.85,112.0,23.76,144.97,31.51,81.85,33.72,980.67,1.94,306.63,0.5036
25.508,84.86154,858.15,620.23,290.32,924.41,27.86,73.66,26.1,911.62,1.54,824.44,3.6417
22.5235,82.63826,627.0,440.55,212.44,687.17,24.49,73.97,49.68,910.75,2.94,950.73,2.6466
12.62702,80.11055,232.25,134.93,67.41,216.27,32.14,61.62,28.51,933.56,1.51,742.52,0.8222
27.89584,76.91329,506.26,383.09,86.89,535.15,26.18,85.69,13.64,856.6,0.57,1419.14,2.0418
22.54347,79.70581,490.17,341.63,146.74,486.54,23.07,73.86,40.33,954.0,3.05,562.49,1.875
25.20387,82.81306,706.07,455.32,232.0,775.33,25.62,71.56,56.33,945.16,1.4,685.44,2.9999
17.73336,74.64625,413.32,343.43,77.44,395.46,28.05,56.56,21.32,844.66,1.05,1577.11,1.5612
12.68204,69.17394,605.77,440.63,159.87,660.98,20.45,80.01,25.53,962.68,1.78,422.42,2.6174
26.61739,74.43548,203.33,176.34,36.88,206.14,27.17,62.14,7.59,1007.9,1.43,47.06,0.834
16.91713,77.45095,323.43,295.83,57.56,336.47,28.79,55.25,13.49,927.51,3.16,739.8,1.2678
11.59318,86.73489,714.68,550.39,143.06,694.78,27.0,71.58,5.03,886.82,2.03,1109.74,2.7119
23.95777,83.11557,466.22,344.33,70.78,530.96,24.98,64.24,16.06,937.7,2.01,675.92,2.0901
13.68617,72.80231,777.74,646.42,149.92,801.73,30.14,52.61,12.46,919.5,0.67,805.97,3.1995
18.1035,78.88576,553.93,430.74,90.11,522.95,28.54,56.47,13.81,838.9,1.51,1556.23,2.0839
22.59182,84.4247,571.36,487.27,78.48,612.45,29.59,75.7,14.16,915.03,1.1,851.9,2.335
8.28463,73.00587,335.64,246.5,45.57,329.5,23.88,77.72,13.66,847.1,3.54,1514.37,1.3351
22.23025,80.89133,372.45,334.96,70.08,369.18,31.29,55.69,12.89,872.59,2.03,1221.29,1.4918
13.45069,82.2223,603.52,413.76,169.19,695.72,25.72,59.07,21.06,897.23,1.3,1057.79,2.8454
15.07884,77.61023,789.22,498.94,238.76,756.43,31.82,63.23,36.06,953.95,0.89,478.99,2.9037
12.22917,79.27411,552.85,340.66,145.11,590.38,26.53,73.48,20.48,925.67,1.64,749.74,2.2738
10.69333,85.42166,359.61,202.11,87.67,359.66,16.63,68.54,17.47,830.2,0.71,1642.47,1.4889
27.37514,76.66785,499.07,274.65,170.85,549.92,17.68,67.7,45.95,822.18,1.77,1772.21,2.2125
14.56668,75.58328,547.8,410.52,126.9,585.94,11.61,77.02,42.26,879.61,2.33,1231.57,2.411
25.65948,79.22394,845.04,629.04,240.32,851.91,24.28,52.32,16.6,989.06,2.08,220.08,3.5431
19.85797,85.50325,273.5,179.9,56.1,293.51,30.07,39.42,27.36,1015.48,2.87,53.74,1.1714
13.11691,83.59302,486.71,386.65,147.98,527.17,25.57,59.14,29.32,928.06,2.72,735.85,2.0838
22.84525,75.20147,465.01,308.02,171.48,498.08,14.68,84.89,32.97,937.04,1.07,662.29,1.9389
10.70682,80.73594,430.82,365.16,92.6,416.75,36.25,65.22,26.88,1011.4,1.31,13.04,1.551
23.18474,70.37088,595.08,472.92,119.73,598.85,31.83,59.74,12.79,937.12,5.15,630.5,2.3434
11.14188,76.41609,283.44,221.28,97.71,317.52,9.05,70.63,29.42,821.95,0.74,1774.42,1.3963
25.02752,77.91853,647.33,538.65,135.46,677.99,21.66,74.67,33.97,927.27,2.05,789.43,2.7324
21.34974,75.69211,201.81,136.19,90.04,225.32,21.84,61.25,60.92,923.79,4.89,730.34,0.9191
19.35577,68.14466,646.12,556.02,120.12,603.26,25.86,74.98,7.17,1001.3,1.42,101.94,2.4022
8.0952,80.04071,780.52,608.39,108.57,858.42,20.33,83.18,12.87,843.8,1.98,1513.14,3.3408
10.18477,83.60848,339.51,236.96,63.3,299.44,19.75,83.94,23.94,947.23,3.66,545.97,1.1893
27.27487,78.23082,877.02,627.4,241.53,838.37,26.54,75.79,41.18,916.73,0.94,865.28,3.2345
13.97926,68.38507,443.51,322.61,103.59,443.98,25.65,63.46,20.12,857.76,0.33,1357.79,1.7604
15.02965,86.54013,493.42,379.52,121.19,523.76,21.37,85.1,25.54,896.77,3.08,1051.99,2.0443
10.39409,79.62424,803.98,586.24,232.66,862.13,25.35,51.49,37.88,937.28,3.08,627.01,3.4859
22.96629,75.82749,512.51,362.25,180.07,552.77,19.21,73.03,53.1,965.54,3.66,386.73,2.1727
18.93692,68.62267,548.33,342.82,149.75,556.5,36.7,56.62,30.84,996.37,3.05,121.35,2.0926
22.77245,77.85129,641.72,390.03,225.58,572.14,22.82,78.6,30.98,922.34,0.52,801.71,2.2827
16.75916,83.07769,464.32,295.9,124.25,465.3,31.07,60.53,28.45,989.52,2.86,187.89,1.7799
27.92728,68.01376,467.81,323.58,168.97,453.33,31.11,51.72,53.09,1000.45,5.03,132.72,1.7613
26.45043,85.30301,313.48,202.6,79.77,362.0,22.46,82.68,15.17,915.9,0.54,890.0,1.3797
22.92378,84.58544,57.64,28.3,11.64,66.8,22.4,59.81,30.57,892.2,5.24,1055.11,0.2564
25.04426,80.18876,398.73,296.27,129.0,374.88,25.0,71.71,33.77,966.76,0.75,388.45,1.4305
15.45357,72.21975,43.69,37.82,8.9,46.89,33.73,48.58,31.55,1004.49,1.09,71.33,0.1644
13.02273,75.40454,361.31,278.2,123.08,366.01,22.65,72.4,50.74,961.88,0.25,384.19,1.3803
20.55469,74.3916,433.2,270.55,124.24,425.3,28.86,78.01,31.15,913.06,5.08,772.22,1.5466
23.67601,70.29238,709.5,537.09,157.25,669.72,31.53,77.51,23.29,989.94,2.0,182.5,2.5318
17.51885,81.55934,509.32,350.82,166.58,543.6,28.48,51.61,60.61,989.88,4.72,213.83,2.116
21.96988,86.59234,562.82,464.96,123.72,616.9,24.56,45.06,17.82,825.59,5.83,1693.99,2.5714
8.37664,71.71252,566.23,476.88,131.44,570.06,23.54,56.92,43.54,842.86,1.32,1580.83,2.2571
20.5821,80.7007,533.42,389.89,157.39,532.78,22.46,68.39,35.02,974.78,2.88,354.91,2.0721
26.01514,68.81795,558.58,525.99,90.11,610.34,26.5,55.05,27.11,836.94,3.36,1600.18,2.4009
14.51321,82.5285,904.47,678.62,191.55,983.35,22.3,79.38,14.82,835.09,1.41,1677.69,3.8935
19.20359,79.78821,246.67,165.97,59.78,275.34,14.46,80.15,24.25,868.61,4.43,1246.27,1.11
14.08386,76.37413,450.94,354.78,97.83,443.51,29.37,59.07,13.77,982.93,2.29,292.87,1.7487
17.54913,72.55638,793.06,563.54,200.82,781.72,25.24,83.25,39.4,992.57,3.85,193.19,2.9667
9.43947,79.97174,656.5,413.35,165.85,653.65,29.24,50.64,33.06,1011.65,4.26,33.69,2.5825
23.18458,72.21828,418.25,349.34,89.19,436.6,31.72,71.45,25.81,989.48,1.27,131.38,1.6178
13.64041,81.76443,729.66,520.8,225.06,824.69,25.87,64.06,28.4,999.84,2.08,142.84,3.2345
18.0824,86.95671,737.05,602.72,182.49,799.48,15.62,82.26,32.71,864.0,3.99,1346.61,3.2083
16.57323,73.59864,526.41,447.23,121.62,593.57,24.77,67.45,10.63,966.42,2.22,417.88,2.3377
14.48361,74.81573,339.84,256.73,98.11,349.47,19.11,78.61,40.91,907.17,0.29,918.28,1.3312
27.5408,79.15116,540.61,467.35,126.88,523.17,33.84,60.45,31.44,1003.18,4.02,119.83,2.0056
23.67581,80.59105,245.8,208.83,51.46,241.67,23.89,65.57,11.21,960.4,2.35,444.5,0.9319
17.83325,69.34399,584.0,423.15,153.54,585.96,23.28,59.62,20.13,894.41,1.83,1051.08,2.372
23.80581,80.61806,587.66,394.84,109.83,567.41,24.76,57.43,17.78,824.57,3.77,1741.97,2.2841
14.72564,70.69253,569.49,421.15,204.9,563.2,23.62,60.4,54.27,949.77,4.41,496.1,2.2247
9.24358,84.43194,725.77,566.76,189.88,680.33,31.98,58.0,18.61,964.23,5.32,443.08,2.5947
20.71814,82.9913,580.74,400.53,161.87,621.41,20.77,65.23,40.79,820.0,1.83,1728.81,2.4935
25.07278,85.85343,566.45,354.02,183.87,537.76,27.05,51.52,21.57,839.74,1.93,1569.2,2.1866
22.67999,80.44729,733.72,580.22,93.22,743.16,35.91,48.4,8.68,983.1,3.47,240.57,2.9514
18.52569,72.61619,846.93,513.88,260.54,863.83,17.22,72.22,48.35,887.55,0.34,1056.54,3.47
11.30787,84.04858,713.2,549.46,188.71,761.85,25.5,69.61,51.98,945.3,2.63,570.58,2.9703
12.3439,84.02073,739.98,564.28,195.25,792.43,14.56,74.18,31.26,853.68,2.81,1426.22,3.2002
19.47912,80.526,342.5,271.75,52.19,381.78,25.19,61.41,14.42,839.07,0.52,1625.58,1.5502
19.02367,77.95853,491.93,362.7,71.59,484.09,27.16,58.46,3.27,985.32,5.16,250.24,1.91
17.31133,78.40749,391.32,210.54,152.28,440.29,19.77,77.46,59.86,873.52,2.07,1251.29,1.7284
15.82278,87.37187,528.84,413.11,85.95,484.97,26.24,61.98,19.08,909.8,3.07,926.32,1.8295
12.39548,68.88204,637.49,459.25,153.81,692.31,25.45,77.83,28.88,820.0,1.61,1780.64,2.6989
19.49812,70.93267,255.05,165.44,43.26,293.14,21.67,77.08,6.82,941.17,3.41,638.4,1.1783
22.92886,72.22972,213.56,3.81,77.87,201.67,24.04,58.85,51.36,876.47,3.74,1184.52,0.805
14.36677,77.24535,491.92,244.57,237.56,526.15,28.16,60.6,72.16,902.05,0.97,959.34,1.9902
27.96457,77.749,215.61,155.71,64.06,230.68,25.94,59.73,17.57,852.91,1.98,1437.35,0.8816
24.90477,85.41041,588.72,496.82,73.17,635.05,26.6,54.69,11.39,968.97,1.21,424.11,2.5479
8.23945,77.77484,638.53,487.37,116.54,641.56,32.98,58.08,17.19,995.12,2.42,83.99,2.5193
8.02353,73.71312,141.44,111.33,30.25,146.98,21.6,83.05,7.65,842.76,5.62,1582.44,0.5047
12.74146,76.15605,362.18,220.52,154.38,326.98,29.77,67.44,66.21,917.59,2.56,861.96,1.2606
27.06107,74.22663,451.03,351.23,167.22,455.98,33.51,63.75,45.57,951.08,1.71,483.11,1.7057
23.69873,75.10304,725.09,497.44,228.89,888.72,31.79,49.2,37.44,1000.09,0.53,149.81,3.5849
12.91933,70.33762,607.95,499.98,153.52,726.73,24.87,85.87,29.77,970.1,3.14,429.01,2.7901
10.28489,81.49334,245.23,135.41,77.96,221.52,29.25,61.58,50.08,995.61,3.2,147.2,0.8365
27.99771,68.57011,407.18,290.19,79.83,369.91,26.96,47.08,30.07,966.89,2.98,445.26,1.4924
23.90021,76.10094,123.72,66.14,18.98,126.57,21.85,63.63,15.78,857.74,3.08,1459.32,0.5211
19.62188,76.01947,543.65,426.52,147.39,572.01,26.82,69.86,17.81,961.56,4.64,446.3,2.2646
15.47648,81.18776,263.56,218.45,92.55,265.84,24.54,62.27,34.63,976.83,2.89,313.67,1.072
15.57264,74.00681,541.62,332.52,216.68,557.17,22.85,66.14,37.0,847.14,4.29,1467.76,2.166
23.55629,87.91702,612.81,474.39,130.37,551.61,29.08,62.29,30.98,942.48,3.6,661.29,2.1019
12.38798,82.34899,370.58,342.25,63.58,400.49,24.56,62.83,12.45,831.14,5.37,1624.7,1.5963
21.63319,86.00252,643.27,491.47,129.45,609.37,29.15,62.5,20.73,835.89,2.89,1633.01,2.3525
18.60179,82.19382,461.88,374.47,119.86,496.93,23.69,62.97,42.28,859.69,3.85,1350.32,1.9165
24.83937,73.56516,689.36,546.57,130.48,732.1,24.46,55.09,27.71,895.65,1.94,1012.14,2.9966
19.42053,78.23536,615.81,476.02,93.12,707.06,23.63,62.06,26.04,846.23,1.05,1564.79,2.8222
16.312,81.53689,629.1,604.24,111.28,679.73,22.78,49.13,30.68,891.63,2.35,1013.49,2.7578
26.80247,74.16351,253.79,146.18,74.04,256.49,21.54,80.66,40.69,873.48,3.37,1242.06,1.0342
15.65934,81.68786,516.46,439.52,66.26,493.1,23.01,75.83,10.68,909.51,0.89,920.02,1.8733
20.42164,74.53005,137.38,53.67,46.12,141.85,24.48,80.09,36.08,1004.17,2.48,70.7,0.5209
21.20778,78.525,209.61,115.06,46.17,202.44,26.01,69.11,31.04,992.64,2.92,218.7,0.7913
13.07398,80.27319,630.11,548.84,101.76,674.17,27.47,72.26,13.83,914.56,1.17,827.6,2.6329
19.82878,68.06887,984.37,812.44,179.34,939.45,18.31,73.94,15.63,875.87,1.45,1256.71,3.8063
20.71563,83.97511,613.87,433.03,149.01,642.61,25.34,63.4,22.38,886.02,1.85,1140.92,2.5886
21.27147,87.61481,534.29,370.78,120.55,525.53,28.31,64.0,27.79,992.36,2.04,189.45,2.0719
19.61238,68.32961,551.66,459.24,139.91,569.63,33.43,60.26,25.74,909.81,2.61,874.6,2.1525
13.66132,68.99617,641.88,411.05,205.88,593.12,35.09,62.64,39.44,1002.92,0.66,114.53,2.2298
16.30171,87.57161,476.39,407.9,125.46,478.13,19.05,59.9,32.79,910.85,2.95,949.97,1.9853
27.78902,71.91606,415.99,285.92,112.05,390.95,20.15,73.52,27.07,971.82,2.47,368.79,1.6268
25.39181,87.50256,749.34,609.8,75.35,768.64,20.76,81.7,5.6,852.32,3.69,1410.71,3.0259
12.64003,80.99578,679.48,545.75,178.15,695.18,24.63,58.31,11.35,878.05,1.89,1222.61,2.7503
23.56395,81.47669,856.56,747.81,127.11,801.12,28.95,72.73,14.04,899.6,2.4,1050.93,3.0526
15.17798,82.72999,701.27,496.02,225.41,744.89,28.87,54.53,33.06,935.35,1.64,697.57,2.9039
13.38278,83.14281,660.07,687.42,52.81,693.93,28.36,53.85,8.68,914.08,1.03,835.59,2.7616
18.84459,86.86865,367.65,306.5,96.47,373.54,30.55,50.99,31.89,991.04,3.5,196.56,1.4426
20.84938,86.22936,470.95,324.65,124.19,536.83,22.83,69.49,27.13,910.86,3.14,933.01,2.1444
26.63365,82.18015,662.91,557.6,166.69,624.42,24.25,78.82,24.49,869.28,2.55,1267.39,2.4168
18.33202,77.0671,392.82,268.78,144.13,431.82,26.57,78.15,65.99,910.0,1.24,912.77,1.6796
14.1336,73.39896,348.38,282.56,63.39,322.27,17.08,70.86,10.08,821.61,1.94,1781.97,1.3414
22.34778,87.0285,564.26,398.72,149.59,617.37,23.48,79.95,31.74,911.11,1.48,848.94,2.4695
9.64421,78.23744,468.54,369.74,134.87,528.33,16.78,71.63,18.07,835.31,2.9,1669.5,2.1582
21.81113,68.4683,218.8,241.19,35.9,228.01,23.42,89.25,19.87,886.55,0.25,1173.87,0.8542
18.53528,70.13629,516.39,384.55,150.78,583.67,21.75,80.52,16.26,825.46,0.53,1699.14,2.2888
26.56306,68.68632,342.7,238.45,114.2,313.89,33.07,67.38,28.23,979.62,3.99,289.29,1.1606
23.68705,71.24576,406.86,307.14,148.03,408.26,23.76,80.66,73.9,923.06,2.75,775.23,1.5086
23.47474,82.29034,834.58,711.67,110.87,824.92,18.1,53.64,8.2,859.88,2.18,1362.43,3.4981
26.02888,72.38109,332.21,280.06,82.56,361.42,24.28,65.73,42.04,952.51,2.46,528.3,1.4088
8.02899,69.90421,668.31,411.76,225.14,749.86,36.94,80.19,40.4,996.45,2.88,56.56,2.7675
20.27024,82.59188,396.34,331.49,108.78,419.91,19.42,84.68,34.29,910.27,4.28,885.58,1.7144
22.12621,74.60904,728.27,484.71,178.96,783.56,29.02,76.79,18.05,959.82,1.75,476.05,3.0281
21.26953,82.66429,803.71,660.98,183.54,896.07,26.6,70.97,31.54,951.73,0.27,546.54,3.4777
23.24951,69.05159,783.71,426.79,320.41,872.55,31.54,50.43,43.65,948.49,5.61,644.52,3.4465
19.99247,74.9975,680.03,536.34,164.71,609.44,24.42,73.81,22.87,871.15,2.92,1171.98,2.3945
24.61745,84.98477,207.82,122.02,98.18,220.07,28.81,68.94,79.47,927.31,1.79,783.3,0.8531
16.97304,73.97181,421.01,252.52,174.05,419.18,28.22,68.47,38.11,981.39,2.3,288.16,1.5725
15.79013,70.22467,242.13,117.45,116.25,236.91,22.0,73.15,59.59,950.83,3.82,539.19,0.9535
15.36883,76.28586,482.11,322.75,115.34,466.36,30.47,70.28,7.5,957.01,0.91,423.53,1.8231
21.22738,75.04528,410.25,315.01,56.49,472.18,33.53,65.04,10.31,981.7,3.19,282.41,1.86
15.23166,82.87825,846.6,594.79,218.08,858.15,19.7,65.61,29.96,863.86,2.01,1326.39,3.4485
9.04526,84.22652,641.9,466.55,151.06,615.66,18.25,51.79,28.84,872.11,1.79,1300.53,2.5021
13.44173,81.21568,828.7,695.87,149.46,928.46,28.08,67.34,33.18,933.64,2.17,749.1,3.5734
24.62907,83.85061,811.26,596.68,204.89,835.48,27.37,61.71,17.41,970.57,2.23,386.65,3.3416
17.86818,72.58859,432.53,288.45,157.62,442.54,25.9,67.37,29.21,887.46,4.21,1166.76,1.7461
13.47542,74.03179,466.16,323.51,158.15,454.85,22.82,84.44,41.29,876.54,1.42,1270.65,1.6946
10.39759,74.40254,482.59,300.07,147.91,498.32,31.14,66.93,31.28,933.26,3.74,692.18,1.8924
12.49948,76.43084,753.19,592.0,183.9,681.07,22.37,62.39,28.16,871.37,3.16,1254.57,2.7493
14.29751,85.55453,510.59,335.71,197.67,497.26,24.77,59.2,45.32,901.25,3.62,998.71,1.9928
15.44577,81.73552,449.79,445.03,78.83,461.25,17.55,83.71,45.75,955.81,3.91,484.58,1.7991
27.60627,84.64574,428.13,406.91,110.85,439.01,17.96,80.96,26.28,895.04,2.87,1062.68,1.7439
9.43045,78.90597,434.86,275.52,149.43,468.26,22.14,56.14,38.31,968.43,1.87,389.92,1.9714
24.1638,69.00674,486.11,375.07,145.75,513.07,10.43,64.6,27.4,823.91,1.14,1698.81,2.0945
16.02928,69.26974,145.67,126.2,29.21,137.75,33.67,52.67,20.85,991.0,4.67,131.31,0.54
13.60116,78.52088,291.77,280.1,64.46,317.03,30.14,78.5,19.16,1011.65,2.15,34.2,1.1985
24.40752,80.21856,468.36,367.05,113.03,460.63,21.54,62.03,23.85,887.77,1.14,1115.77,1.8129
18.19167,80.691,566.94,405.6,148.92,623.93,17.57,77.51,29.7,913.83,1.67,842.86,2.4257
12.48985,80.37606,704.82,601.7,134.11,669.97,31.58,57.75,12.99,981.38,3.43,296.64,2.6237
19.05328,76.7139,232.82,174.94,28.25,216.49,26.33,59.21,12.56,929.34,1.05,708.28,0.8439
9.3465,85.98365,291.25,157.82,66.55,308.3,21.24,59.4,26.57,855.65,3.04,1410.56,1.254
11.73931,82.73228,647.61,517.63,168.72,637.07,30.8,70.4,36.54,908.43,1.66,937.36,2.4579
24.84649,74.68192,288.08,234.29,112.68,320.72,25.33,62.28,53.88,968.94,3.16,364.93,1.2722
24.61433,70.45662,182.97,98.87,49.83,194.01,29.39,62.07,29.27,992.87,1.79,182.13,0.7696
18.53917,74.46925,563.0,350.51,169.12,611.8,33.75,53.83,52.61,941.93,3.34,628.77,2.3458
19.34937,73.39118,998.54,771.71,198.34,893.97,30.08,68.92,12.25,952.61,0.78,521.44,3.4948
17.50346,71.62552,594.53,434.1,143.96,640.13,28.26,54.85,49.2,946.71,3.04,579.16,2.5361
12.80086,87.39033,592.87,461.86,197.45,571.53,28.03,78.66,60.99,1012.8,4.05,24.86,2.1217
26.67463,69.34697,673.67,451.28,233.25,707.37,20.44,73.29,32.58,835.2,1.82,1679.07,2.7591
17.17656,86.59522,182.27,123.62,51.63,195.27,15.7,81.05,51.06,947.58,3.95,566.84,0.7648
24.5551,76.09171,583.14,476.66,110.7,537.03,24.9,82.44,15.35,899.9,2.78,1032.01,2.0812
17.70353,69.90181,383.49,350.94,79.01,394.54,19.51,71.02,20.65,835.71,1.24,1592.09,1.6107
27.20806,86.06811,435.23,361.47,94.21,486.23,34.04,44.34,28.71,945.31,0.95,598.28,1.8711
8.86456,78.03986,763.05,518.93,248.71,758.79,15.27,76.96,33.94,875.45,4.71,1269.9,3.0905
13.67356,86.79172,428.37,289.37,174.81,422.41,22.91,71.47,51.2,973.81,1.9,390.69,1.7264
27.40446,84.786,202.82,109.27,59.72,206.86,24.84,59.8,30.1,919.1,1.14,873.68,0.7525
16.25649,73.64741,766.52,528.79,228.43,830.06,14.15,74.79,25.77,852.8,4.12,1437.62,3.4148
9.72929,87.84521,628.32,331.03,304.78,639.56,26.57,73.85,80.42,993.15,1.66,147.97,2.4726
16.51092,83.54027,629.14,466.64,172.83,650.36,16.14,76.29,40.33,867.44,2.0,1239.94,2.5484
24.7641,73.10378,349.98,287.4,89.22,360.41,29.8,61.03,11.69,961.49,2.43,483.07,1.4314
23.26036,87.61837,576.16,408.93,163.37,594.23,36.63,62.87,30.21,990.46,1.97,155.62,2.3199
19.06355,82.30797,403.78,342.57,97.9,381.96,34.13,57.97,29.14,1015.83,3.46,16.68,1.4207
25.03979,78.04525,643.0,501.18,122.65,698.93,15.25,73.88,10.18,826.02,2.9,1725.73,2.8714
17.58363,83.25733,626.41,590.56,83.05,669.34,18.77,67.42,0.59,933.58,2.07,645.99,2.8194
16.09825,73.09229,554.22,471.52,117.62,620.15,22.76,71.54,31.37,857.02,2.86,1391.32,2.4423
13.74705,80.06067,604.83,490.23,110.63,554.57,29.89,73.71,20.16,861.81,3.76,1300.83,2.1295
26.18685,84.54385,171.3,145.41,34.13,156.86,27.89,71.05,20.32,913.46,3.16,870.66,0.5844
13.25929,73.428,404.69,293.08,90.45,477.78,24.9,52.45,21.15,922.76,1.72,803.44,1.9315
12.94563,77.12605,704.46,560.33,176.91,678.63,18.96,61.93,23.67,945.64,2.22,579.06,2.7683
20.97227,80.47696,635.34,476.64,185.7,698.02,25.0,67.35,36.67,862.36,0.58,1398.47,2.7599
11.11597,73.27581,820.95,614.27,207.36,919.66,32.4,74.87,24.26,989.91,2.44,192.6,3.5168
26.83089,76.33549,849.95,633.03,201.48,869.29,29.87,69.34,14.42,986.12,1.27,198.15,3.2987
27.09739,82.6468,315.88,188.7,132.57,311.8,19.62,62.76,69.76,846.23,0.73,1535.71,1.3003
16.41084,77.94372,403.62,187.79,144.64,416.48,32.65,67.44,42.29,907.34,2.76,957.23,1.6096
23.22593,85.16633,603.06,381.72,199.07,616.64,24.77,60.27,27.66,868.49,2.22,1309.15,2.4391
20.39397,69.06382,439.52,369.08,90.86,422.01,29.58,60.74,22.48,820.0,2.27,1785.79,1.6867
21.11396,74.82796,268.8,211.13,75.68,246.98,28.0,71.78,33.37,918.16,3.6,830.25,0.9677
9.78129,87.58867,46.61,66.25,7.15,47.22,28.69,56.39,16.96,935.27,2.36,699.55,0.1662
19.2138,73.26866,424.52,369.98,83.21,446.62,21.65,73.6,6.68,928.0,2.5,751.3,1.685
22.97156,77.07296,372.61,367.43,92.59,434.66,30.04,47.32,12.73,959.38,2.06,482.55,1.7119
15.6944,77.53283,874.33,623.8,305.98,923.58,25.7,73.91,36.93,927.88,1.36,778.66,3.5541
15.35913,70.69243,473.99,368.44,155.04,448.78,17.05,74.26,34.16,829.49,3.81,1709.58,1.8273
21.5828,86.88847,779.8,450.29,317.73,802.14,26.89,58.19,49.45,887.43,3.77,1078.74,3.1652
14.39919,69.2895,867.86,705.11,158.57,863.06,22.5,69.79,24.7,820.0,3.93,1779.91,3.4005
21.17625,70.06554,662.93,594.8,130.24,772.37,19.75,79.11,4.95,866.12,0.31,1313.51,3.1342
27.37368,82.44555,834.84,656.15,178.23,971.91,35.24,72.0,17.62,944.83,0.46,531.08,3.7515
12.45386,72.16917,219.82,135.82,94.36,200.44,24.72,75.72,56.68,830.89,3.74,1633.62,0.7626
22.04531,74.35468,622.25,483.8,133.84,596.75,23.44,68.8,8.1,987.71,3.78,215.85,2.3735
21.12283,78.042,324.0,311.96,77.29,348.39,26.97,77.31,26.27,893.95,2.35,1083.55,1.401
26.23339,82.4761,429.2,367.75,58.39,401.14,25.61,60.52,11.36,820.66,1.75,1743.58,1.5719
20.34811,85.51938,645.62,478.2,205.69,692.31,14.52,75.63,30.29,844.47,1.8,1523.15,2.808
10.62189,74.15839,568.87,439.15,166.42,578.89,16.18,71.33,45.05,839.06,2.99,1536.74,2.2762
13.17617,73.14277,42.06,24.07,12.2,40.6,22.33,63.83,39.69,885.56,4.15,1137.72,0.1971
20.01382,84.19254,653.1,477.22,149.51,629.86,13.33,89.91,41.76,854.36,3.97,1453.41,2.493
22.92182,78.56638,264.81,146.51,70.54,245.48,18.04,80.46,12.16,836.38,3.14,1574.96,0.9519
9.21884,77.90582,739.22,643.14,185.72,813.2,28.53,49.53,39.94,968.13,3.63,407.6,3.2174
22.12691,76.3692,449.24,345.12,131.13,443.74,23.59,53.38,29.12,971.33,3.8,337.55,1.8169
11.04186,81.22786,437.19,477.16,42.1,443.16,33.39,41.13,6.59,1005.37,3.31,34.09,1.7446
9.94002,81.96391,518.95,258.83,220.38,576.48,31.81,39.72,57.22,920.04,2.19,819.62,2.2881
25.68001,87.16521,876.65,679.95,257.47,871.32,37.7,59.3,16.91,939.73,2.71,618.56,3.3663
22.20411,84.05406,503.11,408.2,124.65,493.04,23.63,75.76,27.56,869.18,0.26,1294.61,1.9176
10.16927,69.10459,592.28,420.84,159.89,654.78,26.74,66.21,33.5,932.38,1.08,701.9,2.4909
8.77167,77.70826,406.59,332.79,86.11,394.68,26.42,56.46,19.27,895.68,1.89,1013.82,1.6193
11.72651,81.02351,776.63,762.82,70.84,778.4,21.71,85.05,4.67,864.26,1.57,1313.2,3.0329
18.76317,72.35734,302.45,129.53,126.43,304.19,25.61,64.58,63.82,984.36,2.32,305.13,1.1864
9.63132,86.36655,202.34,123.71,43.01,203.96,24.33,76.64,23.2,1006.39,1.39,19.26,0.8352
27.116,68.99641,379.84,288.82,136.55,377.56,17.8,79.96,33.15,937.79,1.82,649.96,1.4603
11.933,73.1898,614.86,504.42,123.33,605.49,22.16,67.1,7.39,934.27,3.98,733.01,2.4835
13.78684,87.89759,810.48,627.11,195.69,749.24,29.16,70.73,34.53,948.39,3.22,587.07,2.8227
10.28268,74.57734,647.61,499.39,151.25,688.52,21.91,67.68,33.88,869.39,3.02,1263.5,2.7743
19.4583,70.2458,732.45,673.4,90.07,667.16,30.44,64.27,6.46,972.98,2.64,332.81,2.5619
17.27502,75.67019,290.12,142.91,117.98,339.77,30.32,64.06,47.09,946.47,3.56,581.39,1.3054
13.48014,73.02851,630.96,410.48,156.63,593.29,20.59,71.64,26.29,848.13,0.84,1543.38,2.4002
15.12563,83.0451,510.87,513.94,80.15,529.27,30.49,64.85,21.62,993.2,2.71,217.8,2.0629
19.59455,81.46697,596.59,385.78,210.16,484.95,31.79,57.41,41.96,935.34,2.68,645.67,1.8417
10.34378,82.25737,766.67,485.4,238.46,776.91,20.24,56.47,24.5,886.29,0.68,1166.02,3.1309
21.95252,86.18916,658.43,615.25,52.67,683.81,21.31,68.44,4.6,872.21,3.72,1256.63,2.7439
21.14188,73.78523,685.17,460.47,180.51,630.63,25.47,71.51,26.66,896.29,3.84,1014.82,2.4813
17.80146,75.86549,540.19,317.99,162.03,545.48,24.93,65.65,16.57,885.19,2.11,1197.69,2.2054
9.31525,83.18778,224.83,163.5,50.21,226.81,29.21,77.9,24.22,961.7,2.94,434.51,0.8471
20.0177,79.65397,378.06,282.57,67.73,322.5,27.07,51.83,3.79,914.76,1.79,867.72,1.3067
12.09572,79.01418,896.23,611.15,291.67,980.78,18.94,73.31,36.61,893.47,1.86,992.95,3.876
11.86839,70.99737,791.34,417.65,294.67,854.66,28.04,48.37,37.64,922.68,0.93,762.32,3.3715
23.33025,69.08878,713.18,516.52,227.61,610.35,20.49,73.53,27.08,897.47,1.67,1018.14,2.4212
19.48585,82.17198,384.86,262.42,129.79,359.83,22.61,54.83,28.92,912.15,1.74,935.24,1.4359
20.66227,83.54578,324.75,265.19,62.67,289.18,19.26,70.41,15.34,926.72,3.92,834.01,1.2187
21.9181,83.38718,470.84,352.96,119.45,513.21,26.2,53.48,27.18,865.98,0.68,1339.13,2.1062
23.85679,87.04601,319.0,216.48,84.79,294.93,27.98,55.66,19.23,976.01,4.64,321.73,1.2041
26.0936,78.48896,496.86,365.29,170.84,493.31,34.95,66.47,55.0,996.06,1.76,143.02,1.9073
19.29402,76.43553,276.32,167.27,84.71,243.41,25.62,59.79,37.79,905.51,1.16,934.63,0.9448
21.8592,80.09558,282.32,156.54,109.86,259.61,27.44,71.41,60.62,960.41,2.23,440.01,0.9798
10.6161,68.91908,338.15,269.71,77.37,337.03,18.68,82.16,19.27,850.91,2.04,1495.86,1.3286
24.17953,87.92876,539.72,460.99,102.86,540.66,33.61,55.71,22.88,968.46,2.67,350.86,2.0792
25.46151,85.80465,707.55,594.25,129.2,769.54,18.58,74.3,10.97,826.14,1.11,1726.67,3.066
27.70341,77.23904,486.23,308.47,184.86,505.55,22.81,92.38,46.67,871.47,2.76,1270.08,1.9215
25.75382,76.27711,556.37,374.79,154.24,631.9,15.87,97.1,20.79,861.03,4.85,1335.94,2.3985
14.20219,86.75924,857.54,712.38,96.12,844.01,8.22,81.12,3.64,845.09,2.84,1541.52,3.5078
15.64793,82.11258,543.9,394.54,162.99,558.23,24.98,62.22,26.83,909.61,1.93,931.09,2.1766
13.74874,83.39762,309.79,251.8,81.46,337.24,18.73,67.16,30.58,827.92,0.37,1688.16,1.356
19.60925,86.06836,929.25,685.09,264.15,881.62,25.87,65.57,17.66,931.23,1.01,745.25,3.4152
20.27044,68.98353,874.56,691.91,143.91,810.99,22.27,67.63,11.07,906.98,3.79,947.99,3.2144
25.65308,75.15753,373.43,197.72,123.61,388.6,25.24,74.9,46.77,853.14,1.96,1388.03,1.4348
22.68581,81.66563,539.08,442.83,116.28,567.38,15.48,64.69,26.6,830.02,3.19,1649.66,2.3528
24.02276,73.91658,469.81,278.49,214.07,468.84,22.72,71.49,58.32,982.44,4.34,247.78,1.847
27.0885,72.69625,394.66,167.28,142.62,397.4,23.03,74.7,46.45,937.08,2.61,626.64,1.5918
17.4645,83.63496,287.74,251.87,73.13,316.6,17.61,65.71,2.59,887.71,3.85,1148.67,1.3106
19.06291,84.75299,280.59,239.42,55.69,315.92,23.85,76.32,23.1,859.35,1.96,1385.64,1.2367
17.4548,69.23223,1001.88,799.51,198.5,959.42,27.84,73.49,11.46,963.85,1.47,389.79,3.746
16.0186,74.41293,612.75,377.03,214.25,533.52,29.4,61.37,36.39,921.22,2.76,753.09,2.0147
22.7862,81.57728,587.05,483.84,133.64,589.41,29.06,63.3,23.42,854.47,1.21,1417.05,2.252
16.9898,87.98383,512.09,496.72,76.94,500.59,23.76,56.58,16.26,874.63,3.47,1298.73,2.0259
26.25759,79.52779,533.18,428.78,68.86,572.44,22.48,82.45,11.0,879.98,3.48,1155.19,2.2639
25.12822,77.69419,524.3,373.55,100.83,492.27,22.53,71.58,19.76,833.16,1.48,1646.06,1.9726
20.27805,79.78495,441.16,326.36,68.98,435.44,27.07,76.68,20.21,970.62,0.98,370.65,1.7393
11.10027,80.1668,404.11,260.05,126.84,444.46,31.06,53.8,28.83,1005.99,1.51,49.15,1.7705
20.88127,74.17836,139.74,86.69,53.7,142.91,28.36,71.1,45.44,909.69,3.72,920.93,0.6032
14.832,76.42782,477.88,354.97,163.2,450.33,26.51,70.96,36.19,869.17,1.82,1264.12,1.7709
17.36441,75.59989,447.47,432.36,51.03,366.2,23.93,60.13,9.98,938.67,1.87,620.91,1.4719
26.23616,82.12568,453.63,386.77,129.83,485.04,18.33,79.77,15.26,915.73,1.3,837.53,1.8968
23.28569,68.5821,208.57,178.95,32.86,214.61,23.92,56.9,7.83,873.89,3.36,1288.24,0.836
12.87229,68.5954,604.45,325.04,228.46,655.86,19.2,61.74,38.92,918.09,2.35,848.35,2.713
12.46794,75.79102,396.98,309.7,80.13,426.48,23.36,72.33,22.01,849.17,3.87,1462.59,1.7079
19.00559,84.64318,456.42,320.36,126.46,484.19,19.3,68.88,26.72,826.15,2.23,1694.37,1.9559
22.59793,77.2896,645.81,512.44,166.22,722.18,16.28,60.82,36.18,964.39,1.59,382.0,2.9467
24.23342,76.75515,525.89,456.12,97.77,606.21,23.88,73.24,17.11,854.89,1.61,1412.89,2.4239
21.65174,75.74964,415.21,369.72,90.01,422.13,33.55,58.03,23.78,1008.78,3.82,22.46,1.6785
18.61357,73.14286,410.72,268.37,108.08,393.59,31.3,73.03,28.41,972.79,1.54,351.55,1.4836
17.06917,70.22304,833.32,709.6,119.06,916.98,23.22,63.04,19.87,982.85,2.58,284.31,3.6131
20.48329,69.36522,758.66,453.0,278.58,757.77,26.06,76.18,63.26,952.02,2.6,520.66,2.9231
24.35565,68.4586,396.24,281.05,106.33,441.77,27.27,62.29,26.61,889.48,1.25,1067.63,1.7286
9.6671,72.05983,582.33,434.8,138.92,599.71,19.34,59.03,27.37,843.52,2.38,1510.69,2.4354
10.94068,78.30291,510.37,475.06,79.07,448.87,27.16,60.58,6.92,901.33,3.05,1004.75,1.7981
9.95836,87.526,590.91,470.29,99.48,597.33,18.52,71.65,11.27,847.04,1.68,1555.48,2.4672
14.24341,80.14567,498.03,346.04,161.44,471.96,25.48,70.59,23.16,976.35,2.75,275.3,1.8974
9.90181,73.56654,586.25,508.12,122.38,628.48,18.38,76.59,26.14,879.95,1.21,1200.68,2.4849
22.06195,86.32148,737.09,498.47,200.0,846.91,29.26,63.39,25.06,928.13,2.68,742.22,3.3188
14.31614,71.44914,630.2,492.7,149.59,710.92,27.14,50.72,22.13,964.38,1.83,407.34,2.9053
9.1714,72.06427,471.2,339.17,81.2,472.34,24.75,78.39,6.21,881.95,2.63,1119.64,1.8354
18.4506,73.5898,479.21,306.93,142.65,435.49,31.52,83.11,23.04,967.6,1.26,405.69,1.6943
16.62706,69.02204,182.37,149.1,42.33,195.23,16.45,76.49,24.67,823.9,2.29,1695.94,0.7507
14.99124,73.60626,687.9,366.73,321.5,767.63,30.35,44.2,60.33,978.13,1.79,305.65,3.0057
26.62275,72.17396,716.78,596.45,153.82,649.47,28.19,54.6,16.09,943.27,2.04,602.83,2.6084
17.63289,83.9317,527.85,431.73,105.51,590.98,14.22,69.64,17.86,876.7,0.72,1211.12,2.4408
25.49768,68.39554,636.59,458.51,106.01,566.77,22.91,71.44,2.35,918.65,1.02,863.0,2.2185
9.94908,85.21973,713.59,536.33,149.07,793.18,14.62,72.03,10.54,856.26,3.59,1411.28,3.283
20.66804,72.89899,547.12,515.56,71.11,595.35,25.62,70.88,4.41,978.45,1.7,278.18,2.2574
13.00606,72.43453,111.93,62.37,23.51,120.16,36.21,56.62,18.78,998.95,7.16,101.62,0.4589
25.36205,70.38948,820.23,728.2,65.62,880.92,20.2,79.71,3.12,831.51,6.04,1636.21,3.5281
18.44213,85.50076,411.95,357.48,99.37,449.19,24.41,67.29,21.45,889.77,2.32,1107.33,1.785
12.39876,85.68827,470.36,340.25,97.35,446.75,28.27,51.71,20.01,1007.28,1.6,46.07,1.7797
23.46266,83.66323,243.82,190.74,46.95,284.62,27.38,82.02,11.43,876.52,2.04,1186.57,1.1103
23.45148,82.56818,673.21,583.65,60.98,665.39,27.88,62.61,9.85,933.27,2.48,639.17,2.6485
23.20634,74.72573,310.69,259.99,95.02,301.54,18.56,66.17,33.44,914.12,2.75,898.36,1.2262
16.60947,87.62543,824.29,658.66,158.53,821.22,29.2,64.16,14.57,918.35,2.63,834.38,3.1715
11.73543,79.6715,682.85,447.22,234.46,726.06,24.62,53.44,44.2,888.41,1.36,1083.33,2.9082
11.21813,71.60459,622.04,566.65,49.76,603.1,28.93,79.17,13.27,975.85,3.85,335.92,2.358
11.7357,82.6653,262.11,126.4,74.27,271.04,21.02,54.82,24.93,972.81,2.06,376.23,1.1305
20.95011,75.88893,442.58,343.69,112.91,478.98,16.52,78.0,36.04,831.25,3.78,1686.49,1.9452
21.36534,68.43519,480.91,418.41,60.68,526.65,23.35,67.42,11.6,990.47,1.77,185.41,2.0889
15.34417,72.83162,746.11,464.84,322.22,852.76,22.96,48.72,71.68,927.61,4.17,752.9,3.4003
25.06093,72.21934,733.76,591.47,126.6,709.78,17.89,72.67,20.05,864.36,5.44,1264.69,2.8055
26.01239,82.01412,532.68,406.57,132.1,624.07,19.16,63.82,43.79,890.62,2.91,1079.67,2.5434
16.16454,82.93794,559.97,473.5,80.36,594.55,19.93,68.72,11.58,956.4,1.18,510.57,2.4389
26.92499,70.07352,712.98,530.0,171.11,677.48,22.39,65.54,22.51,910.65,2.06,940.19,2.7247
16.38058,71.0065,113.75,57.25,30.35,108.37,20.35,59.59,22.08,868.22,2.44,1318.11,0.454
27.054,69.00499,354.36,280.07,74.68,398.77,22.84,52.19,23.6,930.19,2.04,643.45,1.5926
18.06571,76.85522,630.34,465.27,148.46,681.37,19.96,72.85,21.58,821.45,3.35,1744.59,2.6884
22.70787,83.43199,190.32,108.19,59.15,187.97,18.45,77.71,31.45,820.0,3.1,1732.75,0.8112
15.08323,75.11943,128.12,22.21,32.48,139.8,11.24,81.56,29.28,826.25,4.01,1709.47,0.5422
19.79796,73.30548,618.83,385.37,170.28,591.39,24.4,79.69,34.42,860.35,1.4,1346.91,2.3066
15.7029,72.3836,656.85,629.0,76.51,603.8,22.98,71.66,17.94,935.97,0.2,632.41,2.5092
19.17871,72.83014,40.86,62.78,15.6,41.04,24.73,66.5,45.71,844.29,2.48,1503.04,0.0908
24.64812,73.18318,629.18,388.8,226.43,713.8,24.77,63.15,60.03,908.02,2.8,901.45,2.8498
27.64621,70.37294,578.16,402.25,149.72,558.87,29.82,63.17,25.24,961.44,0.8,397.15,2.1331
12.91027,79.83534,550.03,235.57,202.38,592.5,23.58,70.56,46.38,865.88,4.53,1361.28,2.3065
14.97784,85.31076,568.39,201.9,323.45,581.09,35.29,59.39,81.83,984.12,0.29,233.55,2.196
14.34025,78.74048,973.98,764.05,186.41,995.72,28.36,69.8,18.1,949.22,3.87,564.76,3.9056
14.70877,81.76617,810.58,674.18,103.67,885.78,34.97,67.12,5.62,956.82,0.28,524.53,3.3678
17.81665,86.04188,76.26,30.39,24.61,85.32,22.75,70.1,42.79,843.95,3.89,1567.96,0.2981
14.35424,83.03137,615.49,526.51,122.33,601.01,19.25,77.08,16.25,916.62,2.65,801.98,2.3912
21.96229,85.03834,779.11,649.13,126.63,840.48,30.12,55.02,18.64,1006.66,1.11,77.56,3.2944
26.06668,69.33975,626.41,448.91,177.18,597.88,26.9,68.36,28.03,945.13,3.41,597.08,2.3431
25.75265,68.1521,495.9,429.92,66.44,514.87,30.15,55.72,7.71,875.95,4.59,1234.8,2.0503
13.13697,76.93079,710.06,461.03,275.17,727.06,28.71,57.57,32.42,963.31,2.68,460.69,2.8521
12.38982,70.67542,753.94,590.43,184.18,805.7,13.76,70.66,32.79,940.38,2.02,635.08,3.305
20.07032,74.14212,868.47,705.75,189.91,810.9,24.81,68.14,25.76,983.07,3.85,282.75,3.192
23.88757,86.76841,566.21,353.21,165.48,630.02,32.54,43.18,31.63,962.43,3.62,442.42,2.4967
12.79227,71.97748,689.95,462.38,203.24,708.74,22.8,53.14,22.69,1003.3,3.54,26.87,2.9082
19.269,69.26297,223.71,157.45,53.65,224.97,16.53,75.36,28.68,894.54,2.24,1041.42,0.9162
9.08967,86.91985,104.97,76.22,28.54,99.69,27.39,72.74,43.59,962.08,3.95,411.38,0.4005
13.42766,82.78418,498.99,308.99,210.57,505.32,24.27,68.66,62.98,837.67,2.94,1581.4,1.9949
22.64321,73.29461,632.64,358.03,245.9,593.12,23.38,78.67,64.82,964.26,2.95,473.42,2.3007
15.01433,76.34666,645.61,498.27,160.88,580.84,28.75,51.69,42.61,925.91,2.08,771.62,2.3761
19.29694,76.42324,379.07,177.58,134.25,373.12,26.57,53.6,52.87,960.07,2.1,502.88,1.4842
14.31256,75.56441,581.61,433.27,153.39,624.15,29.49,56.29,26.94,993.78,4.1,144.67,2.4403
18.04139,71.02422,261.7,202.63,60.21,262.93,19.72,68.39,39.28,837.86,1.43,1574.99,1.0596
21.1885,81.51459,622.28,534.98,134.89,698.91,34.41,55.45,12.06,997.23,1.07,118.64,2.7339
15.51953,73.5031,541.32,274.65,191.88,556.33,18.05,66.78,51.78,861.04,4.1,1396.14,2.258
12.88541,83.4866,375.5,290.52,83.27,366.11,25.19,66.12,22.93,959.43,1.15,508.24,1.4414
14.26977,70.53403,506.36,251.67,193.95,569.37,21.32,48.98,64.41,909.86,2.16,914.88,2.2625
15.49766,75.0739,101.8,35.9,26.07,119.09,31.8,63.9,36.93,921.13,1.85,860.91,0.4599
9.96282,84.8218,562.19,411.91,167.76,585.9,23.44,61.99,40.23,945.43,3.64,604.85,2.297
14.72005,77.05127,620.76,447.99,185.58,682.04,32.09,69.99,22.77,975.37,3.05,304.42,2.623
16.29874,79.46967,881.04,636.52,244.02,850.4,22.28,70.24,38.74,841.36,1.87,1647.68,3.3928
26.09458,77.1019,257.86,284.84,44.77,271.96,30.78,76.05,28.96,995.0,1.56,144.83,1.0893
8.45594,76.60275,687.34,548.78,161.78,729.07,18.58,62.76,25.93,830.4,5.54,1689.79,2.9525
20.04502,77.33504,617.58,583.9,49.41,689.33,24.29,66.71,8.42,904.34,2.72,937.01,2.7829
22.14143,87.04945,461.73,292.33,118.73,453.29,23.41,76.28,39.52,958.55,2.42,478.65,1.753
18.55745,85.00347,439.61,306.55,137.34,429.52,20.36,76.8,36.84,915.76,4.92,848.5,1.7455
21.35692,80.24089,593.77,438.87,153.79,624.28,24.7,63.74,8.73,920.54,0.91,775.29,2.5422
20.68026,68.77584,442.34,326.11,109.49,485.76,19.66,77.84,10.57,820.0,1.88,1796.15,1.9861
11.88924,83.4356,313.32,219.88,70.77,322.65,15.13,70.37,25.32,837.2,3.01,1617.96,1.3241
13.44305,83.47622,613.89,577.41,49.11,617.67,12.26,93.98,4.72,824.98,3.58,1769.1,2.4119
11.69338,74.54143,475.26,370.53,128.01,515.73,25.36,70.91,42.96,958.58,1.3,475.02,2.021
14.79902,69.49139,360.32,243.64,128.52,342.46,23.34,56.22,40.27,860.36,2.82,1390.87,1.3826
13.35745,77.87486,630.32,379.97,221.57,632.56,23.64,72.05,21.89,970.46,3.84,328.4,2.4853
17.85959,75.05329,333.79,262.49,34.22,345.61,23.64,59.04,7.57,926.8,1.99,740.45,1.369
19.4752,76.07396,398.34,269.93,108.45,381.28,19.6,79.07,19.51,844.91,1.91,1582.41,1.5451
26.8509,76.7743,477.74,380.48,91.91,527.2,21.34,75.79,22.59,912.46,1.61,834.07,2.065
20.62905,85.96611,459.68,314.55,120.88,428.98,28.12,72.55,25.2,953.36,3.43,507.18,1.6621
17.37024,85.43261,319.19,223.43,84.22,310.92,33.42,47.02,27.96,929.0,1.7,736.1,1.2108
10.39661,85.27591,598.47,449.05,129.18,646.15,27.11,68.07,28.68,890.54,2.72,1117.4,2.5181
18.43947,72.93851,731.41,549.63,181.89,757.0,24.66,75.09,15.91,960.46,3.45,465.19,2.9163
24.60965,79.30848,39.42,69.7,10.77,36.69,21.23,66.82,52.92,869.33,1.0,1285.62,0.0985
26.43659,71.71044,595.08,506.3,95.55,716.41,24.26,66.26,6.63,851.21,0.2,1467.79,2.85
17.5942,76.49181,232.0,138.17,85.53,219.31,27.85,63.77,52.32,929.33,2.79,778.64,0.8723
15.93449,85.80749,507.97,309.04,177.29,501.71,17.3,70.99,48.4,824.28,1.91,1694.91,1.9452
14.94511,85.00486,795.52,630.35,116.5,849.79,20.08,73.9,7.85,837.46,0.95,1562.64,3.4122
26.26318,77.96049,181.71,198.29,14.72,175.77,35.18,62.32,5.82,1007.73,1.73,75.02,0.6718
22.42187,82.40881,405.1,314.85,66.15,415.41,25.38,58.83,14.36,961.33,1.82,452.83,1.6864
24.32584,76.81943,178.5,194.22,36.36,176.81,19.79,71.28,14.26,950.43,3.15,606.66,0.7366
21.05434,77.51058,280.8,240.33,70.68,247.59,34.91,51.4,51.29,982.5,3.01,271.86,0.9442
23.46707,69.86687,407.4,342.67,82.71,430.12,31.16,57.19,18.27,982.68,2.65,251.6,1.7376
13.60786,69.80973,644.86,478.69,149.91,634.9,24.2,73.83,13.83,871.29,0.51,1235.66,2.5143
14.93212,73.53082,416.2,390.95,85.16,404.88,22.23,68.14,28.45,864.95,4.38,1297.59,1.5909
21.17459,69.11438,587.14,445.81,132.79,584.84,25.93,69.2,16.18,950.96,3.09,533.74,2.3141
13.15698,72.52005,580.44,465.8,167.69,571.21,23.98,59.42,34.38,935.27,1.85,708.01,2.2617
21.51747,85.47879,386.41,235.8,114.21,350.59,21.92,56.46,51.51,932.26,2.9,717.32,1.4181
26.36951,70.18333,198.52,175.73,47.57,211.69,36.13,65.29,18.11,979.85,1.39,301.48,0.7846
20.56894,86.11972,448.43,347.66,107.56,412.4,25.27,67.03,25.79,899.93,2.7,978.36,1.6005
20.94116,74.03055,617.21,364.41,215.98,661.77,24.43,77.42,35.28,919.53,1.76,797.88,2.6006
14.27496,77.59656,510.72,393.54,121.66,545.49,26.87,68.41,19.98,909.15,3.35,911.26,2.1185
20.89325,87.34149,708.5,594.1,171.06,754.37,23.76,60.35,20.33,896.34,1.5,1101.22,3.075
18.348,84.56799,801.47,582.15,211.13,736.82,26.76,67.02,36.85,944.44,1.92,630.69,2.903
25.63893,84.62228,682.9,516.95,182.87,630.77,30.7,76.43,13.59,981.2,3.36,277.26,2.4257
13.21359,83.05687,619.39,499.36,129.07,710.16,22.21,65.87,17.58,986.79,2.04,185.47,2.8588
18.32165,87.89288,194.07,117.52,73.59,195.26,20.11,72.64,31.71,903.88,2.37,942.9,0.7727
19.11161,83.05004,645.57,456.63,166.32,753.64,25.6,53.53,33.15,948.66,0.48,576.47,3.017
23.67866,69.83204,859.19,632.56,269.99,838.12,20.23,47.45,45.43,976.04,2.79,296.47,3.4309
10.61179,69.19838,334.83,208.31,114.48,353.7,23.0,72.93,41.24,923.95,1.43,854.2,1.4121
23.62907,87.01916,725.64,591.46,124.72,706.82,29.64,50.91,18.47,922.02,1.65,841.57,2.8841
15.62084,81.60335,705.89,450.03,241.37,698.15,21.13,63.2,37.75,865.69,2.24,1338.51,2.8129
20.80179,80.36079,744.9,588.44,162.24,803.3,23.62,64.76,40.19,950.29,0.93,543.66,3.1961
14.31565,71.21159,847.89,760.96,118.0,865.25,17.17,63.86,15.39,843.21,2.55,1511.8,3.5561
25.70804,83.94695,438.08,381.78,77.18,455.86,18.37,61.65,14.85,841.59,2.18,1543.18,1.8609
10.79174,77.12725,526.99,357.39,168.06,579.07,37.62,47.61,41.4,988.84,1.5,197.83,2.2094
24.19929,69.30084,242.87,217.36,40.91,294.21,30.54,62.78,4.02,1005.98,3.37,64.79,1.1014
22.38022,78.36434,843.08,714.82,134.57,894.82,25.61,61.86,28.48,944.48,2.72,622.09,3.5199
22.96627,74.40119,779.46,646.0,131.16,879.28,30.38,60.78,2.87,978.6,4.93,265.05,3.3854
21.86489,78.87378,795.54,630.66,153.75,805.19,19.92,79.72,21.12,915.49,1.24,862.11,3.1502
19.30751,74.59369,347.84,248.51,104.71,352.46,18.59,81.06,25.5,907.63,2.6,991.82,1.3752
21.4299,73.49126,542.02,451.32,106.02,587.52,16.89,78.21,15.58,870.37,0.73,1302.76,2.3681
12.80416,84.25091,292.23,263.78,98.38,330.4,19.96,80.58,46.0,839.07,3.24,1600.71,1.221
9.39516,68.19379,456.93,395.09,62.04,456.88,26.53,61.85,11.5,917.18,4.33,854.76,1.864
21.01,85.68904,699.87,531.56,140.98,759.38,23.9,74.47,19.4,874.85,2.32,1283.14,3.0013
16.70871,76.37627,678.73,485.9,172.78,602.32,13.17,79.15,29.9,841.56,1.65,1618.95,2.4619
15.06253,72.09514,134.8,79.59,25.36,143.27,25.46,63.32,17.8,941.51,4.16,637.56,0.5453
22.35901,68.89737,703.72,504.05,193.68,776.51,30.17,62.11,40.39,918.51,1.95,856.26,2.9561
8.7737,82.40864,507.64,433.0,117.66,580.62,30.4,54.74,14.18,1004.5,3.21,58.2,2.3004
18.71424,72.00388,701.8,557.51,159.69,700.88,8.52,79.0,19.21,850.86,0.64,1490.82,2.9074
22.27818,68.9011,509.21,292.4,184.57,489.69,19.21,76.31,46.55,867.68,1.76,1310.21,1.9195
18.52222,74.35071,603.39,568.02,63.6,620.25,24.44,58.04,31.93,907.72,3.17,910.97,2.4267
20.23667,73.62134,294.64,197.24,90.39,304.72,22.11,61.19,32.53,929.84,1.33,696.18,1.2055
24.02364,81.25463,445.69,247.16,146.84,458.03,22.09,61.05,34.33,996.95,4.67,107.04,1.8406
20.64401,71.19946,602.89,424.84,214.86,596.35,30.07,55.07,47.89,929.09,4.35,760.72,2.2924
23.43337,85.8857,545.26,489.22,72.92,506.27,27.86,66.24,17.82,953.59,1.9,507.81,1.9788
24.37627,79.9974,596.13,467.77,101.0,607.84,26.66,67.55,15.0,1010.67,3.35,13.87,2.3434
8.0602,76.43907,588.27,385.83,113.93,635.82,32.8,61.96,18.93,1006.57,3.24,39.27,2.4536
13.92071,80.34022,560.49,512.46,87.59,542.1,24.93,58.67,25.67,909.09,2.41,967.45,2.1747
10.60245,79.88819,883.04,567.69,314.33,879.08,29.27,57.62,36.08,998.59,3.11,102.72,3.4591
12.05054,84.6993,661.48,535.0,152.08,608.11,17.23,69.12,31.02,897.26,1.29,1098.67,2.4725
18.24475,78.69877,692.91,497.7,208.49,659.15,32.34,57.92,27.94,953.23,4.07,534.63,2.5044
16.99688,83.07221,545.89,397.22,103.0,688.81,26.2,43.56,24.14,901.09,2.26,1031.15,2.8003
23.2495,78.61154,578.56,598.23,80.68,537.93,16.43,68.75,22.39,881.19,3.69,1122.63,2.143
24.51881,84.42686,453.22,401.52,58.09,523.85,27.42,70.21,6.8,903.1,1.82,910.47,1.9957
25.39782,85.29443,736.7,533.71,189.07,725.03,29.2,61.1,29.17,982.0,1.22,238.15,2.819
14.50128,78.90435,136.54,111.54,16.8,159.28,21.98,74.63,9.93,983.91,2.28,226.22,0.6095
26.21482,80.39372,247.03,235.45,22.75,216.1,17.54,70.1,7.13,880.38,0.27,1200.43,0.8859
10.15778,83.03792,475.54,360.91,129.54,459.52,19.03,76.62,42.79,936.87,2.75,645.01,1.8377
22.50342,85.59192,720.55,493.69,206.89,707.23,25.43,73.74,18.62,827.56,2.39,1734.06,2.7592
20.83904,77.55493,568.76,441.73,122.08,609.42,19.35,84.46,18.85,863.76,3.16,1351.62,2.4244
16.23408,87.71555,487.32,266.54,141.08,438.8,23.15,76.76,40.8,860.25,3.7,1458.47,1.6995
17.18155,70.73474,249.28,194.87,97.73,270.5,34.44,42.94,63.42,989.87,4.29,185.79,1.0274
24.42852,73.65417,709.5,448.57,249.32,717.81,7.0,87.29,41.35,820.0,0.8,1775.89,2.8982
15.61272,85.60338,337.84,189.13,136.67,390.78,23.54,56.03,52.38,935.81,2.54,692.66,1.5924
22.80055,86.16821,644.04,511.31,129.87,596.93,19.59,76.34,35.27,876.75,0.99,1202.43,2.333
19.61034,86.51928,486.55,320.9,156.58,536.01,18.68,79.41,52.31,881.38,2.89,1179.55,2.1533
17.07067,85.84998,524.43,459.05,81.66,559.46,29.95,64.8,26.6,867.59,0.88,1312.74,2.1428
21.71441,73.76433,455.76,230.8,176.37,445.15,28.14,51.96,65.13,918.63,3.65,834.04,1.7703
25.61933,71.35691,213.53,167.01,57.99,216.64,19.57,65.27,19.21,903.56,5.38,883.42,0.8561
19.9138,76.23893,463.1,296.77,205.24,471.37,27.99,68.91,50.5,989.69,1.19,179.7,1.8327
14.89039,69.31882,400.91,246.04,137.81,428.03,24.67,64.51,55.72,919.84,1.77,822.21,1.663
25.42926,82.79931,561.81,509.03,85.1,574.27,25.01,74.82,7.71,995.18,1.37,153.37,2.293
21.86441,85.66666,782.44,566.39,198.68,885.03,29.01,56.52,22.94,928.56,2.05,777.93,3.4591
9.79955,72.27129,913.61,825.85,152.57,950.8,19.86,88.14,18.85,840.0,1.17,1598.58,3.7174
18.49949,80.30395,538.28,465.68,111.11,573.97,35.3,58.08,18.1,1000.54,4.25,73.32,2.2265
19.65704,71.90328,599.2,323.5,213.52,683.14,16.12,66.37,41.56,876.39,3.1,1257.22,2.7905
10.98035,79.43081,307.85,229.13,75.24,308.09,25.92,57.36,16.31,928.17,2.67,717.76,1.2208
20.93791,74.66383,344.34,315.17,74.86,322.14,23.65,78.46,18.89,857.54,1.29,1395.67,1.2561
20.799,79.47203,504.72,394.15,170.35,489.09,27.1,81.31,52.42,923.62,1.73,766.1,1.8675
12.42877,76.03931,201.67,90.52,60.23,185.11,19.9,61.59,43.85,892.99,1.95,1033.35,0.7714
13.64741,75.39739,729.69,489.55,196.42,579.39,23.65,71.31,38.35,833.9,1.93,1684.62,2.2712
9.52148,81.90901,466.94,352.49,91.71,496.26,22.84,72.1,5.68,903.0,2.83,912.17,2.0879
9.14267,84.51356,1024.82,888.24,126.75,1036.87,19.83,87.29,6.0,837.41,0.78,1569.82,4.0501
26.66198,68.4316,426.93,284.92,108.93,432.01,28.25,51.81,16.55,861.89,2.0,1279.72,1.7314
21.4596,74.27363,541.18,439.34,127.6,562.18,25.4,64.21,29.23,901.48,2.33,963.42,2.2597
13.72232,71.68761,248.24,155.83,77.95,231.78,27.15,59.38,37.93,920.83,4.04,839.94,0.9176
27.43898,84.55884,270.09,175.24,54.28,279.1,24.99,55.42,16.7,857.36,2.01,1338.17,1.1117
26.20625,68.88703,821.6,674.43,157.79,786.64,26.72,72.54,14.72,839.94,3.81,1598.53,3.0568
22.4862,72.38347,42.75,35.42,9.08,47.3,21.49,72.57,36.24,925.47,4.09,824.48,0.2152
20.15281,70.30908,534.06,361.56,204.22,509.92,20.86,59.57,65.55,885.15,4.59,1160.78,2.079
9.06031,78.72208,514.49,340.18,153.02,569.96,27.66,72.31,33.62,934.36,1.92,706.44,2.2389
21.83396,84.82541,313.26,260.87,71.26,290.61,23.08,66.69,42.31,885.01,1.96,1151.86,1.1275
11.0274,75.98641,795.29,616.43,194.63,727.6,25.43,67.65,22.51,943.36,1.25,596.25,2.8825
23.51027,69.96827,456.8,329.97,101.66,492.57,27.88,62.96,26.68,894.84,2.04,979.74,1.9366
13.7071,73.40069,938.01,766.22,214.92,834.81,17.36,70.94,15.19,916.76,2.15,889.62,3.4134
16.88707,80.35355,630.59,472.27,154.06,603.66,22.84,72.16,21.78,848.18,1.54,1545.61,2.3751
11.05024,71.46945,223.92,148.76,61.86,238.94,21.03,93.6,45.13,900.61,2.58,996.7,0.9367
14.32814,86.48373,635.04,522.09,120.87,703.85,20.52,66.32,7.6,964.8,1.23,444.73,2.9463
20.1515,81.53129,576.68,368.42,161.45,656.6,21.91,74.03,22.71,896.01,1.59,1077.18,2.6485
15.87801,79.40162,495.1,353.4,57.4,547.2,27.49,74.27,5.1,897.43,1.85,986.16,2.1723
19.8496,68.99106,455.96,358.95,107.01,495.25,21.77,61.63,28.42,857.42,1.26,1454.91,2.0045
18.46706,68.57819,228.83,200.46,51.47,220.25,22.02,72.22,12.61,872.22,2.34,1277.07,0.9728
25.24125,75.77447,226.64,269.29,23.88,225.31,21.4,70.68,0.74,846.51,2.56,1485.81,0.9413
16.31113,76.64504,162.71,55.07,33.47,169.43,25.0,62.06,10.22,923.09,3.22,754.71,0.7067
24.7314,80.80875,579.62,352.25,222.88,587.76,22.26,69.83,62.67,931.54,3.31,738.31,2.3299
23.86643,81.31242,423.5,375.89,109.08,431.42,30.44,61.09,19.01,1002.9,4.43,56.06,1.627
27.54148,82.65648,765.31,650.97,100.51,945.35,30.55,56.19,9.23,919.33,6.08,802.6,3.7882
25.57896,87.89256,725.01,612.61,102.37,707.96,19.66,78.37,13.52,940.92,2.22,597.66,2.8821
14.74419,78.4092,780.74,642.95,171.24,898.24,27.96,70.19,3.58,860.07,1.26,1439.4,3.5705
15.97935,76.78,629.33,423.9,201.55,652.11,25.18,64.21,44.68,877.41,1.89,1212.82,2.5987
10.45511,87.91024,493.47,327.57,105.11,496.04,16.78,85.59,25.77,872.85,2.48,1275.12,1.966
24.38964,78.81569,436.01,370.94,100.77,490.61,20.79,63.25,16.04,848.73,1.02,1547.71,1.998
19.32156,72.24062,453.14,307.42,108.44,489.11,29.27,61.42,21.44,958.4,3.25,492.75,1.9157
16.87934,82.79023,418.74,367.51,96.04,388.71,25.66,94.46,33.46,920.86,4.04,758.73,1.425
23.80365,72.2798,666.11,421.92,249.15,626.45,27.71,75.83,40.52,974.14,2.05,333.91,2.443
14.87848,84.97748,301.17,156.32,120.46,333.18,24.08,75.3,52.79,897.14,3.97,1035.71,1.2755
18.993,80.28835,589.44,502.72,162.01,648.68,24.79,68.51,25.44,938.63,1.31,607.06,2.5237
10.12952,74.58089,379.87,304.77,85.67,418.37,22.41,80.69,12.49,831.31,1.24,1651.31,1.6917
15.87249,70.65405,486.7,343.79,116.55,520.4,26.36,75.43,11.92,939.32,3.92,593.55,2.0064
10.67982,76.01049,582.11,472.34,167.65,604.59,30.46,49.88,14.09,1010.04,1.74,47.29,2.385
18.51162,76.97883,770.8,597.23,165.15,708.0,30.28,61.82,26.28,920.17,4.34,817.76,2.7403
22.68355,74.0635,455.5,279.93,168.91,414.4,30.82,63.88,41.14,956.27,3.75,470.2,1.565
15.29977,80.43447,199.01,162.0,48.37,200.72,25.68,76.76,16.55,894.19,4.64,1094.3,0.7449
8.03585,78.50869,904.36,645.24,276.75,928.89,28.55,51.29,34.68,935.47,1.05,664.09,3.6452
8.74311,86.71453,551.23,521.87,98.99,552.87,28.24,73.25,27.8,982.71,6.39,238.92,2.1613
21.74815,85.44555,499.14,400.1,148.99,488.13,28.78,57.3,33.36,1008.3,1.76,43.68,1.963
26.7245,77.28279,263.09,158.57,113.47,280.36,22.72,62.81,46.78,999.14,2.59,118.64,1.1009
10.76681,76.2257,648.82,525.94,129.38,795.58,20.81,87.53,29.03,824.92,1.42,1731.91,3.0544
13.70666,83.23908,822.29,588.34,241.69,589.76,26.96,72.82,25.18,968.69,0.82,424.72,2.333
22.44703,72.62644,448.74,421.98,92.96,510.04,28.06,55.68,18.05,824.54,3.52,1661.21,2.0682
22.58706,75.94987,557.18,448.24,156.86,532.29,27.98,67.7,39.57,950.9,1.26,531.44,2.0497
19.94082,86.12742,455.69,401.31,104.18,473.14,21.16,72.04,25.09,880.48,3.54,1151.69,1.8716
15.46697,80.38862,586.63,496.54,107.67,642.96,29.43,62.0,4.82,1003.64,1.49,106.34,2.4764
12.80438,70.88719,717.59,608.5,132.05,862.89,17.36,76.64,18.09,823.08,1.25,1717.07,3.4509
22.22349,68.46624,276.55,138.5,94.87,287.69,31.45,59.69,60.13,986.4,2.82,222.22,1.1115
11.90056,86.60904,653.55,554.97,170.31,667.24,24.0,68.43,36.94,896.41,0.99,1003.3,2.6494
14.15425,85.92914,781.64,372.37,394.41,761.96,27.11,56.17,63.9,878.13,0.82,1177.16,2.985
17.99146,82.23206,574.6,358.89,172.0,615.4,38.48,61.52,43.52,925.71,0.95,750.1,2.3122
8.67984,81.82951,649.17,475.04,143.0,661.98,23.25,76.75,25.87,850.46,3.59,1500.41,2.6323
14.09673,80.19649,658.31,504.53,147.36,740.95,18.58,79.69,13.58,912.56,1.56,893.79,2.9455
11.09882,81.59536,727.02,600.08,133.42,800.79,21.8,83.98,7.79,871.65,1.76,1269.71,3.087
11.08735,87.69728,479.77,444.11,84.2,459.5,25.61,61.74,22.77,959.46,2.66,424.54,1.8395
27.09406,74.34499,566.15,449.7,150.85,588.53,25.01,76.67,36.33,912.78,2.68,879.1,2.2209
24.2297,70.5135,532.82,362.15,110.41,513.96,29.27,52.68,13.53,1001.37,1.07,124.92,2.0839
12.21931,83.71283,353.0,243.94,110.9,361.8,27.79,66.47,44.51,1000.04,3.46,138.12,1.3692
10.35879,78.07035,931.29,710.05,186.13,849.97,21.17,80.81,17.65,930.46,3.34,710.36,3.288
14.74127,73.18921,704.73,612.79,105.15,764.09,20.91,58.94,6.38,855.72,2.77,1477.07,3.1293
16.86993,77.23627,823.83,500.46,348.76,791.83,29.81,75.23,53.85,930.11,3.23,688.51,2.9753
9.39641,79.96785,441.45,409.76,77.59,422.31,32.29,66.51,15.92,884.01,0.87,1204.43,1.6271
20.30326,72.65558,471.01,343.81,109.9,488.18,25.3,73.58,24.86,987.32,2.42,228.26,1.8886
18.4279,80.01356,506.53,412.94,107.23,480.54,26.6,71.59,26.19,939.9,2.94,667.08,1.8878
20.0275,83.16244,725.32,440.65,307.03,741.67,22.35,69.26,43.27,845.47,1.69,1591.04,2.9567
15.58564,83.19983,516.91,496.98,127.48,556.68,34.42,66.2,45.62,1002.65,4.04,130.76,2.1174
25.9064,80.08868,923.15,669.59,246.68,954.05,19.38,76.95,12.95,881.89,0.85,1206.71,3.858
16.79433,68.56005,589.87,441.27,123.08,616.4,14.45,64.89,14.46,830.47,0.65,1698.24,2.5398
19.71875,83.35365,676.35,532.25,149.57,755.8,24.06,75.05,28.33,889.27,0.5,1065.39,2.9502
23.43842,76.5713,383.29,419.97,62.57,413.62,21.68,66.88,24.15,932.17,2.09,720.51,1.6389
11.92593,84.60546,651.65,456.51,189.09,676.58,18.69,61.38,7.28,820.0,1.56,1775.74,2.8079
8.5334,74.18573,483.26,418.61,68.21,454.82,24.49,57.7,6.55,874.13,2.06,1218.7,1.8265
27.98877,83.30806,336.88,151.99,150.56,373.24,22.66,69.18,77.35,925.99,1.07,786.04,1.4176
13.50994,86.63869,313.92,190.73,47.07,322.88,19.93,73.24,22.16,880.07,1.7,1137.67,1.3211
10.9575,81.17593,571.04,363.1,170.45,593.34,32.08,66.09,39.1,1005.0,1.62,111.14,2.2602
14.1056,86.84269,390.84,267.04,119.56,427.12,25.03,79.51,34.69,920.97,3.49,831.73,1.6515
21.81628,83.64106,936.89,627.0,244.38,988.08,20.4,71.49,26.93,867.46,2.49,1346.95,3.9466
24.81352,78.90302,591.88,536.18,73.98,617.61,19.71,56.39,15.74,831.63,1.99,1643.43,2.4957
14.78858,72.60794,762.84,557.2,148.44,888.26,27.3,78.14,23.4,987.68,2.85,195.0,3.4047
14.78252,74.12632,575.02,363.32,198.19,550.37,36.82,68.48,37.05,976.49,2.2,304.29,2.0804
12.88493,70.952,755.32,603.38,172.78,740.66,22.53,65.79,24.27,826.49,1.16,1714.02,2.9995
9.33539,74.36742,535.43,449.89,57.26,639.97,22.0,71.24,24.01,831.03,3.66,1694.52,2.5407
23.35133,79.99642,383.45,270.65,78.41,387.89,24.02,65.23,14.26,874.42,2.12,1245.39,1.5485
25.99091,81.61605,684.33,503.22,114.33,585.54,21.74,66.55,9.16,894.05,3.38,1085.83,2.391
17.22065,80.51249,577.11,362.87,185.37,488.74,26.78,64.82,33.28,966.33,1.9,359.93,1.8799
26.73306,70.36532,419.04,332.61,102.31,411.94,26.45,61.64,26.23,902.69,2.51,998.65,1.6545
22.75152,75.64279,239.41,138.42,77.53,256.17,21.55,69.6,46.14,855.84,0.82,1400.67,1.0087
16.24636,75.19889,846.04,754.41,89.63,890.07,18.48,58.66,9.68,888.82,0.95,1128.32,3.722
10.93493,72.58709,546.56,479.41,106.14,604.09,30.53,68.51,21.38,998.53,2.58,83.08,2.3414
20.78484,75.58228,418.79,350.85,105.66,409.49,24.49,78.33,20.94,995.29,2.72,144.93,1.6164
19.43946,68.18782,389.52,255.0,159.87,410.43,36.58,59.21,49.44,960.95,3.76,438.64,1.5183
27.12788,76.74986,104.83,55.87,17.41,112.12,29.19,73.84,21.77,916.67,1.13,813.48,0.4074
19.70155,86.47707,838.35,663.64,152.18,814.99,28.71,69.21,26.61,1008.32,3.61,64.02,3.1384
15.67981,71.42638,464.15,387.81,94.77,461.66,18.54,81.75,17.06,866.39,2.35,1332.44,1.866
15.5394,82.4053,685.21,495.87,159.19,591.1,20.6,70.35,34.1,962.15,2.57,436.73,2.326
27.04954,87.85692,587.55,450.56,95.33,578.69,18.64,78.47,10.43,917.62,2.66,819.56,2.3231
17.38655,81.61834,971.13,775.65,156.4,930.68,20.71,68.85,13.31,856.92,3.68,1432.14,3.6954
24.96423,73.01077,753.58,452.43,272.19,705.8,11.74,66.18,45.19,820.39,4.4,1778.61,2.8784
23.1061,69.02784,596.1,374.09,205.29,582.26,25.55,67.62,39.91,985.25,2.66,187.78,2.2467
19.41325,74.84006,511.13,316.17,154.03,504.7,18.28,58.5,33.82,870.29,1.71,1314.12,2.0118
9.2054,73.94371,332.13,272.07,35.3,328.4,25.42,60.27,7.84,941.94,3.67,594.78,1.3112
14.4332,78.73822,484.22,389.96,120.33,540.67,20.36,70.72,16.81,839.41,1.24,1641.25,2.18
19.69475,78.10288,481.09,380.67,73.7,498.05,22.93,69.81,13.49,936.56,2.14,697.58,2.0014
13.66227,84.98862,489.52,378.0,98.6,565.52,22.55,79.19,39.73,951.95,3.93,495.25,2.1604
16.60953,81.6555,673.91,430.62,178.05,698.3,31.3,58.27,31.62,961.53,3.61,454.35,2.6627
25.90161,83.95124,590.16,554.57,100.38,555.89,33.73,75.34,20.8,958.54,3.0,451.42,2.0769
19.38584,86.82172,307.67,230.81,83.97,310.09,21.71,60.74,30.51,903.37,2.19,970.52,1.2024
19.22161,80.67057,208.73,145.05,24.26,249.68,19.65,63.55,15.01,930.7,1.9,737.6,1.048
21.97796,76.80831,773.72,489.34,248.73,733.22,25.61,74.42,19.31,997.05,2.76,156.65,2.9118
21.64342,74.95845,421.29,345.19,108.34,403.87,26.71,70.17,27.31,923.77,2.6,726.88,1.5994
24.46409,77.94887,622.83,406.67,171.09,640.2,29.4,54.09,51.33,949.07,0.73,560.67,2.4793
21.24145,68.92907,42.85,36.65,15.3,43.14,35.86,50.65,35.74,1004.15,2.7,46.06,0.1862
17.85816,74.15106,277.47,136.69,98.24,301.05,23.16,81.52,61.64,846.64,3.74,1471.58,1.16
13.07415,87.63876,499.55,406.07,82.34,524.23,29.76,53.08,2.57,825.81,3.58,1737.86,2.1088
9.12105,74.80008,291.98,153.31,92.7,270.63,36.07,59.52,50.3,942.02,1.45,605.6,0.9981
26.80514,84.67259,375.58,335.54,39.43,344.24,22.62,67.52,1.5,873.24,2.07,1245.4,1.3433
24.81912,74.0406,153.05,105.34,31.99,140.14,28.31,51.85,8.64,982.39,2.65,297.32,0.4991
13.3861,77.00594,207.81,118.31,27.26,230.62,23.54,56.22,15.21,952.46,2.45,531.86,0.9058
20.9034,80.56429,606.61,363.55,234.2,633.46,31.62,59.09,55.62,920.19,2.37,801.26,2.442
11.76117,83.34124,414.29,218.42,117.56,456.98,23.19,57.78,32.38,920.0,2.4,826.25,1.859
10.0024,84.21942,924.56,773.81,154.56,780.04,37.69,59.52,8.86,941.74,4.48,634.99,3.0583
22.24936,84.63158,646.97,551.9,90.55,594.87,22.5,71.9,14.48,836.64,5.1,1628.75,2.3538
20.46506,87.59066,859.94,724.62,175.49,864.37,17.9,79.49,12.32,822.32,2.57,1778.26,3.4936
26.66385,69.45805,287.68,147.07,87.85,271.65,31.52,63.85,32.16,877.38,0.63,1176.2,1.0334
26.25328,87.56407,454.79,217.12,164.28,464.85,35.36,63.32,42.72,994.77,2.32,157.23,1.7817
22.74372,80.8856,639.52,452.62,177.25,604.91,27.14,67.38,45.35,873.01,1.8,1281.11,2.2911
19.69229,71.10766,598.82,421.14,176.57,621.87,23.28,57.73,42.06,832.41,2.6,1671.25,2.5617
9.8535,76.79253,998.85,883.62,108.1,1077.59,16.83,72.08,12.18,852.57,4.86,1425.89,4.37
22.51802,74.5956,464.14,307.12,149.78,446.27,29.23,61.09,32.17,977.96,0.96,284.63,1.7978
10.69266,84.26471,566.9,440.79,105.69,597.8,28.38,61.84,13.28,872.47,4.69,1266.09,2.3766
13.07469,80.12684,801.64,618.59,176.5,731.55,18.06,81.73,28.5,866.81,1.64,1310.91,2.8949
18.98388,71.15764,796.52,586.87,169.75,748.72,27.78,68.82,21.67,1000.46,3.9,132.75,2.8599
18.10744,86.15609,555.37,407.3,165.67,517.69,28.0,54.28,43.2,926.32,1.29,762.82,2.0682
15.40129,75.7084,422.84,377.7,73.46,468.7,20.74,68.28,20.48,930.17,1.04,730.96,1.8488
8.82002,83.5955,400.43,309.62,148.24,395.26,11.92,75.65,51.87,852.32,0.58,1476.86,1.5464
20.39256,70.24926,675.58,523.89,103.99,830.26,38.21,57.25,15.06,947.9,1.95,542.05,3.1876
8.07991,84.83633,109.28,110.76,23.93,110.47,22.19,75.62,21.47,869.21,3.32,1336.23,0.4727
17.40398,74.22077,434.51,425.96,94.41,423.12,19.67,52.92,31.81,832.83,3.16,1679.01,1.7581
11.10915,80.97094,535.33,448.07,133.58,559.96,27.89,53.66,30.04,890.76,3.67,1132.92,2.184
18.18968,87.65602,727.22,440.57,179.52,807.06,26.44,81.91,48.03,923.34,1.49,783.69,3.0938
11.19873,73.10578,889.26,672.07,263.78,894.74,19.58,61.94,30.58,905.87,1.42,978.69,3.6123
12.51987,71.90994,279.93,261.31,56.31,307.92,20.98,64.26,27.3,884.29,5.58,1136.04,1.2635
21.52608,83.041,319.23,193.05,96.71,318.6,25.48,66.09,25.5,961.7,0.83,451.92,1.2605
14.93368,86.15795,324.12,184.13,111.79,334.65,29.67,56.51,34.07,948.96,1.12,530.34,1.3052
17.79148,78.45258,613.19,419.72,205.11,629.29,29.67,53.7,51.6,948.48,2.68,558.03,2.4852
13.20583,82.02239,587.15,455.85,138.54,633.58,28.36,48.59,11.49,1011.59,1.53,79.44,2.5422
17.56318,79.3587,289.69,305.26,58.19,297.79,36.55,52.81,18.93,993.63,1.95,194.86,1.0933
26.54683,68.45778,330.71,252.58,82.25,368.53,30.95,63.62,16.32,1002.25,1.96,107.06,1.4898
9.7065,69.96378,306.4,260.48,48.62,338.03,33.42,55.15,22.58,940.64,3.53,573.92,1.325
19.03783,77.28721,503.13,452.53,92.25,557.38,35.25,43.81,25.93,1013.98,3.51,45.9,2.106
8.92916,78.85095,467.43,402.21,109.19,467.47,28.64,74.53,24.97,915.45,0.54,949.18,1.7583
23.01822,83.0817,170.21,133.45,34.99,178.7,28.34,62.85,6.72,968.87,0.67,411.02,0.7265
16.3264,80.42817,505.22,350.7,126.34,518.47,24.3,55.88,21.69,922.89,0.9,776.81,2.0951
18.39095,72.18672,173.86,132.26,47.83,180.16,26.53,54.75,35.55,1000.96,3.54,110.45,0.7115
18.99664,82.54602,834.81,663.2,177.96,729.26,30.19,65.51,15.38,953.25,3.89,530.08,2.8501
19.52843,86.67312,407.73,306.05,146.78,453.66,18.61,81.11,48.06,828.81,3.73,1709.3,1.7561
21.83942,79.20982,827.29,521.01,178.56,827.3,32.44,63.82,14.5,963.29,3.07,447.38,3.2421
25.66383,76.48768,493.63,394.29,101.54,493.48,31.81,75.62,33.62,999.17,3.32,148.76,1.8555
22.25806,80.41278,519.39,402.96,120.58,565.46,22.03,79.58,29.03,988.05,0.63,206.5,2.2113
27.07825,86.00806,767.1,658.52,129.86,668.19,20.93,64.24,2.26,921.44,3.14,799.76,2.7034
22.21549,69.12334,553.09,364.76,190.81,571.16,20.2,68.56,44.64,840.42,5.1,1607.73,2.3139
14.81725,70.40241,257.63,161.1,89.31,289.23,23.69,56.29,52.87,852.04,2.95,1493.46,1.1307
11.81492,76.06567,465.97,412.8,38.8,472.13,31.87,63.28,7.52,925.53,4.36,770.05,1.8068
22.76011,72.7023,282.98,182.78,90.2,271.03,31.21,62.32,28.09,927.71,1.78,711.42,1.0233
26.80899,79.46934,87.58,71.38,22.36,85.53,18.25,82.13,26.8,855.15,2.15,1433.7,0.3623
12.57627,73.06992,375.95,185.15,134.33,341.12,16.25,71.64,59.74,861.55,0.59,1357.82,1.3357
26.96656,77.19116,543.82,374.97,142.05,551.14,27.73,63.12,36.51,899.04,3.42,1006.14,2.1832
8.52566,85.99327,623.9,413.09,150.33,650.2,19.59,60.1,29.85,837.77,3.3,1526.53,2.663
16.68518,73.11684,526.75,447.26,59.33,498.36,16.37,64.69,7.76,854.99,2.14,1419.09,2.0568
10.46279,70.90867,682.57,510.99,234.46,697.22,18.59,56.22,38.76,898.29,1.95,1004.69,2.9207
12.25584,72.62996,433.85,370.2,41.84,495.24,22.47,79.36,12.77,882.22,1.47,1208.63,1.9097
22.10371,74.95977,542.24,416.67,126.81,499.87,18.62,85.07,21.94,845.02,2.02,1558.2,1.9631
18.61271,84.8374,651.14,523.81,219.41,699.79,30.78,63.06,46.03,954.17,4.09,476.87,2.7002
8.30189,71.46914,663.81,475.55,131.91,706.68,17.13,91.44,26.57,831.33,3.16,1668.3,2.8396
26.66148,69.26907,637.15,506.98,74.18,604.33,31.91,71.77,23.43,984.29,1.86,260.07,2.3111
19.97843,79.70272,45.43,32.05,9.26,49.07,20.0,87.4,22.85,825.86,1.35,1711.89,0.1794
21.16322,72.30969,539.53,307.31,232.28,621.33,25.13,83.66,49.27,852.35,2.72,1443.93,2.4181
23.23844,75.4542,171.76,146.32,29.26,177.38,21.63,65.11,12.16,944.77,2.24,609.56,0.7044
26.16963,72.80254,501.6,380.88,175.41,454.56,21.77,68.09,46.84,849.32,2.84,1488.05,1.8426
14.2686,83.17056,521.86,469.14,89.62,548.41,24.62,64.02,8.77,1008.67,0.54,35.94,2.2129
11.14591,73.92372,661.48,604.2,131.78,698.51,23.72,75.34,23.66,878.27,4.37,1189.67,2.7371
8.50431,75.09418,531.59,275.67,241.05,502.27,30.37,55.98,73.58,989.14,2.46,211.62,1.9495
19.01383,78.95444,213.24,231.58,24.96,223.62,21.88,70.16,7.84,893.17,1.27,1051.76,0.902
21.75507,83.07581,576.64,331.11,221.42,576.84,31.25,59.22,42.81,1006.67,3.61,39.46,2.1937
24.23395,87.03702,684.13,586.09,75.98,728.71,22.52,58.92,6.69,820.0,1.63,1787.81,2.9992
14.81497,70.74787,823.19,720.99,173.35,902.82,34.86,53.09,29.08,986.02,1.0,245.6,3.4482
10.23131,83.76853,647.65,422.72,244.44,718.09,16.58,67.26,43.71,841.27,2.09,1567.32,2.9627
27.83114,84.90112,802.65,648.63,194.48,738.5,21.2,67.59,15.37,870.58,0.78,1243.58,2.9605
12.84492,78.83908,479.34,353.34,145.76,432.06,20.1,68.79,15.68,970.2,2.87,362.01,1.6974
22.64185,81.73263,652.15,483.6,143.68,582.9,20.39,77.09,18.42,912.0,4.78,895.12,2.3446
13.52162,70.08061,736.9,549.25,216.17,649.63,24.88,80.96,30.72,995.62,3.43,155.96,2.5345
13.77957,79.58138,565.99,489.35,72.97,516.19,21.14,85.32,2.53,935.1,2.06,715.92,2.0806
26.37768,70.57026,453.11,460.0,72.5,477.7,25.42,65.77,33.06,908.1,3.72,895.91,1.8518
22.4737,75.18789,522.44,275.46,242.03,500.15,29.45,85.39,83.55,984.77,0.58,222.17,1.8548
17.3265,87.86362,278.82,263.82,54.42,257.93,30.23,71.16,10.22,1006.14,1.76,104.11,1.0242
20.29686,85.59032,792.86,572.34,187.1,724.87,25.58,69.45,28.4,889.46,2.73,1054.23,2.8358
19.18586,76.23566,45.61,0.0,13.43,47.16,23.71,76.08,21.95,897.71,3.21,993.23,0.1694
17.6452,75.84648,754.2,661.64,82.76,720.07,20.04,74.24,13.11,828.53,0.56,1755.06,2.901
21.82654,69.51834,586.08,423.78,175.57,545.73,25.22,60.7,42.19,820.0,2.2,1718.02,2.1178
15.05652,80.90406,263.51,241.05,52.91,273.37,23.94,91.44,30.25,943.02,0.41,589.26,1.0464
8.65694,73.15211,891.73,581.65,314.73,830.78,26.36,62.52,37.68,868.67,1.17,1295.13,3.2669
26.70558,79.59492,247.94,221.46,24.73,256.27,28.11,64.67,22.67,956.85,2.23,508.51,0.976
14.08076,68.57741,559.91,359.7,166.09,661.2,30.54,44.35,51.4,956.79,1.44,491.29,2.6402
9.5729,69.13707,493.24,416.51,95.12,454.08,23.72,77.36,6.75,956.34,2.14,407.0,1.7974
12.72512,72.70825,423.92,235.82,200.47,498.08,26.56,70.66,77.18,882.41,3.18,1176.02,1.9255
12.79669,74.64829,366.36,224.27,132.57,381.96,30.81,53.43,50.42,913.84,1.02,887.43,1.5076
10.86774,85.59114,393.6,300.83,77.51,360.65,32.49,54.65,36.43,1009.13,1.9,44.54,1.4441
9.62642,79.77327,455.58,326.82,120.07,441.78,32.94,65.16,26.26,967.3,2.91,406.36,1.6897
25.67027,70.70079,425.96,320.49,127.66,374.76,27.14,75.17,29.28,864.09,2.13,1275.31,1.4175
9.99034,73.21927,772.06,677.43,133.73,676.75,23.96,57.54,1.69,881.54,2.69,1205.54,2.7938
23.79045,86.34945,567.38,411.0,189.88,534.2,28.98,71.63,48.94,842.17,4.32,1534.77,2.0565
9.61926,72.23222,808.07,614.98,139.19,926.85,19.45,66.36,5.02,847.76,1.79,1514.96,3.822
26.75387,70.88626,997.98,795.72,223.73,971.52,14.44,82.85,12.39,873.08,4.31,1244.35,3.8185
21.84479,83.59695,636.1,480.92,157.66,611.59,29.97,50.56,23.25,922.3,2.8,788.75,2.3656
19.50546,81.15766,494.94,334.05,128.48,462.7,25.34,52.42,30.46,945.58,2.33,591.46,1.8422
21.3048,80.30244,724.58,536.29,229.28,637.49,20.22,74.16,40.93,890.36,1.99,1099.71,2.4834
17.33294,83.19318,872.26,656.49,197.62,990.81,30.69,72.46,29.51,967.8,1.19,383.63,3.7919
20.97412,79.87899,578.31,489.3,83.54,657.86,22.32,70.63,13.07,944.94,5.14,537.99,2.6343
8.73169,72.55529,608.86,513.32,168.34,628.72,32.32,45.67,12.65,930.95,1.88,682.7,2.4602
9.99272,69.27864,570.11,531.4,90.03,517.37,29.85,56.63,7.51,901.65,1.92,1013.29,2.0489
22.68346,70.13552,738.02,623.62,144.84,771.03,23.23,75.5,5.3,898.6,1.13,1005.56,3.1029
27.53308,85.60003,496.14,330.92,151.51,519.38,26.59,63.27,40.13,917.99,3.46,763.38,1.9849
11.17425,83.14297,891.16,639.01,270.22,799.66,29.97,58.21,37.82,985.34,2.06,218.11,3.1642
22.5451,85.90026,43.93,0.0,15.32,42.19,34.95,57.25,48.15,891.49,1.95,1087.12,0.1378
25.07875,72.25513,932.23,720.36,202.68,925.14,24.68,70.41,28.04,936.65,2.0,681.54,3.6532
24.64556,74.18743,391.94,233.9,133.44,371.87,23.0,55.31,43.1,939.79,1.89,586.23,1.5021
17.25662,72.7941,531.88,337.61,126.55,555.0,28.47,73.67,19.96,982.57,1.77,279.98,2.1347
8.9617,76.85404,495.26,366.3,185.22,539.44,21.01,62.49,41.72,961.9,0.75,443.3,2.1506
22.55004,82.32924,459.58,302.78,103.86,516.42,30.25,75.37,6.88,973.12,2.9,307.47,1.9971
26.26565,69.32631,465.57,347.91,76.26,489.53,20.99,48.85,9.51,862.25,1.7,1396.89,1.9896
8.31159,87.78249,537.13,317.06,148.83,566.4,23.33,70.82,18.62,918.57,3.02,834.38,2.2589
21.2702,76.4861,543.23,488.08,67.3,554.58,26.01,74.81,5.59,875.94,0.73,1308.94,2.2387
16.32892,77.09571,474.06,275.58,195.59,480.25,23.8,59.5,44.24,935.68,5.38,667.55,1.9216
21.80182,78.83095,794.88,443.35,344.71,855.78,22.36,76.56,60.74,832.65,3.12,1635.02,3.2606
9.37678,72.69196,511.18,376.48,118.27,499.45,23.04,64.0,13.22,908.29,2.89,859.77,2.009
18.00672,82.35393,586.41,457.49,139.3,463.39,29.57,66.27,41.46,935.55,1.65,662.57,1.8139
12.38263,78.19517,149.98,67.78,37.37,137.97,17.63,82.4,27.56,830.12,3.85,1697.2,0.4863
15.54333,73.2956,506.3,354.09,163.66,590.89,25.24,67.15,54.81,917.6,1.34,861.19,2.3205
19.40953,84.15329,390.08,347.02,31.21,408.97,20.26,64.15,9.65,935.05,2.99,615.91,1.6045
27.27681,82.20493,641.16,591.2,112.91,649.81,20.59,85.95,21.47,848.48,1.35,1511.7,2.508
11.89516,73.37265,366.26,241.02,90.15,347.28,21.64,72.15,19.27,888.98,2.91,1077.0,1.3985
16.63849,71.72358,478.8,404.35,42.75,466.07,32.06,60.91,2.41,831.84,1.54,1680.34,1.771
10.44337,82.57953,615.99,387.53,245.48,531.79,22.45,68.62,55.14,914.35,1.27,911.43,2.0821
15.70302,78.7522,509.36,404.94,117.87,489.97,20.97,83.57,34.12,820.97,0.93,1767.4,1.916
22.34825,70.31908,439.11,271.71,147.83,456.16,34.72,62.77,50.88,1007.22,1.41,50.12,1.7569
25.96136,74.21021,748.59,642.95,105.81,713.88,37.77,60.13,21.17,992.77,2.81,194.5,2.6923
17.07887,68.41813,381.03,243.54,89.48,367.6,25.21,66.78,35.83,926.11,5.58,759.17,1.4242
24.38433,85.06366,462.76,367.2,128.31,490.16,20.21,59.28,18.63,839.18,4.21,1669.86,1.9432
24.90522,78.35726,735.04,557.39,129.73,733.97,19.67,59.72,14.53,974.88,1.68,283.02,2.9978
9.67719,70.93515,878.94,635.35,245.34,924.81,20.26,65.85,15.63,896.07,2.36,985.9,3.6846
16.80793,79.24351,555.88,478.76,114.76,532.21,37.53,49.4,32.94,932.58,1.94,722.06,2.0653
20.32771,78.58217,338.69,363.38,48.43,326.65,22.74,65.37,13.98,828.35,5.19,1645.33,1.277
22.94336,83.08789,401.34,214.64,113.36,394.19,22.96,58.55,31.45,898.55,3.24,981.19,1.5485
18.58009,80.66355,604.57,434.94,144.46,680.11,29.65,74.54,16.79,989.13,3.34,230.99,2.6063
11.80811,77.60006,734.98,642.36,79.03,698.73,27.03,71.0,5.3,962.96,3.45,441.46,2.742
16.77275,72.54192,678.6,556.15,165.5,715.08,35.94,56.79,35.29,936.23,4.89,668.06,2.7183
10.6139,81.67753,525.84,410.87,118.75,515.93,30.76,68.79,17.57,955.26,1.65,513.43,2.003
15.47746,78.7949,386.16,251.63,120.32,395.08,26.62,79.25,37.31,959.6,2.67,460.18,1.5501
21.59007,77.0165,573.42,411.52,141.82,586.59,25.55,60.67,26.97,989.0,3.54,188.02,2.3791
23.65915,70.41343,306.79,269.18,50.65,333.99,22.6,65.73,14.31,908.01,3.57,914.04,1.3478
23.72615,70.46199,522.93,426.89,105.64,521.37,33.13,64.55,17.14,992.26,2.53,158.62,2.0016
17.8411,78.96006,152.2,158.33,34.35,173.87,29.34,68.39,29.34,1002.74,1.29,98.28,0.5767
14.86484,84.77511,41.65,15.34,14.95,43.89,17.88,78.62,41.73,905.99,1.99,959.35,0.2157
14.58467,70.93999,226.14,148.82,71.58,223.37,33.89,52.79,55.32,985.57,1.57,232.18,0.8792
12.39577,68.79648,403.29,369.65,67.57,497.35,13.88,75.05,6.33,865.88,1.73,1339.77,1.9861
14.2564,86.71159,157.63,109.39,38.4,165.18,32.72,65.29,27.67,899.58,3.35,983.14,0.6457
26.62292,75.90836,748.52,640.17,72.25,742.37,30.61,62.1,10.69,965.42,2.25,429.37,2.9147
9.54928,81.84766,296.08,228.12,42.43,316.67,36.48,59.36,21.48,1009.84,1.85,72.33,1.2775
13.99712,85.26898,579.32,395.56,179.1,571.17,33.19,56.36,57.2,964.88,5.47,390.03,2.144
12.5033,84.44231,421.38,389.39,69.71,389.35,23.87,64.84,10.44,895.76,1.7,1079.74,1.5678
10.10432,76.99283,628.95,403.41,225.4,634.98,27.26,73.04,49.64,959.51,0.2,495.25,2.4928
27.65861,69.74278,466.41,372.11,70.92,442.55,14.53,70.6,20.92,846.01,3.67,1468.15,1.8157
21.6796,86.80104,479.0,211.14,160.46,479.11,30.42,63.04,47.41,1003.47,2.58,85.13,1.8772
27.88754,83.36327,478.61,369.61,114.68,485.31,22.19,72.06,26.31,832.49,1.19,1669.95,1.9059
27.54256,75.23353,200.47,108.83,71.63,217.06,25.96,65.26,42.2,980.4,1.17,296.86,0.8845
24.96614,87.79397,421.62,354.59,113.12,397.98,24.97,71.13,32.37,846.32,1.32,1529.22,1.5372
9.41345,68.71143,432.63,341.1,62.09,445.11,26.54,73.58,24.93,932.8,1.41,687.16,1.7489
8.80425,71.11298,362.33,309.85,73.31,384.19,34.26,63.46,14.19,901.7,1.57,1020.53,1.4868
26.69704,86.0305,981.21,866.75,169.02,920.65,24.6,60.65,11.63,932.9,3.62,743.51,3.7113
13.46217,75.4717,347.39,291.66,66.38,370.68,33.2,51.09,19.15,933.5,2.67,702.92,1.4497
21.71716,78.35993,826.36,598.96,233.38,750.38,30.91,56.34,10.55,905.44,2.02,951.96,3.0107
26.43189,73.76401,639.0,537.75,128.77,625.11,24.6,50.58,5.28,894.55,3.34,1006.99,2.6031
9.11223,71.82004,134.94,134.53,37.3,137.45,23.08,75.25,32.76,918.82,1.93,792.79,0.5512
10.01519,76.7857,330.03,338.94,26.4,369.46,21.21,68.54,10.78,918.61,2.06,834.79,1.499
16.87293,70.851,323.69,242.52,53.12,327.91,29.33,74.26,6.57,924.17,3.89,787.97,1.2451
18.94775,68.07502,883.75,779.13,120.75,910.25,26.6,78.88,18.7,898.31,3.6,997.81,3.4824
10.40704,76.00809,590.62,378.65,186.87,591.3,31.58,74.08,40.91,912.95,3.15,807.59,2.202
17.48593,85.69529,654.8,456.89,156.46,690.93,26.81,79.87,35.87,856.78,1.48,1418.19,2.6703
26.20729,80.27771,724.95,584.8,142.32,740.57,23.29,57.32,12.06,907.51,2.77,946.86,3.0019
8.44454,82.5451,313.42,127.06,158.37,291.92,20.54,74.13,75.62,915.92,4.22,901.13,1.1658
20.59077,86.2046,1008.56,876.51,153.44,976.62,36.36,54.12,6.44,977.91,1.84,267.81,3.7634
19.85573,72.49158,585.48,333.39,188.79,546.59,12.24,83.86,44.71,868.05,0.98,1355.54,2.218
25.58387,81.52782,725.85,490.03,231.76,786.9,27.71,62.98,42.66,951.81,4.72,504.36,3.0784
14.33035,70.77482,297.77,198.04,78.14,325.46,30.28,52.88,36.05,986.03,1.35,188.49,1.242
16.57228,71.81342,128.9,177.69,37.86,127.75,14.25,76.87,48.09,824.95,3.45,1757.3,0.5695
22.59661,82.18585,559.47,437.78,111.68,632.32,27.7,65.64,29.24,1010.11,4.48,82.26,2.4273
25.2947,75.83781,548.89,416.11,149.62,518.48,28.91,65.94,13.98,913.27,2.15,908.07,1.9717
26.18995,73.97695,630.28,477.34,170.61,657.5,31.83,58.25,20.94,994.16,3.99,151.33,2.4987
10.55528,86.99304,547.36,433.05,116.4,572.53,36.69,67.73,10.59,1002.17,4.05,103.24,2.1489
20.10935,73.32349,553.59,461.33,95.96,464.96,21.59,73.6,32.95,924.61,0.57,777.12,1.8139
17.67641,83.30272,546.3,387.9,186.56,575.63,22.67,74.03,44.35,1011.39,3.62,24.74,2.2056
25.65332,74.66856,384.2,332.04,90.5,397.01,21.37,61.77,11.14,892.69,1.27,1120.87,1.5887
27.2032,79.43756,544.29,451.08,109.56,534.53,27.76,61.91,19.06,963.87,2.01,497.16,2.1154
24.41984,73.93578,365.85,321.85,91.09,363.52,28.28,60.78,33.62,880.78,1.96,1230.81,1.4688
14.02509,81.42149,687.71,547.44,168.74,694.62,24.4,65.37,48.52,844.88,3.91,1520.51,2.7572
20.64121,78.16971,557.35,487.04,124.08,605.94,23.99,56.62,10.62,993.24,1.37,166.19,2.4513
24.80547,86.10974,640.75,446.52,180.94,554.08,32.85,68.75,33.55,922.28,2.47,792.14,2.0954
16.74357,84.25541,577.77,493.91,143.97,596.12,25.56,75.35,35.93,917.56,3.01,856.49,2.2881
14.27629,69.19938,394.88,400.34,49.52,411.62,20.28,64.61,18.22,909.37,3.17,894.8,1.6155
21.38703,84.61051,560.2,473.44,94.62,518.13,25.78,59.63,23.89,842.91,1.31,1525.31,1.989
18.03565,76.35653,964.06,847.74,117.69,927.45,24.03,61.89,14.87,948.61,2.88,544.44,3.7336
23.84211,75.38589,703.15,624.24,75.03,736.28,27.59,80.29,1.82,903.9,1.16,980.94,2.8702
25.82437,83.85443,246.73,267.06,42.73,265.2,24.11,73.75,32.29,965.51,1.23,365.93,0.9768
15.68768,84.32752,108.86,128.57,21.82,117.66,26.61,53.62,30.81,947.49,2.4,561.48,0.5051
9.25728,87.60886,180.03,146.91,49.0,179.14,36.69,44.38,36.73,944.19,0.85,588.09,0.6144
17.07662,81.73204,515.01,365.62,158.67,551.51,23.48,89.35,33.57,898.98,1.73,1000.28,2.0623
19.35578,80.92921,602.18,497.33,93.05,556.93,28.2,70.27,8.46,934.81,2.94,672.88,2.1572
9.63299,71.10032,277.78,225.21,92.95,305.83,28.91,59.79,43.04,990.51,2.77,241.23,1.2598
19.2305,71.16527,505.1,492.76,72.77,466.32,30.35,63.09,12.69,1003.06,0.81,107.57,1.7939
20.84622,86.98336,584.98,565.41,56.74,620.9,25.59,66.73,9.51,979.22,5.58,259.29,2.4623
23.86941,70.09145,746.88,563.72,145.52,810.95,22.82,49.78,14.52,842.01,3.82,1554.42,3.3358
14.47495,85.54911,703.02,537.59,164.33,838.54,27.63,50.55,27.72,941.64,1.25,628.11,3.3353
9.71918,83.38816,805.36,622.2,161.43,928.29,13.71,66.94,28.41,831.82,4.85,1683.0,3.8015
26.84478,76.6897,757.4,648.28,128.46,745.1,26.46,62.09,22.87,969.97,1.42,352.45,2.9286
11.40495,83.86319,384.16,295.86,103.19,375.43,22.77,68.49,23.72,923.46,3.42,776.78,1.5242
23.38051,81.15455,641.15,355.72,285.54,666.98,40.1,51.05,52.78,982.67,2.05,246.6,2.4836
19.16243,80.42103,451.54,345.73,100.49,369.81,15.6,79.7,19.82,899.93,2.97,993.07,1.4669
21.86998,70.0339,531.09,252.28,268.03,505.92,29.93,62.75,79.28,903.04,4.55,963.8,1.9394
22.2676,85.75621,162.91,131.37,39.72,155.2,12.82,79.95,26.04,881.3,3.42,1180.07,0.6351
12.15558,75.25075,454.94,299.16,111.36,504.9,31.67,70.94,6.91,965.08,2.38,414.52,1.9954
19.78523,84.68846,810.9,521.65,257.62,826.21,26.42,75.68,21.98,890.86,1.74,1071.96,3.2333
23.50961,70.09605,157.6,91.46,65.01,178.97,20.51,63.28,67.87,838.99,1.28,1614.12,0.6778
15.48234,78.40609,516.54,370.58,143.46,471.45,35.14,60.05,27.14,972.36,2.63,326.2,1.7822
22.4379,75.2269,473.25,313.35,146.44,438.38,18.6,93.67,52.44,834.83,1.82,1576.02,1.6777
10.85884,75.09795,586.4,533.72,95.05,600.15,17.08,71.79,2.16,847.64,1.53,1525.39,2.4851
22.03143,82.94358,388.13,337.57,71.85,400.47,22.97,76.16,24.28,896.66,2.42,1007.18,1.5341
27.70105,86.72241,491.42,323.76,165.1,523.6,28.78,59.88,57.43,988.2,3.16,199.74,2.0136
20.69768,70.54602,866.54,560.03,276.63,936.06,25.4,75.26,41.3,837.72,3.05,1558.24,3.5744
24.65337,86.20308,515.77,420.68,105.05,531.93,22.4,70.56,21.59,1008.22,1.97,32.58,2.0749
15.39421,86.59237,649.49,399.72,257.69,691.23,21.62,64.93,70.81,822.02,1.6,1695.15,2.7065
24.95645,82.9171,528.64,409.42,103.02,548.23,26.81,56.97,12.92,910.25,2.01,843.39,2.2191
23.11956,82.29006,47.45,16.97,5.0,49.63,27.0,57.16,12.73,925.3,4.11,763.86,0.1793
23.53445,81.61039,46.33,2.26,8.11,54.09,16.31,68.21,18.34,947.64,3.03,553.86,0.2668
24.8233,85.57887,426.09,235.98,152.44,449.87,21.03,70.66,40.99,976.0,0.98,375.75,1.813
19.96578,68.70277,839.05,523.77,279.93,763.02,20.32,57.0,40.23,852.18,3.47,1450.64,3.0879
20.48636,80.48648,389.54,364.37,85.53,389.47,23.86,80.03,27.3,900.64,5.42,1065.83,1.5267
16.66652,76.41472,643.52,469.82,177.93,520.59,33.77,54.99,21.13,981.97,0.57,290.24,2.0461
12.04602,84.05943,428.13,337.83,108.47,455.75,26.55,66.39,31.5,956.85,3.49,454.88,1.8008
21.84546,68.50486,338.72,368.72,48.35,326.65,19.67,61.95,8.0,904.31,1.84,973.26,1.2984
13.74337,80.9157,745.31,546.03,201.89,740.55,19.53,78.63,20.65,949.55,3.76,527.72,2.874
23.85758,83.84191,795.82,559.18,185.48,835.88,24.08,59.76,25.99,871.27,2.26,1234.59,3.376
16.22314,79.02212,447.31,320.85,155.8,467.02,18.64,77.1,61.6,824.42,2.76,1742.39,1.9004
23.8885,71.10911,378.07,322.75,82.38,376.28,28.17,73.43,20.95,935.91,2.99,657.42,1.4768
27.52833,82.49187,627.23,520.53,120.85,604.31,20.9,74.92,19.1,882.83,1.82,1111.25,2.4388
13.48023,74.40419,457.05,465.25,60.41,455.01,33.97,72.24,23.24,948.33,3.44,588.29,1.6728
14.94077,72.38553,602.47,440.09,163.87,606.2,20.21,77.17,33.78,851.47,1.7,1395.36,2.3796
12.16154,70.53768,795.78,615.71,189.32,787.94,14.03,64.93,20.64,836.62,2.32,1619.89,3.2599
23.96826,71.92009,371.22,228.77,144.58,376.7,20.29,63.38,49.13,879.4,2.05,1174.16,1.4903
12.22218,86.14646,751.24,618.34,141.78,809.99,29.59,71.45,5.24,892.56,1.68,1059.41,3.0712
26.57085,75.73944,490.0,280.3,175.12,418.17,25.73,72.06,42.61,864.54,5.94,1369.0,1.6275
18.84697,77.1759,449.73,373.33,69.78,460.12,15.24,71.57,22.47,851.42,0.4,1480.38,1.8255
25.91069,83.62265,472.35,334.13,138.28,482.18,24.16,68.99,51.03,920.06,1.23,817.82,1.8601
24.16096,69.35856,403.26,219.02,155.55,369.0,14.35,75.81,62.56,855.59,4.27,1476.99,1.4758
13.23184,87.86369,283.25,204.58,97.61,285.61,35.13,72.14,49.03,908.7,1.33,941.35,1.031
18.34817,68.83552,945.79,668.25,245.47,1028.62,24.25,69.97,19.59,852.16,1.93,1513.09,4.0436
18.62761,87.89721,424.2,244.29,186.52,368.11,35.85,76.32,58.5,967.85,5.19,394.23,1.3265
21.32548,71.78045,135.89,183.06,23.57,134.82,24.13,51.32,10.69,990.22,3.26,184.75,0.5395
24.83041,80.96797,899.8,745.91,173.41,970.69,16.18,72.39,25.57,871.07,4.71,1241.64,3.9491
8.72459,86.00687,481.17,398.58,43.59,533.0,23.03,67.0,8.95,848.72,2.78,1471.84,2.136
18.22207,79.85769,518.41,390.77,127.39,585.92,31.46,58.19,11.84,938.01,2.68,657.84,2.3404
8.52114,73.36387,638.68,463.47,176.14,643.08,24.19,77.16,19.79,823.04,0.71,1761.56,2.4924
14.35995,69.84069,614.4,488.42,140.08,619.89,24.3,68.23,14.12,899.72,2.36,1020.77,2.4353
22.46478,80.23893,882.68,533.66,242.29,1017.58,22.13,74.23,27.11,820.0,4.68,1769.83,3.9903
14.01026,86.16529,497.74,481.22,73.35,506.16,21.78,75.92,15.74,855.22,1.53,1416.69,1.9589
25.37335,71.80578,529.63,371.61,136.89,559.12,16.24,72.52,20.01,987.59,2.88,208.35,2.3609
14.55093,80.12817,40.67,41.01,14.79,42.75,25.98,64.95,46.67,970.37,2.43,389.42,0.1316
27.74163,84.34946,812.56,652.23,160.9,713.52,27.53,66.57,25.3,922.86,1.51,752.29,2.8163
9.23872,81.37767,428.32,383.77,97.91,480.79,27.76,66.37,30.91,949.74,3.19,576.54,1.8921
26.05294,74.3229,436.26,348.08,172.03,443.71,32.58,53.29,66.63,1007.62,2.01,63.56,1.7349
13.98302,70.16506,721.5,452.5,202.18,747.95,27.25,53.57,47.2,901.3,3.62,990.02,2.9626
18.04532,81.60391,606.17,466.19,122.79,519.25,27.1,55.97,18.88,987.24,2.31,254.12,2.0662
19.896,74.99578,471.89,346.54,113.18,464.66,27.71,77.26,22.64,966.63,1.09,362.68,1.8383
16.27884,77.45751,727.22,511.59,275.43,777.46,25.23,61.62,21.26,901.65,1.8,985.58,3.1154
9.12521,69.71178,523.08,399.11,69.01,510.32,22.09,77.38,28.57,854.21,1.31,1414.96,2.0181
16.26833,76.48229,355.89,240.23,153.89,304.02,21.63,76.52,57.5,880.99,1.52,1126.63,1.1736
26.3822,69.92825,453.27,339.45,44.79,457.12,26.27,57.97,10.11,992.19,2.88,178.66,1.8279
18.32246,87.46141,417.39,418.56,61.4,480.91,22.41,64.2,7.9,973.01,4.89,343.44,1.9109
18.31128,85.52044,760.94,670.81,66.34,705.98,24.69,73.18,7.54,923.73,3.16,766.79,2.7662
17.53574,79.03969,761.96,584.84,230.97,880.79,30.33,57.65,25.03,910.41,3.06,933.13,3.4652
13.08135,81.36007,582.93,455.32,80.88,714.65,27.87,60.44,2.01,851.23,1.71,1469.55,2.8633
14.93873,80.69063,424.42,331.06,86.32,446.46,26.62,69.02,33.92,904.28,1.62,956.41,1.7966
14.40368,81.43518,355.6,267.2,70.07,359.13,28.56,70.74,14.08,985.28,1.05,279.3,1.4873
9.57946,87.79685,195.93,174.11,28.21,176.25,27.44,62.25,22.78,941.75,1.93,622.94,0.7424
17.22797,72.04793,596.82,468.19,121.66,603.29,19.86,70.82,8.79,892.43,4.9,1055.86,2.4182
11.21282,68.7319,784.51,634.38,178.61,745.61,23.47,66.4,23.46,866.54,6.59,1313.59,2.9067
10.4558,74.91631,638.64,490.62,116.29,640.12,22.84,71.66,12.42,891.52,4.57,1084.2,2.573
16.32691,81.88644,728.62,570.57,191.93,744.3,21.58,74.5,30.92,857.01,1.77,1431.62,2.8842
26.8029,76.34923,687.17,534.34,142.1,669.88,27.36,76.34,11.96,1007.59,3.47,44.88,2.6364
8.57248,85.90979,847.94,721.55,140.26,874.78,16.11,68.76,12.04,865.21,2.33,1350.44,3.6346
16.05065,86.22362,702.2,480.74,227.09,782.3,26.13,76.06,37.51,945.85,2.22,562.42,2.968
9.92508,68.741,490.58,332.89,138.86,498.8,25.37,72.29,44.35,882.25,3.34,1141.42,1.9385
24.88126,84.43561,549.53,300.57,157.6,538.77,20.94,70.78,39.18,882.53,2.93,1143.65,2.1319
9.02076,68.79509,534.98,412.25,138.06,549.23,29.21,63.96,24.78,954.21,1.18,520.94,2.2142
24.54597,86.59547,749.81,563.97,181.9,793.76,15.15,77.69,19.84,882.12,2.24,1170.83,3.2065
20.43785,79.95572,478.4,383.01,123.22,442.11,13.31,74.52,29.53,844.98,2.54,1520.65,1.7985
10.81276,83.93974,505.27,346.98,165.69,465.62,27.24,50.46,25.66,893.78,1.51,1047.84,1.8774
21.86484,69.6078,278.98,223.81,65.28,313.96,25.13,68.19,14.08,870.45,3.39,1280.34,1.2726
8.63356,74.6701,497.62,412.28,95.09,519.88,31.72,75.36,6.37,963.16,2.35,433.13,1.978
14.40378,72.09522,563.5,501.03,115.74,592.1,25.59,83.42,14.43,958.98,3.41,479.97,2.2672
19.85774,70.72914,290.09,189.46,79.72,360.0,26.01,51.06,37.55,852.34,2.05,1418.92,1.4397
12.26525,83.04262,885.99,642.07,287.52,961.06,23.16,68.89,37.0,1001.3,2.96,127.32,3.8142
26.5677,81.87822,522.95,376.36,175.45,603.35,30.51,56.76,50.69,958.63,3.59,464.48,2.3642
8.6369,83.16056,186.32,182.01,70.35,203.2,32.06,74.52,74.45,951.31,0.99,474.01,0.7838
10.34176,68.2878,331.53,243.21,77.61,367.55,33.85,61.01,19.89,962.97,2.4,423.11,1.4317
15.39765,78.38946,617.32,461.15,140.25,606.68,20.24,67.9,25.02,841.58,4.25,1575.97,2.4144
21.01382,79.53486,530.0,261.86,190.94,555.82,29.89,54.62,49.96,837.66,2.95,1600.08,2.2087
24.42846,70.11522,482.24,358.81,154.23,491.18,26.44,76.8,20.74,842.41,4.88,1565.96,1.9215
25.77693,80.45758,332.11,243.6,46.01,307.95,24.54,80.09,18.76,875.92,1.64,1224.49,1.2142
9.35693,78.36641,351.94,291.34,51.61,370.79,19.79,73.19,15.57,821.91,1.07,1770.36,1.5177
12.88422,86.26422,775.03,660.92,116.04,830.31,31.17,64.04,4.77,978.46,1.9,297.48,3.2588
15.66264,82.47377,487.92,351.91,150.29,517.07,28.6,54.57,45.32,920.03,3.28,827.56,2.0461
22.57772,77.24279,513.62,400.57,114.8,543.52,21.84,58.2,17.8,901.12,2.41,975.39,2.2201
13.67481,83.85844,564.4,371.64,184.04,600.14,26.89,71.48,39.28,970.67,1.98,337.18,2.3426
12.70044,69.40754,652.06,543.78,128.34,641.31,13.9,68.83,22.3,872.67,1.94,1256.07,2.7182
8.15111,68.90524,783.15,669.07,101.52,667.2,27.13,60.43,14.18,897.47,1.58,1112.06,2.6781
26.76134,81.82026,299.54,133.14,68.74,300.22,26.38,60.99,27.9,894.56,3.48,1097.68,1.1375
16.88948,75.08902,206.38,161.18,55.04,231.73,22.96,80.3,41.91,891.55,0.54,1099.36,0.9226
23.34817,72.24189,434.77,296.17,143.96,436.59,19.5,71.79,40.43,907.8,2.38,918.87,1.7307
13.35736,80.14044,679.17,345.53,275.55,604.44,25.61,70.19,52.05,898.94,1.58,1010.16,2.3265
19.96601,80.89106,659.46,483.22,154.46,642.82,26.14,51.21,18.03,957.65,1.85,495.39,2.6008
24.18124,69.78148,574.31,420.88,102.08,632.54,15.46,65.62,3.6,840.7,2.76,1587.94,2.5911
25.78702,74.54596,287.41,256.73,46.34,298.97,16.77,67.28,28.77,843.09,1.84,1595.36,1.1914
19.38164,84.14942,545.52,294.7,192.38,569.84,27.95,61.5,56.02,908.3,2.79,879.63,2.1931
21.53065,74.63822,477.16,350.14,154.71,505.83,31.05,53.13,54.44,947.44,2.14,588.8,1.9765
16.50408,84.23721,867.6,627.12,228.77,945.81,21.74,73.1,31.84,924.52,0.99,793.71,3.732
9.26528,81.88766,197.98,198.93,29.76,199.2,35.94,61.56,25.06,1006.5,1.79,54.36,0.6852
12.44352,83.49567,690.4,494.34,222.96,704.43,29.88,63.36,23.95,877.11,0.92,1192.66,2.7257
18.37993,68.81943,810.4,670.38,132.36,855.3,27.48,69.08,9.74,995.49,3.53,173.68,3.2897
14.42667,75.86651,243.19,227.26,71.46,288.46,26.83,67.29,20.71,906.47,2.92,1020.18,1.116
9.37336,70.29316,526.57,521.68,81.67,507.88,34.32,59.98,17.72,970.55,2.4,381.54,1.9648
24.37282,87.11549,385.8,266.56,117.63,385.8,22.58,67.02,38.47,861.71,3.51,1385.02,1.5946
21.66561,81.80275,927.91,736.18,180.84,1032.5,32.38,67.79,22.91,998.37,3.18,90.03,3.9842
11.77949,76.9917,740.71,608.77,118.47,693.38,17.46,73.15,14.77,936.59,0.75,653.25,2.755
11.72619,85.37922,358.74,285.3,86.87,305.57,19.12,61.98,24.3,853.87,5.05,1391.77,1.2447
17.3594,78.28548,491.99,328.73,198.92,418.48,23.98,69.72,49.19,864.08,2.8,1367.58,1.6336
10.44455,81.50129,256.9,245.5,36.93,227.91,29.87,67.24,11.82,1012.76,2.37,13.86,0.8703
23.05115,78.21399,953.81,720.22,258.6,907.54,25.06,50.76,22.9,963.08,2.34,425.87,3.6609
13.34548,71.4158,438.73,303.14,122.88,472.54,29.13,76.37,33.78,851.72,2.5,1437.44,1.8144
19.01684,71.71873,387.13,185.12,127.85,407.78,17.22,90.07,35.33,875.09,4.24,1304.43,1.5428
13.30509,85.88323,524.91,402.87,126.63,535.28,16.25,60.38,26.38,846.06,2.01,1514.97,2.1989
21.02866,73.15285,549.03,368.93,175.35,512.23,19.84,76.62,51.96,849.37,0.58,1527.55,1.9971
8.05338,68.59167,507.6,441.73,71.52,555.34,32.57,44.5,17.45,939.75,0.89,652.85,2.1849
11.58305,87.66381,1001.35,864.03,174.62,1020.16,22.99,76.72,11.58,853.72,2.08,1423.12,4.0393
19.65542,83.67313,677.86,405.53,295.85,596.3,20.76,85.65,65.92,835.71,1.6,1668.17,2.2765
19.16132,81.42628,410.57,317.14,78.32,444.12,33.56,51.11,13.38,1012.29,1.81,57.6,1.7798
26.71695,68.76762,354.51,245.88,104.42,339.81,19.32,67.48,37.94,832.49,2.28,1648.25,1.4244
26.34225,72.81312,184.08,103.4,75.79,185.13,23.04,58.79,74.4,873.5,1.43,1257.9,0.6667
23.44465,71.90159,753.48,517.55,181.05,721.02,22.75,65.22,28.84,917.35,3.87,764.95,2.809
26.21942,68.37108,480.08,303.56,108.3,424.09,23.2,68.35,45.6,968.11,2.6,404.07,1.6265
21.08038,78.36832,426.65,286.42,161.22,462.31,33.28,51.75,38.15,1007.07,3.02,96.29,1.745
19.59875,81.3257,782.2,689.04,85.1,762.33,16.53,87.08,7.4,860.49,2.1,1424.79,3.0574
10.06694,72.92978,563.13,408.83,151.63,484.63,27.88,55.86,47.2,938.96,2.0,641.72,1.9563
12.01426,86.64013,669.94,499.75,155.55,639.81,26.47,55.89,26.46,860.28,2.99,1351.76,2.5843
26.81127,84.02891,315.07,140.07,125.19,307.66,18.17,69.26,58.15,820.0,2.96,1759.4,1.2307
15.56042,76.97634,421.29,316.52,122.7,399.64,20.53,78.14,24.12,885.05,3.22,1154.49,1.631
25.30529,73.6039,531.7,486.73,51.82,649.53,22.78,58.67,5.44,877.15,3.54,1251.15,2.6742
11.94072,79.7884,389.4,209.99,181.86,349.92,17.14,59.77,76.77,836.81,3.14,1577.32,1.4267
17.08457,69.74018,821.38,609.12,214.55,831.07,31.18,55.7,10.91,870.43,3.18,1237.62,3.2571
13.53916,72.02044,769.43,610.17,142.88,716.16,25.27,76.32,16.14,847.69,2.12,1479.76,2.8056
19.09506,73.87822,476.52,346.01,151.78,480.13,19.76,75.19,36.62,960.92,0.79,421.75,1.9449
24.76168,80.69862,271.65,227.85,73.8,287.24,24.18,45.3,31.2,924.2,2.2,818.07,1.1791
26.67142,71.78962,95.28,77.93,30.89,96.5,29.54,58.55,52.59,897.99,3.89,1039.2,0.3878
14.34716,82.79271,176.55,87.78,45.88,204.3,27.46,57.4,43.91,902.9,2.61,1021.87,0.7686
19.56495,69.18494,662.01,445.86,201.71,767.67,29.88,64.07,38.24,996.17,1.46,130.99,2.9729
27.7416,71.23429,46.7,0.71,7.55,42.34,23.62,77.95,16.48,959.7,0.52,495.02,0.1652
12.07714,80.50376,522.28,439.6,98.54,538.53,29.4,69.17,13.55,1006.94,1.81,126.56,2.0731
23.46828,76.44206,541.38,363.12,111.27,591.45,25.98,59.28,28.39,857.73,3.02,1384.28,2.3733
27.39077,87.56825,867.31,632.9,196.4,902.25,20.97,76.86,18.96,832.35,1.91,1649.3,3.5329
15.71368,82.9596,918.91,791.21,120.76,1046.87,30.06,77.12,8.84,918.0,4.17,861.72,3.986
10.1449,74.0354,291.1,196.15,95.64,318.31,25.58,61.51,45.45,860.06,2.47,1415.8,1.235
21.21879,79.6649,788.04,595.15,108.83,767.28,22.99,67.13,22.69,985.92,0.73,223.05,3.096
21.90408,82.67225,532.12,374.44,138.68,461.94,23.58,59.2,43.25,887.12,1.28,1122.17,1.8592
9.52502,84.16974,514.43,488.54,70.57,516.25,18.47,59.94,6.88,820.0,1.41,1770.41,2.1197
17.53356,81.65028,441.74,359.28,78.18,376.07,20.42,71.41,12.07,925.7,3.76,767.32,1.5267
11.1963,72.38869,232.71,137.85,114.13,237.59,27.74,60.65,69.27,915.45,1.79,885.51,0.9507
14.10373,72.02293,445.77,310.8,156.69,529.53,28.49,51.27,62.56,849.64,2.89,1455.41,2.1161
24.52751,76.95838,645.41,536.36,85.6,699.75,22.96,63.96,4.66,921.01,4.9,862.08,2.8047
20.62021,68.41218,470.9,377.47,44.09,511.42,30.76,78.56,4.42,969.47,1.56,401.35,1.9335
20.97365,84.90621,158.88,162.64,44.75,166.74,28.27,75.99,36.39,927.94,3.29,664.98,0.6604
19.49553,72.36806,478.2,331.11,115.35,390.12,19.19,67.63,26.14,964.91,2.57,399.43,1.6079
17.63027,75.13162,296.87,140.97,104.91,298.69,21.46,76.89,49.6,845.17,2.71,1523.76,1.1823
13.60788,72.30244,785.03,705.27,92.1,741.85,26.08,72.14,8.72,899.34,1.94,1055.23,2.865
26.36351,81.90248,340.63,293.07,98.78,334.5,27.9,56.69,30.35,918.21,4.65,794.08,1.3333
20.78952,80.57708,478.46,320.91,149.36,477.63,17.41,76.06,26.26,830.62,4.93,1595.99,1.8754
13.00885,83.50217,465.4,294.85,126.92,507.49,20.8,73.2,31.02,847.08,0.62,1527.33,2.0007
9.82503,84.9615,176.19,99.9,49.25,180.08,35.79,61.0,30.21,940.7,3.59,650.08,0.6962
9.93061,70.52664,247.18,200.88,63.36,274.16,25.74,59.73,22.83,848.6,3.21,1465.23,1.1155
16.67134,77.08424,458.2,331.54,148.77,536.26,24.51,62.2,40.11,833.1,2.79,1621.85,2.1084
23.39346,68.43895,450.86,421.63,47.97,481.4,13.15,78.64,6.46,917.22,3.59,801.59,1.985
16.01792,83.43196,554.85,547.03,66.69,551.28,17.51,70.12,7.92,831.23,1.89,1702.46,2.286
11.42013,77.13358,686.44,338.82,322.93,752.43,24.08,69.07,67.79,891.98,2.51,1093.21,2.9277
12.18105,74.20593,215.11,163.62,41.0,223.93,21.86,75.48,31.97,906.07,0.48,913.28,0.8438
15.82387,71.00073,381.21,226.03,117.22,351.44,28.96,55.07,38.78,987.02,0.41,249.43,1.4268
12.88515,68.53183,825.19,685.49,135.97,852.53,22.12,67.29,13.08,908.9,2.06,859.56,3.432
11.43837,85.15248,716.87,477.39,261.06,766.53,25.23,75.94,56.29,955.61,0.83,523.21,2.9315
25.50277,83.20283,879.23,548.68,259.74,1026.62,17.92,63.46,27.09,925.37,1.55,791.8,4.1302
24.40169,84.19146,754.39,492.95,260.93,832.34,16.61,58.72,39.56,836.18,1.22,1627.84,3.4211
8.61023,73.18629,349.54,203.04,110.28,348.42,24.09,76.32,33.6,898.38,0.79,1000.56,1.3654
16.01534,83.24307,624.57,479.41,146.27,596.49,26.07,78.62,33.78,868.96,1.0,1305.46,2.2549
21.46944,74.41339,329.13,239.6,81.86,350.89,30.06,56.64,31.55,976.83,2.79,316.86,1.416
18.10429,83.41788,778.16,630.02,175.33,719.94,15.12,86.25,22.89,820.88,1.06,1692.0,2.8257
8.96516,72.52348,701.23,432.71,233.58,766.36,21.85,71.19,19.63,840.54,0.21,1576.55,2.9724
18.26928,76.37369,529.32,391.96,144.77,566.79,29.4,84.38,47.97,995.96,1.34,151.77,2.1334
8.29866,80.40363,772.4,648.98,142.42,899.76,28.91,71.63,11.56,924.9,1.15,759.64,3.4928
17.61303,68.79176,465.09,349.15,105.9,478.15,25.94,58.92,14.22,874.65,1.59,1150.43,1.9663
10.04859,84.17579,775.88,646.74,202.57,745.11,33.24,66.25,26.88,997.51,3.24,194.41,2.8419
20.3684,69.48456,379.58,364.96,47.0,361.07,22.55,71.42,6.09,845.67,0.4,1575.8,1.427
27.5065,76.20018,207.11,140.01,45.91,214.3,27.73,51.51,12.54,994.09,3.16,187.65,0.8023
25.85475,74.23016,590.41,494.3,108.98,620.83,21.95,67.26,18.59,935.6,1.85,725.61,2.4774
22.47558,77.18139,659.78,475.36,230.4,651.39,19.64,67.26,39.95,855.82,1.45,1455.66,2.5888
15.98662,68.77013,994.76,806.97,208.85,1057.44,11.57,67.56,12.83,825.06,3.52,1754.79,4.4528
25.66705,72.00708,365.96,176.76,60.19,409.48,15.91,73.86,44.97,937.84,2.14,670.25,1.6349
21.02768,85.18069,813.35,676.58,151.02,977.66,20.63,67.06,18.41,880.44,1.34,1223.46,3.9332
27.12677,73.92389,593.53,536.93,138.52,596.19,24.78,63.82,18.71,920.9,1.19,805.97,2.3514
22.96865,84.06924,592.1,419.67,156.92,559.45,25.57,54.76,26.28,889.94,1.88,1153.06,2.2882
27.4895,71.56068,433.35,290.83,119.77,424.89,17.18,58.43,34.66,839.35,4.36,1593.87,1.7426
9.1502,75.98081,400.55,322.0,74.83,386.0,26.72,71.74,16.1,952.86,0.86,507.31,1.5244
18.23545,85.00233,631.26,487.01,136.12,640.99,17.5,69.52,14.09,877.88,3.05,1200.08,2.5943
8.96026,68.51169,719.57,480.12,229.28,768.07,21.62,69.5,29.5,826.22,3.61,1705.24,3.0042
19.69497,75.91741,220.38,183.52,17.63,199.3,27.27,65.01,8.52,878.47,2.03,1192.67,0.7618
17.65657,84.53147,466.12,384.62,110.48,468.95,27.09,64.65,20.31,842.24,1.31,1509.06,1.8384
16.21951,70.7551,576.32,442.52,132.7,548.3,25.48,72.74,25.8,900.34,1.29,995.88,2.1081
24.07161,72.13272,692.92,564.23,171.39,628.11,29.6,61.85,23.56,848.96,0.5,1511.42,2.4304
24.42094,75.04318,513.57,339.21,143.98,487.27,21.93,59.7,32.91,849.61,5.09,1467.13,1.9805
22.53404,78.15674,582.9,322.39,232.66,498.28,18.74,69.13,48.88,944.33,5.06,550.92,1.9432
11.58014,71.41376,506.33,335.04,124.03,459.19,21.43,72.79,19.56,860.78,1.71,1377.69,1.814
13.92928,74.21473,700.83,449.08,297.94,695.18,27.1,62.64,50.85,877.22,1.36,1218.34,2.6685
14.43442,77.32393,800.18,702.1,94.59,795.07,22.3,78.38,2.25,863.48,1.34,1341.88,3.1531
17.39889,71.94695,390.81,270.52,104.87,454.56,19.28,78.43,18.43,896.5,1.91,1023.12,1.7487
13.67057,74.16399,665.44,504.89,217.51,714.82,31.34,54.89,35.64,995.01,3.42,128.52,2.7979
23.05041,85.84521,907.63,788.58,97.94,937.99,16.18,69.01,9.73,840.81,3.18,1504.25,3.9218
14.43152,86.91783,727.47,580.92,144.78,814.39,25.73,75.08,16.31,936.68,1.7,667.35,3.1707
27.69789,71.05285,605.46,547.16,104.19,560.48,16.35,66.37,20.24,900.54,3.52,963.88,2.3112
21.38444,74.78242,514.61,430.58,110.1,516.86,31.53,56.97,21.25,969.12,2.95,384.25,2.055
17.16364,87.59581,635.97,354.55,270.99,596.6,32.57,47.52,52.61,949.3,4.09,561.22,2.3088
24.9264,69.39851,648.96,623.24,78.41,756.52,26.71,52.62,16.79,976.2,2.82,271.89,3.0765
16.33912,69.59739,831.6,630.43,197.9,892.67,20.92,69.75,27.85,1011.34,0.59,26.64,3.5643
27.28959,68.59888,473.54,328.83,176.2,395.76,23.78,77.93,39.96,879.33,1.91,1206.23,1.5544
19.69178,81.83319,410.73,240.07,123.83,370.84,22.8,68.91,35.45,923.78,1.1,775.45,1.4568
9.49174,87.09241,171.47,190.59,25.82,157.75,23.84,52.1,13.53,858.67,2.02,1349.32,0.69
8.52407,84.88682,374.72,180.95,156.81,371.77,16.42,83.67,60.23,841.28,2.0,1591.55,1.4507
13.25866,75.78253,328.5,313.7,65.08,348.44,25.4,73.72,10.87,937.37,1.63,647.36,1.3796
20.19347,85.59576,439.56,314.24,144.02,482.72,30.79,45.56,38.64,973.07,0.93,360.95,1.9094
25.48765,76.04773,369.82,251.31,44.16,390.68,33.41,64.35,12.91,1007.77,2.83,111.94,1.517
25.34932,87.37698,489.98,362.31,161.65,508.91,24.62,61.8,29.71,966.37,3.98,456.14,2.0756
26.46002,78.25247,315.06,261.98,36.96,341.62,18.03,76.87,11.16,825.22,2.1,1733.74,1.3706
13.53489,73.48493,254.7,262.15,52.5,242.47,24.84,79.8,27.86,939.05,1.02,598.84,0.9469
10.4912,70.09664,312.73,268.94,94.98,289.08,28.41,70.35,27.17,949.45,1.37,568.52,1.0985
12.1473,69.08582,290.83,200.09,67.26,293.14,21.62,75.13,31.32,941.46,2.38,700.51,1.2173
13.33159,78.89441,592.95,522.1,92.1,606.23,30.76,68.17,31.78,1002.7,3.96,97.73,2.346
26.55856,78.18514,86.46,101.66,17.04,97.69,21.77,53.64,40.14,945.88,2.15,609.56,0.3939
27.40701,82.76854,241.07,178.77,66.63,241.43,20.97,68.98,41.3,826.19,0.44,1721.13,0.9097
26.58162,77.70822,479.27,314.63,144.92,481.76,30.61,81.51,39.12,1009.06,2.45,20.21,1.8568
18.39092,78.88023,174.64,103.64,39.36,169.22,20.17,79.9,45.18,864.77,2.42,1387.07,0.6352
27.35705,68.55989,307.49,166.62,112.83,321.71,21.17,82.79,37.52,904.5,2.37,944.8,1.2872
25.67513,78.2576,975.85,818.91,144.32,964.56,16.43,73.47,17.65,834.14,2.95,1569.32,3.9488
11.09987,75.23948,426.21,310.05,152.62,417.26,26.44,68.61,53.59,874.84,0.87,1223.63,1.5896
18.25391,86.38857,225.4,157.07,41.0,219.04,22.5,71.28,28.75,931.47,2.18,708.73,0.863
14.89192,87.18195,443.0,382.25,56.6,438.14,14.74,68.69,18.37,820.0,3.21,1793.78,1.8405
15.85992,76.10969,835.86,563.02,211.19,760.97,37.55,66.44,31.68,996.11,0.93,172.77,2.8856
21.32545,78.20338,671.29,482.91,184.8,707.15,20.9,76.51,32.27,885.12,0.79,1119.86,2.7992
21.82766,84.71961,488.07,354.77,123.88,508.36,14.45,73.17,21.47,842.35,1.26,1511.32,2.1156
24.3782,83.98011,276.42,146.84,66.37,277.27,33.19,59.24,41.46,998.96,1.43,72.73,1.059
21.0678,70.99352,324.44,199.3,55.59,350.88,15.86,84.99,13.28,853.7,1.22,1494.01,1.4617
12.73157,71.28503,583.05,587.41,74.06,530.42,25.0,65.72,7.92,876.73,3.47,1180.36,2.0975
16.52767,76.87951,686.47,690.37,76.76,558.68,20.95,64.8,7.87,931.69,2.85,669.26,2.2745
22.60202,87.55432,234.94,135.96,129.49,247.72,23.37,88.2,72.97,942.59,3.18,641.22,1.0082
27.3174,84.75931,303.95,270.6,86.61,294.65,19.35,55.5,31.21,830.87,1.62,1659.9,1.1746
8.04839,84.80721,314.3,281.16,78.61,267.38,24.84,52.15,10.0,909.43,0.65,948.73,1.11
25.18867,80.29265,564.2,481.18,114.64,712.13,18.91,69.28,14.52,846.18,3.23,1492.37,2.8999
18.06385,73.92598,617.99,454.57,185.82,678.2,24.63,63.42,47.43,935.28,2.58,650.02,2.6925
18.35583,81.33502,600.04,294.4,251.39,710.27,17.92,81.74,50.77,854.31,0.8,1419.12,2.7765
18.08173,80.38763,491.0,344.61,122.4,524.91,26.41,92.67,31.44,925.4,2.12,737.08,1.9624
10.5666,86.96727,615.0,537.4,100.5,568.52,23.62,78.4,9.3,921.37,3.97,851.49,2.2037
10.99016,80.36513,1018.98,885.66,148.05,938.21,19.87,74.55,7.38,856.55,3.91,1369.87,3.7473
18.81137,83.12484,1002.86,764.61,201.87,889.48,23.98,72.81,9.31,949.28,3.59,539.43,3.4937
26.71184,68.70306,566.32,448.16,105.0,579.31,26.35,68.04,19.5,992.18,1.34,178.33,2.295
11.9428,86.89808,519.2,404.64,61.35,460.36,22.92,69.74,3.31,980.53,3.66,293.24,1.8296
21.12347,75.95788,624.26,554.91,49.94,662.36,36.07,66.05,17.94,972.9,3.4,363.58,2.5119
25.48965,79.62876,298.81,259.63,80.05,272.15,19.86,54.64,17.16,837.93,1.22,1613.42,1.043
27.38216,83.11545,444.53,359.29,83.8,473.52,17.19,81.33,15.44,904.87,3.54,902.83,1.8766
11.88163,82.54141,713.08,535.92,137.13,850.27,33.43,70.4,21.32,960.76,0.27,426.3,3.2917
20.35415,72.8834,158.87,162.79,59.54,163.74,18.92,76.05,46.22,827.72,0.81,1697.46,0.6399
10.32796,71.02188,528.05,382.51,102.21,502.9,28.24,62.36,11.77,926.95,2.08,788.38,1.9245
17.62671,78.34066,167.1,102.62,31.63,167.97,26.71,62.56,10.84,956.2,4.08,475.05,0.6417
9.35234,85.79701,595.07,465.33,112.71,679.52,36.15,56.86,23.63,1006.36,2.8,104.91,2.6537
9.79807,71.66706,349.71,239.08,108.84,392.68,14.84,74.71,39.09,823.27,2.86,1696.57,1.5831
16.04044,81.25811,285.85,219.35,73.47,267.01,18.5,79.08,36.01,870.53,3.13,1276.16,1.0519
17.78479,69.29222,306.66,242.92,54.51,347.17,25.31,77.37,11.91,1000.99,3.41,133.18,1.3448
18.94541,78.51705,376.99,179.38,137.45,413.43,16.64,65.77,22.4,852.96,1.84,1532.14,1.725
27.86851,73.48268,604.63,536.42,105.87,608.61,25.17,56.76,19.74,968.02,0.84,383.03,2.4912
11.97571,75.13915,492.59,311.9,148.94,533.32,26.47,62.43,35.61,897.94,4.49,1012.84,2.1225
10.26466,82.03218,776.24,553.28,217.52,788.35,26.92,61.74,32.89,834.28,1.03,1650.29,3.1102
16.45289,85.95524,404.69,257.48,133.98,447.16,30.98,60.56,53.65,909.11,2.23,937.64,1.7104
23.76316,84.04411,91.91,110.13,25.58,96.38,25.13,66.34,40.06,934.66,3.72,655.81,0.3625
18.79698,71.55857,507.37,388.15,113.37,561.15,24.79,62.59,14.22,908.88,4.83,905.8,2.2699
22.10036,78.95339,136.68,86.2,38.14,148.86,27.99,73.09,44.12,895.71,1.52,1000.36,0.5593
8.80219,87.00165,705.97,466.3,271.13,719.19,16.09,72.68,46.16,850.05,2.66,1448.31,2.8283
11.02728,71.95086,245.08,235.78,52.02,271.81,26.89,60.99,15.83,891.2,2.03,1066.46,1.1249
18.52525,77.91513,137.63,86.87,42.75,130.45,14.23,68.84,45.33,916.21,2.83,841.68,0.5371
21.58511,76.89303,546.13,429.67,107.06,558.21,20.62,82.84,25.26,872.64,1.82,1231.38,2.1727
21.91137,68.4492,637.45,421.93,199.68,656.62,19.35,55.59,35.81,824.63,2.43,1771.08,2.6592
20.98141,84.30539,938.27,778.8,130.96,970.22,28.65,58.16,26.6,993.8,5.14,175.06,3.7944
22.2088,76.46874,718.17,386.59,346.43,765.75,27.87,61.36,68.16,924.29,0.77,806.32,2.9136
8.6767,83.13092,608.79,512.08,102.74,666.78,20.46,69.48,13.33,888.59,6.4,1064.28,2.6958
16.06083,80.83474,634.18,446.44,226.49,672.31,18.58,84.03,39.71,909.98,1.33,899.47,2.6097
10.08743,69.41515,387.11,219.11,99.85,389.97,25.01,81.76,15.62,953.93,2.24,536.99,1.4883
12.60234,86.43755,618.33,612.03,61.89,632.01,20.12,60.41,8.68,822.05,2.25,1757.15,2.5638
26.73782,85.21948,706.18,493.29,226.09,749.42,22.27,57.11,25.37,939.45,4.05,660.89,3.0539
12.05342,72.31327,266.43,220.83,76.18,271.11,34.11,71.97,42.95,988.3,1.77,214.42,1.0228
14.3937,83.02617,516.96,337.08,184.57,636.19,17.51,73.89,42.01,820.0,1.37,1774.87,2.5419
14.13195,73.98117,396.1,243.5,152.84,383.91,19.7,64.0,35.56,887.48,2.72,1100.98,1.5838
9.05519,80.79557,142.77,183.14,17.61,163.18,22.77,75.78,14.61,1004.22,4.15,93.88,0.6682
13.48187,69.08136,731.03,524.38,217.05,824.52,19.02,69.73,5.94,878.31,3.56,1256.77,3.2615
20.64127,86.24915,655.87,481.75,211.63,766.97,23.9,58.54,53.96,893.4,4.02,1009.46,3.033
15.48403,87.25377,151.99,137.57,57.15,158.34,31.84,76.58,39.63,941.95,3.58,611.3,0.6552
20.04087,76.78018,745.58,468.92,267.05,687.6,29.24,77.5,61.73,990.41,2.45,125.06,2.5617
24.84768,78.67948,538.77,425.71,108.72,582.56,29.63,78.17,23.09,845.74,2.13,1466.39,2.196
12.63544,77.08514,416.71,343.34,111.22,388.92,25.51,64.35,29.3,850.3,4.35,1527.13,1.5112
17.56694,78.51945,502.62,387.66,59.06,494.89,29.09,56.19,12.43,984.66,3.83,243.77,1.9929
11.46171,84.34731,324.3,223.06,63.62,278.2,31.6,56.87,15.26,1004.46,3.54,76.2,1.0818
17.71499,74.42702,535.68,438.72,108.06,502.92,30.43,60.15,17.35,943.14,3.34,560.24,1.9966
13.29274,73.89034,376.06,143.91,202.79,360.03,39.22,69.92,65.47,993.42,5.27,135.92,1.3876
23.78292,75.43277,571.26,400.98,194.23,608.97,32.03,70.57,45.74,949.76,1.6,509.31,2.2336
17.70203,83.98092,323.55,225.61,117.12,299.8,26.56,59.1,46.38,835.05,1.11,1621.34,1.1669
24.76601,81.74867,495.99,390.84,121.93,476.53,27.96,76.7,44.6,989.91,2.69,197.72,1.7992
20.84021,76.21906,755.34,615.7,139.79,791.18,26.53,69.39,12.04,958.54,1.36,416.45,3.0806
17.78156,75.26159,490.9,390.18,165.45,459.25,28.3,65.26,54.32,933.62,1.26,658.06,1.7612
12.97682,87.25038,573.15,268.53,261.18,532.84,25.32,68.61,65.16,858.35,2.09,1450.66,2.1118
8.97434,76.02878,86.72,65.29,36.16,85.15,35.72,59.28,53.92,1003.29,2.9,75.45,0.3338
11.65122,68.35913,272.89,224.8,57.13,282.92,22.44,64.21,13.45,974.56,1.1,290.72,1.1487
8.7359,82.32387,781.39,668.18,90.93,991.3,32.95,58.54,17.68,981.56,2.08,250.87,3.8582
18.83861,73.51792,609.11,349.5,221.06,609.78,23.07,68.03,32.07,837.48,4.49,1681.11,2.4108
9.08975,68.31585,370.88,300.16,61.86,362.22,25.13,72.72,28.21,851.19,3.63,1439.72,1.4201
25.95659,87.75405,363.01,262.91,180.45,391.57,24.3,82.86,77.61,906.56,3.75,998.21,1.4532
11.14265,75.74543,394.68,292.81,76.67,391.36,9.03,61.93,6.99,822.44,0.91,1763.54,1.6882
10.65384,78.64111,234.79,197.57,78.53,242.86,25.13,65.79,52.49,984.18,1.7,236.18,0.9099
27.27959,68.98333,609.11,468.9,137.21,641.22,25.71,58.99,28.57,898.21,3.55,1035.15,2.5327
20.19343,82.031,479.88,363.72,74.95,438.89,31.75,60.89,3.41,1003.47,1.78,127.55,1.7692
11.2673,74.61428,130.48,98.15,28.86,125.61,29.06,70.39,23.35,1011.29,2.32,72.79,0.4613
17.04023,74.32555,101.26,161.72,8.72,115.72,21.82,71.07,7.07,912.19,2.87,893.23,0.5008
21.47853,82.88187,547.56,289.49,238.37,513.76,28.04,79.23,63.92,842.99,1.26,1544.67,1.8904
8.74428,72.90941,393.06,239.16,162.17,399.71,26.7,68.82,37.88,911.59,1.44,877.87,1.5715
15.65934,86.5913,595.89,484.35,57.87,662.91,21.41,70.87,14.01,929.94,2.53,715.64,2.6781
9.54487,78.20427,226.5,138.8,69.9,212.28,24.12,67.77,25.28,862.32,3.2,1321.77,0.8429
14.60959,74.18406,581.14,386.05,184.28,604.64,26.06,65.76,42.01,1000.02,1.68,129.65,2.3957
15.78706,68.69228,607.97,576.02,48.64,578.88,26.76,82.95,9.37,915.11,3.44,853.12,2.2724
20.05422,82.34407,311.46,153.05,123.21,306.94,21.12,65.7,69.73,899.73,2.56,976.16,1.2168
9.4358,79.2186,322.28,224.2,107.58,330.61,23.65,63.97,54.75,860.01,3.59,1376.57,1.3142
23.9597,68.26399,683.12,601.97,135.3,655.92,31.89,63.42,6.27,943.15,0.76,588.84,2.5363
25.82203,87.92932,987.97,691.39,257.7,958.67,26.57,58.96,6.74,883.11,3.43,1114.63,3.8277
25.86759,74.34075,791.44,714.59,114.33,810.41,20.53,70.13,7.53,831.05,2.63,1708.65,3.2453
16.56057,81.27296,739.97,599.04,118.76,726.54,20.61,64.4,29.78,871.12,4.92,1349.18,2.9388
27.33457,83.38985,364.81,180.9,155.01,355.26,15.86,56.61,40.58,834.71,0.58,1638.84,1.4951
27.58115,69.19493,532.25,408.49,129.74,629.22,23.92,68.31,14.44,962.13,2.98,413.61,2.519
13.42353,75.03872,572.11,390.73,170.14,561.72,25.38,74.53,28.71,913.98,2.79,868.88,2.1955
16.24401,70.04358,270.97,181.64,89.13,242.2,27.19,50.05,53.22,887.63,2.7,1136.61,0.986
11.05733,80.0428,663.79,452.67,205.03,668.03,23.57,55.28,27.88,891.12,3.44,1050.67,2.7151
26.06237,85.38037,454.72,293.4,148.71,470.21,18.67,65.68,38.9,859.09,4.3,1421.11,1.8958
23.12554,74.89092,271.45,329.95,23.88,269.17,32.39,74.37,3.12,956.41,4.06,554.62,1.0506
11.60717,70.04671,292.7,190.59,98.23,299.28,17.05,85.46,30.19,891.23,2.14,1074.76,1.105
15.30085,84.50583,619.23,361.08,305.03,631.58,23.31,59.91,75.43,869.92,2.93,1243.41,2.4644
14.6296,83.79865,372.37,255.03,112.59,386.32,15.16,81.74,56.28,846.83,2.41,1543.03,1.5952
25.55867,76.36151,684.35,596.59,86.02,739.13,32.12,63.92,23.16,892.82,2.61,1064.79,2.8386
10.42885,76.82804,311.64,246.56,98.81,290.05,29.49,71.7,48.95,965.63,2.15,414.93,1.117
10.54053,72.86637,580.65,376.68,177.52,621.51,19.85,69.45,34.18,872.14,4.55,1218.77,2.4774
22.37037,80.47583,465.08,368.45,117.94,450.11,24.65,63.19,21.85,990.49,0.55,160.42,1.7921
27.6627,68.14153,547.91,483.77,83.64,599.32,18.66,74.21,8.78,820.0,1.1,1794.57,2.4389
21.75533,84.16041,157.32,136.11,27.63,168.91,28.08,53.9,16.74,835.48,3.09,1648.76,0.6818
9.99826,80.8496,100.41,66.21,34.65,105.42,22.97,70.21,40.51,856.32,2.76,1402.4,0.3903
20.46239,79.31381,770.04,597.1,158.48,709.75,23.73,49.32,10.9,914.21,0.83,888.87,2.8678
13.2652,86.01544,659.88,582.22,127.68,692.25,16.3,79.39,21.66,961.35,6.96,513.86,2.7606
11.31589,69.25131,364.3,331.91,61.05,425.8,19.0,52.9,13.88,909.97,1.52,930.59,1.7132
25.47051,74.72589,360.16,289.06,94.79,403.7,27.48,64.18,34.79,928.93,0.84,724.57,1.5996
19.30038,81.66917,543.57,370.04,136.01,601.9,23.4,58.92,18.01,941.02,2.59,676.37,2.4181
11.00021,68.68629,488.6,391.69,121.2,501.98,25.51,63.27,29.97,954.52,0.2,468.51,1.9876
14.18888,78.38641,154.97,112.69,54.53,153.64,30.47,58.25,67.83,931.48,1.92,683.76,0.5444
18.13268,70.68307,198.96,178.11,46.64,225.71,18.75,66.36,14.41,820.0,2.41,1779.56,0.9083
24.99548,84.31519,655.55,524.39,73.99,575.51,28.35,66.93,11.92,956.91,1.9,473.76,2.2489
13.67525,85.15168,439.36,321.41,122.7,447.25,29.08,57.34,27.6,868.11,1.27,1249.87,1.7703
27.69595,74.11905,638.55,476.46,103.07,714.36,19.52,64.32,14.46,844.62,1.8,1483.21,2.9921
9.59696,81.57381,609.7,524.78,154.24,667.28,21.46,68.87,41.58,1006.51,3.88,114.78,2.6328
21.18642,76.72131,713.69,587.85,134.71,755.54,23.31,64.62,24.06,938.32,3.97,613.11,2.9849
26.45141,79.93409,358.35,312.18,55.1,393.24,22.48,76.45,14.73,820.0,3.23,1762.75,1.5165
9.58535,82.86873,509.48,306.52,165.81,474.82,25.86,70.67,38.36,866.48,1.89,1362.34,1.8037
8.78183,76.10605,401.65,300.26,115.01,413.3,18.83,64.63,25.57,844.74,1.75,1516.41,1.6853
27.92899,75.82931,733.45,622.76,133.88,687.39,24.83,77.55,11.44,1005.22,4.75,95.58,2.6616
10.90619,82.40459,460.71,400.19,78.28,538.71,28.95,61.86,12.06,914.48,1.51,832.4,2.188
27.92501,80.37711,614.39,460.86,111.04,704.84,31.19,64.66,14.68,950.99,4.17,528.14,2.7316
23.22657,72.46923,473.86,316.14,146.67,452.49,29.0,61.64,38.81,988.81,3.24,157.03,1.7533
18.18637,79.26833,754.3,620.34,168.36,631.76,23.88,64.95,31.86,914.07,2.13,835.8,2.5095
17.87711,77.74019,440.09,415.81,96.59,462.16,32.27,64.73,37.35,849.4,2.94,1495.91,1.7779
13.68498,76.30585,210.63,183.37,56.13,213.01,26.16,57.02,28.82,1005.64,2.07,91.77,0.8352
26.28854,70.15771,275.46,233.65,35.41,231.0,21.48,70.72,35.05,956.06,0.43,536.5,0.9682
24.76018,77.82465,626.21,362.0,230.67,542.62,16.53,67.79,41.32,858.83,3.2,1390.78,2.1899
25.83288,78.83227,36.12,0.0,16.95,37.61,22.47,73.62,69.41,929.75,2.14,729.53,0.1855
16.91086,73.80652,825.61,639.51,221.42,895.48,29.07,79.6,35.57,861.33,2.7,1376.57,3.3553
23.22901,77.44439,669.89,461.63,256.75,656.46,33.66,50.59,48.99,998.98,0.31,128.82,2.5414
27.07456,76.4253,289.48,236.52,68.68,276.88,20.02,66.98,30.09,848.34,2.31,1503.94,1.1141
12.25216,78.07928,601.8,505.73,106.31,557.14,17.07,73.4,26.5,897.63,2.05,1011.6,2.2667
17.95225,71.83349,894.03,774.07,131.16,929.4,42.17,58.79,4.64,1011.83,4.35,29.49,3.4671
25.29352,81.29153,570.34,499.68,47.25,576.11,14.85,68.06,16.08,832.93,1.44,1637.01,2.3815
27.40799,72.53272,456.15,289.77,149.07,508.03,25.68,65.98,55.23,973.1,3.59,338.17,1.9644
26.1644,71.31619,416.14,327.18,130.17,385.13,24.05,64.74,39.89,1005.19,2.62,80.76,1.5442
9.44185,68.20589,575.92,499.22,121.87,565.18,34.06,67.82,24.43,993.86,1.3,159.25,2.1332
13.78197,75.37964,760.26,624.98,116.05,856.23,29.21,71.77,9.5,897.21,2.05,973.37,3.3143
22.67002,83.10146,359.18,228.9,157.4,395.24,17.99,70.91,71.96,821.79,2.22,1747.15,1.5683
23.25896,79.98585,205.65,78.61,70.51,193.58,20.16,89.13,34.75,874.72,2.79,1272.29,0.7248
19.79247,74.35135,405.7,280.48,116.0,394.69,21.59,63.87,52.06,963.03,1.87,407.19,1.5792
27.27131,72.49889,330.78,252.24,63.33,375.34,22.65,60.05,29.28,867.46,3.3,1307.16,1.5083
19.93556,82.8496,288.29,179.75,82.09,288.61,25.17,57.94,41.16,902.01,3.71,930.77,1.118
17.47264,81.63691,562.08,407.47,149.62,510.53,23.9,66.98,14.17,882.34,3.34,1144.83,2.0307
8.84222,79.21329,338.14,246.27,95.04,380.51,20.93,53.71,41.09,895.59,0.61,1094.64,1.5408
11.28835,77.16799,517.9,440.18,96.42,573.87,14.56,50.93,11.09,871.68,2.72,1301.67,2.4503
22.33516,68.17343,216.66,113.92,93.68,208.28,19.93,76.58,53.43,963.67,3.23,380.43,0.7663
9.92716,70.09017,142.65,141.19,40.7,151.04,23.94,68.96,19.05,882.94,0.82,1096.8,0.6299
11.93944,75.42352,885.24,635.34,253.48,900.11,22.5,65.93,20.02,854.41,2.17,1464.61,3.5709
26.4882,75.94272,311.05,248.55,63.41,298.48,27.82,63.32,26.84,908.32,2.11,897.24,1.1602
13.26055,72.81619,370.29,243.57,118.65,340.56,30.53,71.42,53.57,908.32,1.86,910.37,1.2757
15.90438,78.34743,893.97,727.08,197.63,856.49,27.99,67.29,37.15,987.68,4.46,266.38,3.4178
14.8982,79.45997,372.17,357.59,63.88,376.35,24.8,80.34,11.74,864.63,5.6,1368.81,1.4264
10.86024,70.12338,445.76,358.96,106.12,475.56,16.73,57.82,26.08,971.51,2.77,326.13,1.9253
19.80495,76.24923,587.94,432.17,167.88,565.05,15.04,85.5,36.65,844.98,1.96,1575.71,2.2512
11.57511,83.18312,236.24,167.61,53.68,257.8,26.81,85.09,35.7,881.34,5.02,1196.94,0.9398
20.78589,75.50053,870.11,815.87,71.32,823.64,17.94,64.48,3.76,829.53,1.81,1663.14,3.3807
21.3557,69.4719,391.33,395.75,31.31,328.66,20.54,68.0,4.42,852.1,2.2,1479.54,1.3397
21.56533,81.55086,827.81,782.47,117.08,906.65,31.0,64.92,17.4,1007.34,2.97,94.74,3.5839
11.32707,80.95437,406.84,302.93,103.71,353.02,24.14,58.02,33.45,885.55,3.13,1170.21,1.3721
25.45062,69.92865,930.11,787.37,167.09,883.77,27.36,65.39,28.55,889.13,1.38,1084.84,3.4569
21.93763,72.33316,162.13,115.9,41.33,185.85,22.98,66.32,33.05,907.53,2.6,916.57,0.6944
26.57253,86.00548,176.0,122.34,34.36,175.61,25.17,68.7,21.0,937.13,5.58,664.34,0.6915
13.44093,81.01149,414.02,326.81,143.34,406.56,15.6,83.12,37.67,843.7,1.44,1600.11,1.588
12.21839,71.27752,309.4,206.11,96.82,281.16,16.74,67.93,34.44,887.17,2.88,1112.86,1.2077
22.68697,78.48319,535.81,427.35,104.88,581.48,24.28,67.61,8.89,913.39,1.93,858.25,2.3411
13.7955,69.52949,579.66,546.91,64.21,628.26,13.82,80.38,9.02,860.93,2.86,1408.04,2.5848
10.5347,83.24703,543.29,308.36,258.45,608.41,19.35,67.8,54.93,835.34,3.5,1625.09,2.3899
13.46506,73.39442,218.0,144.01,20.54,212.71,23.2,78.14,12.89,889.01,2.8,1066.34,0.8202
26.43994,77.56726,608.68,512.66,139.08,665.92,29.81,70.21,28.37,935.79,5.1,728.17,2.5914
12.24575,75.63949,631.51,445.64,175.77,636.53,30.86,50.49,22.46,951.02,4.0,627.74,2.5538
23.91726,69.9991,895.71,629.38,234.8,826.44,32.28,53.78,20.27,997.41,0.25,119.69,3.1989
13.13014,77.9328,340.8,201.88,110.24,368.55,25.85,65.26,32.61,859.79,4.58,1389.8,1.4546
26.74398,79.8543,453.93,362.36,121.67,500.93,17.81,65.76,31.37,980.16,3.74,311.92,2.0797
21.66085,77.60234,519.91,356.55,155.09,519.57,27.55,67.38,40.98,993.52,0.32,214.75,2.0107
11.12952,86.47641,74.24,53.78,13.15,82.5,26.37,76.76,6.99,966.0,4.17,391.36,0.4006
8.99287,68.86466,666.02,541.96,132.77,693.28,20.13,65.05,28.99,935.36,1.75,699.96,2.8014
15.60147,69.30788,370.3,296.28,85.25,423.02,22.9,67.22,33.96,1009.77,1.54,51.58,1.6814
24.29855,82.34363,716.54,504.61,187.83,809.76,31.02,76.92,31.7,898.79,1.2,1014.07,3.0727
26.84103,82.05981,521.65,427.46,88.75,519.09,20.88,45.97,6.56,850.29,3.9,1467.79,2.0693
21.54248,83.16914,363.32,313.6,60.25,383.7,24.06,67.35,23.35,881.27,1.16,1114.1,1.5418
17.19994,73.94062,748.95,584.52,183.5,724.54,31.55,54.28,22.12,978.24,5.8,309.95,2.8617
19.49295,72.74239,802.14,712.83,99.49,690.96,21.23,88.56,11.82,869.19,2.45,1305.96,2.6537
21.98062,69.80716,337.09,269.56,79.2,394.19,23.23,56.07,18.11,952.6,1.7,532.36,1.6118
23.43317,69.96618,529.27,404.96,115.55,600.99,25.62,64.08,17.49,956.77,2.72,519.68,2.3702
15.6839,70.54576,581.2,433.52,105.28,606.91,26.88,62.55,25.21,1005.07,2.26,33.49,2.3523
16.32863,72.3414,648.48,494.12,137.4,650.35,27.15,57.09,15.12,960.6,3.13,476.26,2.5787
27.58175,82.3707,697.18,546.26,125.59,668.65,28.06,71.08,14.73,826.64,1.18,1682.41,2.6363
16.16897,72.23795,839.7,711.88,122.42,799.62,22.97,72.23,14.26,833.1,3.45,1729.64,3.1511
20.75538,86.67232,862.57,695.28,141.95,897.53,27.36,72.38,27.12,880.61,2.15,1232.71,3.4404
23.30809,76.92308,611.14,415.97,139.43,605.76,23.84,65.59,27.61,943.55,1.2,614.34,2.3838
25.08083,69.77388,605.85,370.19,235.37,622.01,22.35,68.22,42.71,974.91,2.89,334.67,2.4633
25.49906,80.65988,801.46,752.94,82.72,830.91,25.06,64.65,17.7,918.21,1.0,831.1,3.26
16.79917,85.84067,588.63,434.87,145.93,682.67,31.47,59.78,17.57,938.35,2.34,642.76,2.6427
26.04031,72.68355,609.65,514.21,128.95,666.19,29.24,57.19,17.71,991.12,2.04,205.68,2.6826
8.25013,69.40457,472.67,294.19,150.32,483.6,19.64,77.75,30.68,867.29,3.29,1317.15,1.9565
26.92688,70.44813,731.9,528.35,270.13,827.98,24.88,71.35,48.2,850.6,5.93,1474.58,3.2225
24.51857,87.32896,583.58,411.11,132.62,591.18,20.56,48.02,23.23,866.47,1.49,1353.62,2.3901
13.33055,80.36935,447.2,321.6,122.63,432.21,22.85,79.86,30.94,875.7,2.57,1210.46,1.7223
20.37467,84.89065,274.44,162.98,59.72,299.38,23.1,67.27,28.56,825.71,1.85,1703.79,1.1427
24.09871,86.97141,744.41,594.59,156.17,825.81,25.6,60.38,10.69,863.82,0.81,1356.24,3.2827
22.93935,86.5641,182.96,142.8,52.29,175.5,27.92,62.12,29.58,989.83,3.47,207.96,0.6713
24.23714,76.45663,461.73,320.47,130.05,420.98,25.31,78.4,17.74,921.4,2.15,797.91,1.6633
16.40746,87.49192,609.58,493.42,127.73,687.92,30.77,52.25,18.53,901.99,4.88,973.77,2.7878
22.91889,86.61045,549.78,391.11,135.89,521.19,27.85,79.88,7.14,824.17,0.27,1731.36,2.0333
18.53633,70.05298,517.49,418.75,98.25,593.77,22.6,56.66,7.65,910.96,0.99,906.87,2.4302
18.65223,74.78787,202.79,206.92,44.67,176.31,26.82,80.77,3.84,919.95,2.97,820.48,0.676
22.9036,73.10489,559.95,469.4,65.04,488.39,30.75,56.78,8.87,940.54,3.38,614.27,1.9001
22.1498,71.18642,763.19,579.35,183.45,878.36,31.18,74.21,39.88,947.49,4.98,592.09,3.3094
25.39677,83.87457,152.76,91.69,57.23,135.0,31.34,33.64,48.82,980.36,3.06,280.18,0.4678
17.10312,80.40928,764.97,737.88,80.63,768.8,21.32,68.41,8.65,948.52,2.87,619.19,3.0967
14.56459,83.68765,695.35,576.17,137.68,707.29,34.09,56.4,22.44,946.12,3.11,555.25,2.7462
20.85875,87.34299,902.75,688.54,214.54,956.79,27.02,60.01,35.06,935.05,2.36,661.19,3.7706
22.19821,83.57683,284.37,166.69,100.84,320.4,26.54,43.93,39.88,985.75,4.56,260.36,1.2938
18.97868,86.99055,465.31,318.14,163.49,482.85,24.81,68.24,36.52,904.05,1.29,966.23,1.8472
18.34213,80.19709,415.81,360.25,136.25,405.33,22.93,63.07,27.61,824.89,2.62,1735.48,1.6031
26.59555,71.16333,414.53,285.4,173.95,466.61,24.86,65.95,45.12,943.9,4.2,621.1,1.8378
16.29182,79.02488,494.9,407.08,122.98,563.75,32.7,64.56,32.54,940.25,1.02,628.23,2.1305
10.92625,72.19184,471.51,401.07,82.48,537.74,11.55,81.94,9.53,820.0,6.26,1763.24,2.1553
22.6317,69.2183,471.69,318.5,140.21,458.2,24.93,66.26,24.19,859.95,2.69,1358.4,1.8682
19.21687,81.30796,559.52,417.45,149.95,540.47,27.96,50.7,28.95,980.07,1.83,271.97,2.1666
16.25757,81.55122,793.1,606.65,185.14,784.85,27.52,53.54,35.03,832.05,2.93,1691.98,3.151
20.50867,72.20283,431.67,278.3,133.05,359.71,20.02,71.44,54.32,858.43,2.91,1405.45,1.4758
27.87081,86.47108,554.4,472.03,134.14,687.63,27.59,60.38,21.87,969.12,2.76,388.5,2.7084
27.8992,69.12244,510.93,301.06,167.95,545.54,32.07,61.25,17.35,952.23,1.02,525.92,2.0631
25.7231,70.52128,602.53,407.91,177.13,618.47,27.7,73.46,23.78,892.35,2.59,1109.08,2.3585
13.68197,80.28349,808.04,585.86,224.61,732.45,28.13,72.94,25.55,974.25,1.96,302.07,2.785
24.04931,73.92496,419.91,372.9,122.57,406.62,30.6,71.69,41.45,943.16,2.78,667.54,1.5403
24.52577,71.00792,383.6,399.57,61.1,387.06,29.64,72.91,16.67,911.95,3.86,936.81,1.4113
27.49472,68.53605,692.5,621.8,112.68,673.23,17.93,78.69,6.42,869.96,1.86,1318.28,2.6786
24.40778,68.34958,267.14,263.49,61.03,301.41,13.93,73.2,36.48,856.51,3.76,1397.95,1.1679
23.03713,77.14356,624.82,600.31,88.45,582.22,16.74,65.59,15.89,823.98,1.78,1730.69,2.4488
12.34246,79.89302,504.59,435.15,41.83,470.25,33.57,53.96,17.92,989.72,3.68,161.86,1.8429
14.29527,74.32943,873.66,665.44,179.91,925.33,26.57,51.63,15.05,851.79,2.56,1447.83,3.7055
10.7903,68.69018,602.94,502.91,117.6,570.88,26.85,81.08,18.31,971.36,1.6,412.79,2.1437
10.71949,77.89381,698.51,564.13,155.04,753.57,32.67,61.45,30.21,995.04,1.24,106.12,2.8804
14.96124,74.96038,683.63,528.94,164.59,779.25,15.31,77.99,31.68,850.39,0.65,1478.37,3.1167
14.25866,80.07628,547.86,499.47,94.69,622.94,27.71,72.43,8.08,974.89,1.38,292.31,2.4574
23.51721,72.18023,353.85,300.59,95.88,331.75,28.64,68.29,19.54,957.57,1.65,507.75,1.3411
10.54274,82.17923,919.31,671.41,252.89,1007.22,18.0,69.5,25.62,820.0,3.44,1757.75,4.07
14.39539,69.28863,372.92,380.9,59.0,393.21,20.38,73.83,13.17,928.48,1.57,730.94,1.5632
12.27922,82.60526,541.05,479.17,77.28,499.04,12.12,89.72,10.5,855.7,1.37,1451.64,2.0055
11.88789,86.57661,338.98,366.14,54.77,362.62,22.49,69.55,13.8,871.33,1.37,1316.3,1.4398
19.31581,78.33829,497.31,382.5,124.31,518.26,27.47,60.5,25.51,935.14,0.45,670.94,2.0821
24.66699,84.8357,635.63,512.33,116.73,707.12,29.41,56.88,19.9,993.03,1.44,146.2,2.8376
13.60212,70.44975,290.14,221.55,55.89,284.72,28.99,61.11,3.39,980.17,4.44,292.1,1.1639
8.34841,71.64886,678.43,617.0,83.88,658.21,35.38,59.85,13.32,994.16,2.33,183.51,2.5984
26.02947,73.03727,565.74,423.29,121.45,691.6,18.16,56.15,14.17,827.99,1.39,1672.38,2.8
20.97951,73.29342,781.54,654.3,171.06,711.88,25.26,69.89,15.79,846.09,1.22,1507.02,2.7775
12.49014,69.28235,634.0,525.62,146.68,608.33,28.59,52.81,46.01,854.94,3.96,1439.76,2.4348
8.05862,78.70244,218.61,173.23,21.26,229.06,28.06,78.48,13.69,1005.0,0.63,50.33,0.9024
10.83908,81.61247,443.63,328.58,121.2,458.45,28.6,75.65,44.69,921.36,3.24,841.44,1.775
8.21848,86.56261,321.07,238.61,88.43,321.79,20.91,69.19,32.99,910.97,5.48,960.84,1.2351
26.75103,72.50477,768.79,452.56,303.68,709.98,19.55,69.19,54.59,993.73,3.61,176.09,2.8028
9.74023,78.92703,439.83,236.71,161.71,424.66,19.59,73.75,45.89,962.55,1.86,411.92,1.6797
9.48017,83.76621,611.93,554.32,50.76,627.73,19.38,72.5,12.32,858.18,0.9,1371.59,2.5008
10.16312,78.48104,478.4,357.74,127.33,430.18,33.97,69.35,20.54,1001.17,1.73,125.13,1.6336
27.44828,78.44179,264.77,198.93,72.62,268.68,19.11,86.0,24.71,836.6,2.39,1642.86,1.0964
23.80615,73.30305,495.59,233.94,236.61,551.89,30.5,70.73,59.82,949.62,1.31,580.31,2.1207
25.27975,72.16425,202.59,142.88,64.45,200.25,19.55,72.14,44.04,925.1,3.13,808.96,0.853
16.67688,71.29243,535.0,453.54,99.87,629.29,21.17,72.37,11.06,916.87,0.82,833.4,2.4906
11.48124,81.79458,387.78,210.92,194.96,388.67,25.65,61.01,79.71,951.89,2.87,538.26,1.4939
17.4685,77.79632,637.95,478.81,196.77,676.73,18.37,78.41,32.95,901.05,0.35,987.57,2.6955
21.55554,79.56213,439.71,350.28,82.66,428.98,15.41,64.77,13.31,823.06,1.49,1757.91,1.7731
12.62614,73.9242,550.08,398.63,83.12,585.9,18.13,77.64,19.82,863.29,3.66,1363.27,2.3815
14.72376,83.79646,379.46,296.39,75.94,450.06,26.8,71.29,19.22,913.74,1.94,838.22,1.7609
24.11979,86.45685,675.71,434.68,212.02,645.4,25.07,51.55,38.61,976.89,3.74,318.06,2.5195
19.51609,81.38091,438.77,204.66,188.01,481.84,26.86,53.11,59.6,1003.28,4.29,62.46,1.9101
12.56488,73.91153,367.87,280.82,59.16,385.91,15.2,79.43,27.14,891.33,1.6,1103.71,1.4806
8.94379,70.05589,263.98,181.96,46.74,264.27,40.47,50.92,19.49,999.39,1.11,46.06,1.0207
25.13781,86.67319,670.13,650.91,74.79,632.92,28.56,62.09,11.78,997.37,4.55,104.4,2.5465
24.09011,75.85709,623.39,395.66,225.24,575.93,21.69,78.39,53.44,902.14,2.52,996.03,2.2162
9.50641,73.0764,926.34,707.46,198.03,1097.06,23.99,66.23,13.43,965.82,4.72,465.58,4.3706
18.10534,79.9137,739.85,588.43,191.34,754.26,18.23,59.77,25.99,894.31,3.17,1048.85,3.1678
17.97967,81.2258,454.86,382.76,98.35,414.75,18.33,55.7,21.1,820.0,2.37,1799.86,1.7578
16.09601,87.77485,775.24,631.6,171.1,827.17,19.82,66.86,15.11,900.09,1.57,953.87,3.2766
12.58769,80.0588,822.17,706.07,97.77,807.96,15.61,66.97,22.15,917.81,3.04,808.57,3.2895
27.0049,73.71904,728.62,572.01,181.9,587.71,28.57,50.67,20.07,914.27,5.51,858.66,2.3447
9.34188,83.47054,557.01,385.83,143.98,610.54,30.29,64.89,28.36,939.02,0.99,594.96,2.4204
27.00331,78.62875,902.9,657.2,212.76,790.63,23.43,66.85,25.57,821.82,3.57,1748.72,3.1321
8.36403,84.19124,716.01,469.88,220.29,679.68,24.76,68.9,40.57,932.33,2.52,741.71,2.6352
11.45847,85.03375,548.88,421.82,164.63,588.91,29.17,68.11,28.86,876.95,1.91,1232.82,2.3147
8.57579,84.52301,337.29,152.18,134.6,370.25,28.24,80.84,66.52,1006.93,2.55,90.18,1.4407
15.72239,84.22237,273.76,250.98,64.4,314.82,26.13,75.13,23.8,918.11,1.08,864.46,1.2591
16.25018,80.49207,864.57,667.72,174.1,944.67,33.37,68.5,25.02,955.31,2.94,445.97,3.6154
24.11821,70.7923,594.05,368.99,237.04,603.83,36.61,70.03,60.15,990.42,1.38,205.4,2.2485
23.26202,82.18807,458.9,431.81,133.03,512.77,22.78,79.84,40.33,842.65,1.49,1582.88,1.9703
20.24629,77.31287,800.37,615.75,144.35,876.99,17.85,98.0,8.0,874.35,4.29,1261.19,3.4074
20.75078,75.72739,377.02,303.95,56.6,438.62,21.02,71.4,11.95,895.92,0.28,1020.19,1.7553
21.81742,81.11477,666.08,490.79,201.58,662.95,28.39,62.82,20.95,871.17,1.8,1304.22,2.6001
27.62198,68.55454,743.14,578.17,176.05,752.27,24.3,71.46,22.35,869.26,2.26,1252.28,2.9245
26.17368,76.64162,716.54,477.0,184.61,632.93,20.01,68.3,10.86,863.21,1.56,1353.91,2.5857
8.83535,82.60382,484.91,341.52,174.45,479.06,21.66,75.11,63.43,838.99,1.21,1630.88,1.8456
9.26322,77.97277,200.87,130.28,67.91,204.33,32.93,78.57,20.34,968.15,4.46,404.05,0.7892
19.2718,82.61357,807.44,625.62,251.85,864.11,21.81,69.58,38.85,858.86,3.23,1343.72,3.4361
14.48945,84.13059,715.18,640.8,119.52,857.87,26.18,64.38,8.89,982.74,3.28,303.78,3.4205
14.88595,85.42836,929.69,719.01,204.99,982.5,30.52,63.6,12.98,1001.51,0.54,167.09,3.736
13.54142,75.42562,507.75,378.73,185.38,602.38,25.54,70.35,34.11,996.24,1.09,95.01,2.4118
13.36861,70.29057,770.46,623.42,235.43,755.04,28.3,84.36,30.8,931.1,0.79,728.9,2.8398
26.75182,81.03174,512.17,447.26,117.05,586.69,18.88,82.56,17.69,888.32,3.77,1083.5,2.312
27.74875,81.64677,223.84,208.23,62.9,229.91,20.99,77.65,12.69,869.28,0.49,1232.04,0.9079
25.51415,85.92234,678.5,521.39,193.07,698.03,30.98,51.41,37.75,1008.69,3.14,50.1,2.7735
13.54662,79.75821,424.96,288.66,118.03,439.84,21.44,80.91,24.63,868.16,0.73,1325.3,1.6836
11.669,75.0056,555.79,451.61,142.5,592.3,20.83,73.58,45.99,921.41,3.09,849.15,2.3014
11.00265,71.53738,740.46,643.52,152.45,709.58,16.53,78.35,10.35,853.31,1.02,1421.27,2.9241
12.64017,72.66285,832.26,687.36,186.43,962.88,31.3,71.34,22.05,902.41,1.96,1047.87,3.6941
14.6559,85.18639,412.96,358.22,81.23,412.15,17.81,58.38,13.89,884.45,3.08,1127.39,1.6897
15.75893,80.47244,838.75,599.74,205.94,805.42,22.94,69.21,9.59,875.43,1.17,1224.64,3.2605
10.74255,83.43102,331.62,307.89,62.09,371.49,16.99,73.3,31.53,901.86,3.22,985.9,1.5352
16.38933,71.23424,577.78,530.66,98.76,564.14,25.08,53.28,7.78,976.82,2.98,386.95,2.2925
16.59665,69.3607,541.14,401.46,153.67,588.35,24.8,87.71,22.33,829.02,0.66,1693.83,2.2224
22.95271,70.98426,402.02,289.66,112.44,380.1,24.81,51.65,37.74,990.07,1.82,195.92,1.5375
12.22123,71.23759,553.79,464.83,88.97,611.59,18.57,70.83,12.16,820.0,1.09,1799.14,2.3881
24.33836,78.29575,409.83,451.53,87.51,468.77,22.87,63.16,38.59,912.61,3.07,842.77,1.872
20.99535,81.1981,554.39,433.42,145.01,598.4,28.56,57.92,44.53,1002.98,2.28,78.19,2.3604
24.43788,75.21673,507.08,491.77,40.57,549.64,13.94,68.22,3.73,869.8,2.65,1283.51,2.3098
20.42791,71.39296,392.61,233.65,116.29,459.15,21.64,71.03,41.29,944.96,1.74,586.57,1.8004
17.30883,70.14701,342.26,253.18,83.19,344.85,28.84,53.13,37.45,976.46,3.95,313.38,1.3974
14.86564,77.66759,592.86,390.46,175.19,648.92,20.45,80.02,24.88,824.76,0.63,1685.54,2.5786
19.91747,74.62005,579.86,426.18,121.27,558.73,26.87,74.36,17.67,945.88,6.12,594.75,2.1629
14.22793,70.25144,885.26,731.29,202.33,1017.14,28.62,76.21,31.3,932.48,2.05,662.94,3.9577
17.35156,85.8905,924.38,711.08,254.14,866.19,24.85,66.66,14.38,939.52,3.28,689.09,3.4083
23.43459,78.97796,814.76,592.74,169.22,855.63,20.86,83.07,24.45,888.66,2.17,1128.98,3.3778
13.91896,68.6315,538.5,402.24,148.02,463.52,29.13,53.5,19.63,881.01,0.81,1173.27,1.8239
25.16896,75.62175,540.57,438.06,123.58,523.2,27.05,76.05,18.4,943.59,2.56,577.08,2.0146
23.30601,72.00794,300.43,169.68,81.81,320.38,20.96,88.62,33.94,885.41,4.18,1140.14,1.2365
10.08173,70.62627,72.56,7.73,20.66,70.96,17.99,63.61,33.72,904.81,4.68,952.22,0.3011
23.5724,75.05436,202.51,114.37,37.59,204.81,25.72,70.26,17.27,935.52,1.21,664.45,0.7926
20.12517,84.22283,365.07,270.98,104.64,373.37,25.0,63.01,47.18,911.67,2.21,870.98,1.4274
15.98175,84.97341,401.37,342.53,83.42,351.75,27.84,57.79,22.05,924.74,0.87,746.6,1.4025
22.2463,79.95612,737.22,575.37,162.68,732.4,20.14,59.85,21.62,824.22,2.31,1771.31,3.0065
10.49218,69.36172,761.29,505.29,229.6,895.94,24.09,65.01,40.22,914.44,0.77,898.81,3.5566
21.58908,78.10178,565.77,537.85,65.43,577.35,28.06,67.76,8.15,955.9,3.85,448.64,2.2385
10.54349,85.28828,494.93,477.04,126.27,487.89,20.29,74.07,29.31,936.61,3.33,690.75,1.9844
12.87319,68.00965,480.48,333.75,122.57,529.28,16.43,87.6,23.71,824.93,3.6,1729.78,2.0974
16.30008,71.49761,354.76,205.5,91.84,368.19,30.17,62.89,34.73,968.18,2.59,364.96,1.3934
15.27804,74.82212,518.29,394.12,96.35,554.75,30.99,54.3,12.54,898.67,2.12,1035.92,2.1563
25.41307,85.14843,688.78,443.85,193.71,691.88,31.71,62.4,20.14,927.76,2.64,730.94,2.7245
25.01723,86.11128,532.02,495.08,107.13,544.6,19.31,65.08,16.28,919.41,5.05,778.85,2.2653
10.16802,81.00844,947.08,653.74,326.22,1100.0,24.15,72.29,24.5,836.28,1.89,1701.75,4.3255
19.30661,72.4344,645.2,546.01,139.06,637.76,23.73,55.03,19.12,940.72,2.35,658.11,2.6115
11.55643,72.42412,250.28,174.43,63.45,269.4,23.48,75.13,14.37,895.63,0.38,1053.2,1.0738
27.89336,68.93588,571.99,388.85,114.29,560.86,18.06,71.49,24.23,933.85,2.86,635.23,2.2645
22.80352,68.659,377.12,263.34,92.52,421.27,26.85,61.15,15.68,976.48,3.74,325.3,1.6923
21.01684,77.82656,488.63,339.09,136.79,580.38,26.63,65.92,41.32,948.59,2.32,525.8,2.2466
13.0406,80.04683,735.88,541.07,203.66,718.26,30.75,56.44,51.2,978.45,5.28,311.64,2.7457
14.65558,72.29082,680.71,457.6,236.55,700.38,26.71,62.57,25.32,912.58,1.68,849.85,2.8198
11.09718,78.31342,560.99,366.46,153.43,600.23,26.02,64.73,22.83,942.97,2.48,609.88,2.3407
25.67936,68.9608,389.55,304.11,58.89,378.69,26.68,69.13,20.08,966.65,3.3,364.53,1.5791
11.01553,87.34239,152.99,124.69,32.62,150.89,23.22,66.72,24.38,934.16,4.33,713.13,0.6449
18.5244,68.59798,419.1,333.73,114.42,442.24,24.41,62.39,31.36,936.56,0.98,647.24,1.7785
23.57641,81.69308,304.14,202.3,74.88,297.0,28.29,58.06,24.44,939.38,0.96,665.48,1.2312
18.79525,85.21063,47.7,45.43,7.26,46.63,16.38,57.64,11.5,833.93,1.68,1641.6,0.1795
16.65964,77.26366,737.18,533.63,173.72,787.73,21.58,72.21,15.68,845.44,1.25,1512.13,3.142
10.44467,73.44437,472.3,452.3,64.32,502.85,22.42,71.97,18.55,876.27,3.04,1220.04,1.9357
16.90587,87.12464,234.72,150.48,64.92,253.9,23.4,62.67,28.65,887.44,2.61,1121.4,1.0198
13.72211,72.01833,339.12,214.26,81.94,320.73,21.43,86.33,18.18,832.13,2.38,1687.3,1.2011
12.95407,75.05375,180.39,128.82,36.2,169.52,31.5,73.07,14.02,923.82,4.6,792.0,0.6588
17.96888,87.05341,567.97,380.4,169.04,543.34,23.82,70.61,38.12,941.8,2.07,678.6,2.103
26.96894,80.63681,637.29,433.7,147.3,671.28,24.06,58.15,29.41,1011.33,1.39,22.2,2.6372
24.42616,76.53922,238.25,168.82,91.16,237.31,27.09,72.5,59.64,839.51,1.05,1567.27,0.9157
19.89868,77.97226,505.21,358.64,138.86,614.58,30.27,56.93,25.9,883.62,1.61,1143.47,2.3843
21.38086,86.7873,526.12,429.68,68.7,588.66,21.35,68.01,8.58,903.07,1.71,976.6,2.4506
13.84189,85.49889,688.05,512.48,174.94,701.49,15.06,75.57,26.79,845.18,3.34,1473.2,2.8217
25.44293,85.62488,294.49,186.83,92.7,317.18,26.61,69.29,54.48,948.75,2.53,514.09,1.2702
21.74359,69.18725,676.15,533.5,130.27,665.34,23.33,72.04,10.11,866.36,2.29,1300.45,2.6636
11.32617,68.08027,512.23,372.97,156.56,538.06,20.46,78.24,41.47,849.53,2.41,1441.62,2.0892
19.888,70.5609,664.51,607.9,73.8,665.33,26.67,56.71,8.03,859.88,2.76,1412.11,2.651
8.6646,73.88198,881.65,746.19,112.66,971.99,9.83,96.82,22.71,872.65,1.6,1273.31,3.9022
25.44185,78.33587,781.83,589.22,225.45,812.35,33.28,68.67,37.17,946.05,1.81,566.57,3.0033
10.34841,71.03153,633.59,537.97,119.69,644.1,27.94,48.09,13.74,870.24,3.83,1282.24,2.6015
10.83063,81.86361,441.97,269.76,108.64,454.97,34.11,67.12,27.94,984.73,1.93,284.31,1.776
23.45209,77.1829,569.27,348.99,148.92,621.41,18.28,85.79,29.83,877.18,2.68,1200.4,2.3672
12.37573,85.858,649.58,506.39,192.91,677.76,15.57,82.82,38.18,876.68,2.19,1210.02,2.7526
22.82766,84.25331,601.35,498.93,132.5,569.46,22.39,73.86,29.45,830.45,1.63,1665.72,2.2815
12.09922,69.38809,467.96,352.62,147.05,499.23,32.63,57.18,30.09,1011.19,2.73,16.15,1.9169
22.55198,70.5831,564.13,419.93,128.13,521.19,18.65,61.77,28.28,886.99,2.78,1112.25,2.1529
26.0932,81.61708,613.94,463.23,98.98,614.95,27.1,81.61,3.84,902.52,1.82,916.96,2.3627
11.0985,87.42878,694.91,524.94,211.99,740.12,24.37,63.88,40.24,984.55,3.4,259.4,2.9122
10.66939,80.49122,594.13,377.79,125.96,653.54,23.17,87.77,10.31,945.27,1.18,654.05,2.5346
21.23563,79.38072,355.56,292.12,66.81,372.38,25.48,59.59,11.86,931.9,1.98,726.79,1.4803
10.38583,77.37436,47.21,72.5,8.69,49.52,25.84,61.42,13.93,988.7,2.53,191.23,0.2165
21.65939,70.27607,423.04,371.42,96.63,470.32,23.97,60.51,18.57,949.17,3.46,546.44,2.0166
26.56461,78.84916,504.44,402.4,101.51,485.43,23.05,70.98,19.39,868.53,3.17,1321.14,1.9379
11.28295,76.851,336.93,253.6,88.38,347.54,25.6,57.43,39.63,914.54,1.45,883.45,1.3765
13.29625,82.80351,567.31,476.95,153.65,574.46,28.92,75.72,45.39,908.79,3.35,926.97,2.1806
27.35487,87.78236,401.24,256.24,173.83,453.41,17.15,81.2,61.51,849.97,1.42,1460.04,1.7375
19.97554,85.4272,513.48,292.91,205.3,501.12,22.69,61.45,63.7,850.72,4.64,1499.93,1.9658
13.05214,78.25567,607.45,437.45,218.2,552.01,15.71,72.14,37.71,888.48,2.74,1108.88,2.2249
25.67881,81.84632,853.49,679.86,172.07,1052.6,35.84,47.8,5.94,993.73,3.69,156.3,4.0423
17.23092,68.70676,520.02,387.76,94.35,491.34,25.65,75.9,15.49,882.77,2.37,1101.95,2.0046
11.52907,69.49379,783.82,629.58,183.4,801.19,27.5,87.79,17.19,1012.45,3.02,32.67,2.9847
22.75664,78.03574,391.37,280.82,63.69,353.13,17.54,78.52,14.82,859.36,4.56,1422.32,1.4042
14.97711,77.61694,976.63,743.74,184.4,1001.15,24.42,65.01,17.47,967.47,2.06,393.93,4.0455
18.62411,86.69875,237.58,272.86,22.44,212.29,38.65,63.73,6.81,996.67,2.43,166.53,0.7953
25.77159,80.03434,544.68,404.94,147.88,582.43,20.6,78.33,57.75,853.16,1.5,1439.98,2.3276
25.46212,78.25186,441.43,295.09,141.55,483.62,31.08,47.06,39.04,983.4,5.21,257.78,1.9608
15.25908,74.77534,347.03,230.59,79.06,345.72,25.03,60.07,14.82,872.05,0.53,1230.26,1.3896
24.17994,78.09353,867.7,817.66,96.06,949.28,26.85,63.87,7.03,966.72,2.14,400.64,3.7106
22.69963,87.42206,344.87,315.32,76.76,318.81,22.14,65.36,18.03,863.07,5.83,1382.6,1.3046
24.13119,79.74074,478.53,339.68,126.44,496.18,20.88,62.38,46.56,882.14,1.21,1182.77,1.9733
25.63077,71.2157,855.81,661.4,205.57,874.72,16.91,75.87,35.29,844.25,1.83,1568.87,3.4106
24.86644,71.57922,1014.29,841.18,135.48,1100.0,28.77,66.71,8.5,956.62,0.44,469.45,4.2808
20.07663,77.21527,468.78,344.82,98.15,470.26,27.78,65.1,30.74,871.49,2.5,1283.09,1.8668
10.65456,87.9273,545.27,459.69,111.02,529.67,17.31,58.31,13.14,868.07,1.99,1325.75,2.2042
11.08694,80.79512,473.07,366.73,95.93,522.48,22.41,55.12,25.64,949.9,3.68,534.5,2.152
13.5077,69.08531,292.33,185.86,99.07,309.74,18.86,75.39,49.42,850.39,4.59,1436.46,1.2051
20.59412,72.08332,568.41,386.27,169.05,587.39,26.82,57.98,46.97,937.66,0.2,662.03,2.3274
23.95434,71.46908,644.51,522.49,112.17,671.84,24.9,82.22,18.26,956.3,2.1,520.25,2.6073
20.76812,74.56921,475.74,392.85,102.88,471.6,21.99,74.03,27.17,835.94,2.01,1591.81,1.8866
11.08047,80.48108,525.66,392.76,138.05,518.69,27.83,67.52,5.38,924.05,3.45,765.55,2.0368
20.17858,69.27366,725.62,537.18,195.28,700.41,28.79,64.52,26.5,1006.31,4.9,29.36,2.7784
12.71733,81.44757,595.82,377.94,209.0,583.58,29.36,54.06,56.76,880.12,3.39,1153.89,2.3022
25.61943,76.1099,373.47,233.99,117.6,320.44,20.89,80.1,33.19,922.83,4.08,794.91,1.2718
25.62629,71.40107,872.37,674.53,226.06,885.58,30.65,47.06,42.29,943.09,0.3,597.67,3.4885
9.93205,85.88321,482.91,392.3,115.84,477.15,28.14,51.48,16.99,959.64,0.99,474.12,1.8641
25.65685,71.67815,487.35,451.57,101.99,444.24,31.52,47.06,29.52,956.4,6.12,421.21,1.6724
20.45944,72.8338,690.13,578.67,116.66,698.83,38.33,58.85,21.21,939.95,3.48,657.89,2.5896
17.9294,84.39947,945.94,876.01,75.68,803.68,25.39,67.57,3.03,963.03,1.72,422.72,3.2217
20.15196,70.07865,325.27,270.53,36.1,312.79,38.92,46.71,7.84,1000.72,2.56,94.04,1.2372
23.54221,84.38229,842.58,623.83,230.23,814.07,25.14,83.77,35.54,868.77,2.24,1309.89,3.0737
23.79585,75.66735,610.83,348.66,201.39,644.2,27.78,78.0,41.76,884.4,1.06,1145.94,2.4971
23.28862,68.43332,618.91,531.66,54.6,680.81,23.39,63.44,8.26,822.3,4.86,1771.01,2.7055
18.70414,78.66013,283.48,224.75,38.81,281.06,25.49,53.34,13.24,929.72,1.68,686.26,1.2105
16.20574,73.71179,542.04,510.56,95.69,605.77,25.43,69.36,29.26,935.45,4.94,733.2,2.3395
20.63111,73.27542,408.96,265.22,65.64,391.15,18.32,59.88,19.32,826.98,1.27,1724.41,1.5703
14.40507,69.99327,620.48,415.15,135.16,595.09,20.11,63.93,25.61,884.71,1.02,1140.39,2.4248
13.54632,84.3389,728.2,617.69,149.37,607.69,28.5,73.47,21.18,940.87,4.96,624.3,2.3505
19.36853,79.17071,276.17,154.22,75.15,274.07,26.67,66.93,20.31,940.38,2.6,608.91,1.0934
21.08482,83.84209,529.28,399.41,118.87,566.71,26.44,66.29,20.99,999.77,1.61,125.23,2.2916
20.66245,69.95216,813.7,538.65,255.24,939.47,26.41,65.67,37.23,887.92,0.64,1092.9,3.7193
22.28736,74.2286,467.57,332.46,111.38,472.91,28.99,70.58,25.15,955.73,3.77,500.77,1.791
18.01855,83.10879,517.11,360.47,144.08,575.16,29.07,56.0,30.57,954.79,3.37,506.6,2.2367
17.60109,73.08784,848.22,440.72,377.35,831.08,15.41,87.88,48.04,834.69,1.93,1685.55,3.2053
8.68054,87.75834,815.91,665.02,182.1,826.22,29.27,57.73,21.53,1012.79,0.76,38.19,3.2369
15.68161,77.2855,719.28,513.1,186.13,694.33,26.09,66.2,23.78,939.58,1.73,644.48,2.7761
10.67494,85.94145,758.69,593.65,213.23,704.47,27.44,63.86,38.95,850.77,1.08,1414.15,2.7877
23.88369,76.60205,824.85,488.69,319.87,959.17,15.74,71.12,50.31,921.1,4.86,801.25,3.883
