latitude,longitude,wind_speed_m_s,air_density_kg_m3,temperature_c,humidity_pct,pressure_hpa,elevation_m,wind_generation_mw
21.77994,70.16537,6.36,1.1002,27.78,57.1,950.41,505.57,0.377
27.48164,79.85891,6.48,1.1082,22.7,85.33,941.12,608.22,0.3891
12.14833,76.61827,1.7,0.9849,9.81,66.52,800.0,1999.84,0.018
26.10244,73.85078,4.0,1.1288,29.22,57.43,979.74,217.08,0.0753
14.08134,85.29431,3.7,1.0063,15.61,67.76,834.08,1609.46,0.0463
11.11437,86.7199,5.72,1.1698,26.96,69.13,1007.74,58.83,0.3004
14.57454,81.55478,4.84,0.9958,12.66,76.95,816.98,1834.49,0.1169
25.468,75.18963,5.44,1.0744,27.15,48.3,926.19,727.19,0.2264
24.27015,68.18799,3.21,1.0762,23.09,70.84,915.14,859.3,0.0
11.73046,78.68548,5.64,1.005,16.3,80.33,835.03,1674.27,0.2334
27.44034,73.4898,2.32,1.0224,18.68,74.64,856.48,1422.94,0.0006
14.67078,79.96446,1.56,1.0274,17.33,86.49,856.64,1445.73,0.0
24.26452,84.44795,4.2,0.9667,26.8,66.29,832.35,1641.14,0.0553
19.83351,77.23963,2.46,1.0982,27.0,67.18,946.14,586.25,0.0
10.91802,83.50155,3.59,1.1519,21.21,70.94,973.33,293.35,0.0054
9.9764,85.91212,4.55,1.1594,22.86,54.83,985.14,260.93,0.1463
23.32205,79.61773,3.56,1.0191,13.95,67.84,839.83,1603.41,0.0374
24.22697,78.60587,5.31,1.0129,23.42,60.43,862.31,1419.56,0.1908
27.70237,76.14959,5.41,1.0807,18.54,68.74,904.83,910.56,0.2245
11.00878,85.32116,4.33,1.0987,24.02,88.08,937.22,647.61,0.1459
14.59631,70.01305,3.74,1.0338,23.38,66.82,879.96,1195.84,0.0724
11.00796,80.52637,1.49,1.0631,12.29,90.25,871.07,1298.12,0.0222
22.38954,70.66901,5.42,1.0303,15.81,82.73,854.61,1409.92,0.1897
22.47027,74.19636,1.19,1.1743,18.55,92.85,983.26,209.62,0.0035
13.01623,84.21115,6.59,1.1355,25.46,60.0,973.28,274.38,0.441
10.02477,75.39355,3.5,1.1458,21.7,52.92,969.79,417.38,0.0557
10.03813,85.54575,5.25,1.0011,18.05,55.5,836.82,1578.77,0.2028
10.8571,68.80252,1.85,1.1756,23.61,50.94,1001.44,86.84,0.0
19.66544,75.59617,4.6,1.0968,15.3,68.14,908.1,886.69,0.0907
22.46322,81.39744,1.44,0.9792,18.18,57.32,818.85,1823.44,0.0096
19.73818,80.77458,5.3,1.1176,22.86,67.3,949.59,589.31,0.1933
23.60379,71.0645,3.47,1.0707,18.55,72.7,896.56,950.47,0.0479
26.96717,69.19455,4.64,1.0294,17.92,54.46,860.06,1383.53,0.1359
10.59551,86.78344,2.87,1.1535,25.76,73.14,989.73,250.91,0.0091
20.04909,71.67146,5.57,1.0329,14.0,73.99,851.43,1416.09,0.236
17.35692,83.09658,4.23,1.102,21.09,54.06,930.73,775.05,0.0176
16.046,84.72892,4.61,1.0783,22.13,83.62,914.01,867.67,0.1641
18.50856,75.27312,2.5,1.1708,21.07,72.81,988.84,237.42,0.0
23.55431,77.34005,1.62,0.978,20.65,66.28,824.81,1738.45,0.0
16.11288,78.55321,6.79,1.0448,28.97,59.61,906.12,945.9,0.4384
13.85358,72.16013,5.5,1.1618,27.75,64.58,1003.46,51.7,0.2709
16.23923,77.5258,2.25,1.1101,23.64,40.42,945.74,596.8,0.0037
19.28063,82.04877,3.31,1.0804,33.96,59.21,952.48,525.63,0.0361
11.38546,80.98012,6.66,1.1427,29.68,49.76,993.32,127.1,0.4295
22.07792,75.17693,1.62,1.1574,21.4,59.49,978.54,347.08,0.0
22.37125,86.86653,4.11,1.1067,22.51,63.91,939.26,651.86,0.0486
9.77799,79.6071,3.14,1.0841,29.1,53.6,940.56,630.5,0.0316
14.51054,70.98758,3.8,1.0968,23.78,74.19,934.82,603.75,0.0227
24.07755,68.33529,10.76,1.021,23.57,72.41,869.58,1305.85,1.9355
11.14214,79.72874,4.71,1.1413,23.19,75.07,970.83,359.34,0.1517
25.21423,77.70193,4.58,1.1477,22.94,68.07,975.46,326.87,0.1178
24.61138,73.77769,7.06,1.0119,18.69,81.54,847.66,1548.79,0.529
23.14801,68.8785,4.99,1.0066,7.54,90.8,811.02,1871.0,0.1848
10.15571,82.22077,3.44,1.1386,20.22,43.63,958.87,474.75,0.0103
24.8357,83.66407,3.29,1.0762,30.23,77.03,937.18,672.61,0.0078
17.64882,79.06503,8.09,1.0055,20.5,66.53,847.58,1458.55,0.7886
13.79499,74.35314,1.74,1.0884,23.63,84.62,927.24,736.91,0.0172
26.91642,83.89708,4.05,1.2143,14.85,64.03,1003.84,133.53,0.1107
20.87513,71.33943,5.03,1.1605,18.99,74.26,973.18,273.76,0.1385
9.78149,83.86684,4.7,1.0185,16.9,83.43,847.99,1589.85,0.1678
23.99785,70.88797,4.98,1.0406,20.74,82.55,877.86,1185.5,0.1535
9.54622,68.60973,9.68,1.0352,21.02,81.24,874.12,1217.34,1.4074
16.45253,70.7631,2.34,1.135,19.35,71.6,952.94,577.07,0.0
27.31411,78.37557,1.43,1.0714,21.48,46.27,906.15,999.88,0.0
14.96272,71.54983,1.26,1.0495,31.85,54.62,918.79,890.48,0.0344
23.2276,77.68665,4.07,1.0188,26.04,79.64,874.92,1277.58,0.0636
24.40107,79.61246,3.8,1.1674,21.66,84.23,987.94,231.05,0.0563
9.25244,76.58789,2.29,1.0929,25.9,61.76,938.2,677.99,0.0254
16.8339,86.51797,1.42,1.0458,23.15,51.2,889.53,1161.27,0.0
20.87916,82.73049,6.99,0.9699,15.43,77.42,803.47,1990.23,0.4978
26.86041,82.52907,2.98,1.1321,26.29,83.57,973.13,360.58,0.0426
26.28682,84.37309,3.93,1.1232,17.77,67.87,937.97,558.17,0.0
20.96022,73.89296,0.59,1.0936,17.94,74.52,913.83,951.02,0.0
13.22432,79.00084,4.97,1.0913,24.93,59.64,933.79,605.63,0.1908
18.40112,77.49287,3.71,0.9598,18.38,77.54,803.21,1901.41,0.0378
11.62612,68.38627,4.97,0.997,17.3,77.11,831.21,1648.33,0.201
15.08658,80.08205,3.03,1.0087,22.98,65.98,857.39,1455.8,0.0
11.71084,69.50049,5.97,1.1027,16.73,68.14,917.53,861.16,0.2984
27.84136,78.39778,1.46,0.9941,27.47,79.24,857.83,1328.62,0.0
22.55167,77.03212,3.95,1.0135,21.67,78.63,857.71,1388.5,0.0491
13.30301,87.51495,2.05,1.0238,23.88,52.6,872.9,1243.39,0.0152
10.55785,87.50763,6.26,1.1049,23.33,78.74,940.27,659.98,0.3663
25.46328,87.66321,3.8,0.992,22.67,68.13,842.33,1549.78,0.0616
27.4854,68.24353,2.29,1.1191,30.43,71.81,975.17,352.2,0.0
11.04184,78.16427,1.84,1.0731,30.12,58.29,934.2,654.5,0.0
20.35241,78.12441,1.92,0.9757,15.88,67.84,809.54,1828.55,0.0
8.6626,78.10419,1.33,0.9661,15.62,80.17,800.85,1949.11,0.0307
17.65955,68.71975,4.43,1.0777,22.87,85.26,915.7,836.93,0.0956
16.41957,83.26359,3.19,0.9926,16.46,86.94,825.16,1727.72,0.0
23.3771,85.23846,3.85,0.9701,19.78,81.0,815.75,1917.5,0.0564
20.86499,84.71579,5.92,1.0141,19.82,86.34,852.86,1456.17,0.315
8.95954,86.32516,3.16,0.9384,23.85,68.61,800.0,1935.41,0.002
19.55838,85.9013,5.85,1.0344,20.1,54.58,870.75,1292.66,0.2985
11.88401,85.20916,5.83,1.0722,20.97,55.71,905.17,1009.82,0.2214
8.82711,80.32223,5.87,1.1178,14.91,75.73,924.28,746.92,0.2843
15.81944,70.96183,2.75,1.0494,17.82,60.6,876.52,1208.08,0.0
18.54745,71.87714,5.52,1.112,30.22,73.51,968.35,357.6,0.2774
16.48127,85.85286,4.97,1.1146,30.72,65.14,972.18,377.03,0.126
14.1133,70.36114,4.42,1.0466,19.96,85.67,880.55,1217.81,0.089
14.25106,84.65374,4.7,1.0715,27.35,56.79,924.26,794.66,0.1418
17.16446,78.65323,5.75,1.1657,24.86,69.41,997.14,130.09,0.2865
24.06064,76.75625,7.67,1.1775,24.03,74.99,1004.44,34.12,0.7005
24.66849,86.65437,8.65,1.134,25.74,61.61,972.98,350.56,0.975
9.55593,78.19797,4.09,0.9895,16.93,71.06,823.91,1734.66,0.0778
12.10942,80.1924,7.91,1.2048,14.05,69.49,993.21,227.36,0.8058
24.09317,80.0481,2.89,1.0982,15.83,66.02,910.95,927.01,0.0
9.80228,86.89457,1.89,1.0169,19.35,69.66,853.79,1458.7,0.0036
8.87838,80.80405,3.72,1.054,19.21,81.4,884.56,1129.85,0.0277
11.71715,77.02551,3.76,1.0737,18.86,83.39,900.02,1044.02,0.024
10.50572,86.68662,5.76,1.0953,20.49,75.41,923.22,866.54,0.2614
19.58067,84.20065,5.42,1.0641,23.9,78.3,907.31,952.74,0.2441
17.15061,74.10624,3.63,0.9635,16.54,58.14,801.24,1962.59,0.026
22.49665,72.30376,6.79,1.0427,14.99,63.31,862.44,1441.49,0.4291
16.47984,71.31789,2.75,0.974,23.09,53.85,828.27,1670.12,0.0
18.53312,85.60092,2.8,1.0566,21.29,74.87,893.08,1097.67,0.0
16.23165,86.16875,4.51,1.1511,24.32,75.79,982.94,277.83,0.1228
22.54579,80.53131,4.15,1.1366,34.28,75.71,1003.05,107.2,0.07
12.33969,87.42422,5.79,1.0451,25.18,65.6,895.01,1030.55,0.2552
18.42017,79.71394,1.91,0.9701,23.69,75.12,826.6,1629.72,0.0
9.26733,76.83518,2.16,1.1081,14.39,64.33,914.62,852.9,0.0513
21.9885,69.8025,4.11,1.1716,25.07,71.2,1002.94,120.84,0.0474
26.68355,82.89815,4.16,1.1386,21.97,65.18,964.57,444.24,0.0794
12.15566,74.14034,3.91,1.0387,12.91,79.55,852.91,1443.84,0.0567
13.47519,84.41134,2.38,1.1499,21.6,94.09,972.92,314.52,0.0
26.38242,79.40859,2.5,1.0786,22.5,68.83,915.39,873.35,0.0
10.98442,69.35463,4.87,0.9924,23.26,74.87,844.35,1555.08,0.1253
17.6697,69.07584,2.97,1.1076,35.87,45.59,982.53,231.2,0.0
8.41609,77.75696,4.5,1.055,24.39,81.25,901.04,983.2,0.0895
26.14014,79.83398,5.27,1.0495,27.12,73.03,904.58,947.49,0.174
8.77213,87.45529,5.46,1.09,13.66,76.97,897.42,1060.58,0.2258
14.09359,83.13842,5.16,1.0528,21.48,73.41,890.41,1141.18,0.1887
19.42999,84.82427,2.4,0.987,18.59,64.13,826.6,1689.84,0.0
13.97396,84.86106,5.37,0.9683,19.3,64.34,812.85,1888.69,0.2177
23.65636,86.84812,2.56,1.1329,21.58,55.35,958.45,500.8,0.0
12.08035,69.26826,6.86,1.0296,18.76,69.32,862.76,1358.55,0.4442
20.17345,84.94222,8.2,1.0616,23.67,63.46,904.49,919.45,0.8263
16.56257,69.87655,3.42,1.1287,23.14,60.74,959.95,486.04,0.0
8.28625,77.65296,4.64,1.0438,26.39,58.49,897.52,1005.72,0.1417
10.76645,79.34968,2.96,1.1336,31.55,66.37,991.52,183.35,0.0
16.76132,73.84817,7.21,1.0757,23.11,54.74,914.77,886.07,0.5548
11.43072,73.07192,2.15,1.0822,19.53,66.76,909.16,881.91,0.038
9.80534,86.38589,6.03,1.0663,24.41,66.08,910.8,873.35,0.3439
25.4848,75.64739,2.89,1.1484,24.31,71.55,980.61,236.31,0.0
16.82305,82.95801,4.46,1.0507,32.02,56.67,920.39,829.08,0.1221
21.54739,83.01926,4.16,0.9968,12.79,82.56,818.11,1861.51,0.0962
13.35736,76.806,2.88,1.1684,28.53,70.96,1011.77,27.66,0.0219
26.8067,87.43995,1.97,0.9605,18.69,79.29,804.61,1989.53,0.0184
12.86584,71.09448,3.02,1.1041,23.22,70.44,939.28,636.6,0.0204
10.51914,77.97215,3.86,1.0931,22.82,59.75,928.7,742.81,0.0448
11.41235,70.53935,6.31,0.9748,15.53,58.5,807.74,1904.28,0.3769
16.31835,72.32461,3.88,1.0115,17.92,65.14,845.15,1557.39,0.0368
24.29185,77.2204,6.88,0.9635,21.34,56.24,814.44,1821.82,0.4921
25.21012,80.00046,4.38,1.0366,25.47,61.19,888.57,1095.33,0.0776
10.37323,73.67669,3.63,1.0852,26.99,78.32,935.0,696.86,0.056
27.74173,68.50918,0.5,1.1254,30.39,74.85,980.58,251.24,0.0
8.32518,70.47044,2.16,1.0211,19.25,57.36,857.02,1482.21,0.0
25.77231,72.45639,9.86,1.0034,21.29,51.99,848.06,1523.22,1.4481
15.62087,70.43405,5.13,1.0728,28.84,61.93,929.96,674.84,0.1723
18.06954,76.41948,0.5,1.1343,19.96,46.52,954.36,401.88,0.0237
20.19074,80.3457,3.51,0.9669,21.17,66.31,816.85,1824.72,0.0025
23.65333,70.84177,6.18,1.1186,20.91,86.56,944.19,616.81,0.2891
22.17864,79.95498,3.08,1.0893,20.53,72.22,918.28,825.63,0.0
11.98503,71.46857,2.86,1.0505,20.45,67.34,885.35,1145.0,0.0
16.55025,86.3894,3.62,1.1238,21.05,75.57,949.04,576.37,0.0527
23.79237,83.09838,5.88,1.1388,25.12,69.66,975.0,367.93,0.2966
20.49642,85.34957,5.59,1.0621,13.73,68.15,874.62,1257.1,0.2364
16.60058,85.79348,1.67,0.9846,19.62,75.51,827.46,1702.34,0.0433
23.77412,77.98343,4.56,1.1698,23.07,57.87,994.69,162.82,0.1332
23.66809,75.18493,4.26,1.0508,27.57,59.26,907.08,942.67,0.0262
22.19316,84.63394,2.72,1.1389,24.28,66.3,972.33,350.9,0.0
10.3332,77.39201,3.51,1.1097,29.74,86.01,964.87,457.39,0.0
17.25116,82.67617,4.74,1.0115,11.38,75.51,826.1,1678.61,0.1349
14.40215,68.28343,6.02,1.1401,34.54,68.5,1006.94,54.05,0.3121
24.06699,68.82555,2.57,1.0452,19.26,65.53,877.33,1239.81,0.022
15.02806,72.97497,4.57,1.0647,20.35,65.95,897.02,1063.94,0.0803
27.67044,77.65614,3.32,1.0749,17.6,64.03,897.09,1067.83,0.0217
19.50713,76.32518,7.24,1.1364,30.53,63.28,990.57,140.79,0.5592
15.94626,77.0874,3.88,1.1227,34.24,66.4,990.64,156.69,0.0693
15.54522,74.77118,3.21,0.9501,21.96,73.94,804.86,1988.56,0.0086
26.22577,86.70326,6.64,1.007,18.66,82.1,843.48,1527.85,0.4279
23.57568,71.03882,4.16,1.1136,22.85,78.76,946.22,500.72,0.061
21.64835,81.27225,2.29,1.1027,24.63,71.9,942.58,627.82,0.0077
18.14988,83.37977,0.95,0.9847,16.77,69.06,819.51,1760.14,0.0197
18.72847,68.98615,4.15,1.1439,24.08,65.86,975.95,331.54,0.0712
20.80221,82.537,0.5,1.0584,17.75,75.38,883.81,1201.12,0.0
16.36015,87.84825,2.09,1.1461,21.66,65.95,969.89,384.1,0.0002
19.57564,86.72407,2.17,0.9808,16.42,67.58,815.23,1834.03,0.0
21.28137,87.73269,5.45,1.1854,21.7,69.09,1003.28,121.76,0.2471
23.93258,79.65157,4.57,1.1398,32.85,62.73,1001.22,102.02,0.1236
12.56673,81.55751,1.15,1.0252,16.16,74.26,851.38,1527.57,0.0116
18.73186,69.3676,4.85,1.1297,24.8,77.92,966.18,392.01,0.1796
13.81892,71.02189,4.32,0.9754,12.58,67.0,800.0,1983.07,0.0908
25.79594,87.35712,1.26,1.0466,21.38,86.21,884.83,1116.97,0.0
18.91638,86.44815,4.36,1.0376,17.58,75.04,865.87,1224.21,0.1023
21.01508,78.49904,4.99,1.0485,22.91,72.49,891.04,1085.9,0.1994
27.45562,84.42534,5.77,1.1876,20.87,70.35,1002.31,63.77,0.2556
17.27501,86.81141,0.66,0.9792,17.63,75.24,817.33,1843.62,0.0236
11.56721,74.11705,5.39,1.1346,36.63,57.94,1008.94,65.61,0.203
9.47605,78.91498,0.88,1.102,23.4,66.04,938.12,643.36,0.0
22.96492,78.54132,4.13,0.9872,19.35,83.41,828.89,1684.37,0.0477
18.46846,68.66373,2.62,1.0632,27.97,76.72,918.97,798.49,0.0
17.03467,87.49047,6.45,0.9576,17.88,57.78,800.0,1979.7,0.4028
22.3973,76.04928,9.97,1.0148,9.88,67.17,824.45,1717.92,1.5568
15.26852,68.67703,6.12,0.9601,21.55,67.89,812.16,1849.27,0.3001
12.65691,68.8634,2.74,1.1326,24.15,75.86,966.55,448.26,0.0235
25.55128,84.49462,4.84,0.9684,25.2,48.29,829.39,1640.85,0.1483
18.68989,78.09677,1.23,1.0573,19.41,80.06,887.87,1141.89,0.0059
18.75251,85.86664,4.94,1.0565,18.05,86.04,883.1,1126.88,0.1253
24.87467,83.55286,0.5,1.0123,18.17,77.19,846.51,1531.77,0.088
13.3237,68.7643,3.19,1.001,12.44,67.5,820.58,1838.43,0.0333
10.45177,81.43827,5.75,1.1265,26.85,68.3,970.12,299.43,0.2984
12.19651,79.81269,9.77,0.9614,21.16,81.93,812.2,1928.57,1.4042
22.25396,83.47799,1.89,0.9792,18.73,77.43,820.41,1761.58,0.0
19.18363,70.85365,3.68,1.0488,20.58,91.18,884.29,1136.72,0.0628
15.7943,82.23959,5.5,0.9638,17.91,76.79,805.22,1939.0,0.2162
19.95933,85.17929,2.55,1.0885,23.73,70.72,927.65,765.35,0.0
20.77629,73.1531,7.05,1.0998,22.51,67.8,933.37,649.46,0.5327
21.90545,77.33497,10.15,1.0672,24.21,63.76,910.89,894.39,1.627
13.80651,75.61917,3.98,1.0394,11.65,68.37,849.69,1529.19,0.0482
8.84488,73.86554,8.86,1.1239,27.99,68.97,971.57,357.8,1.1181
19.19896,80.28586,6.32,1.0593,29.04,67.31,918.91,794.25,0.3595
10.58054,81.05474,4.52,1.1586,27.88,75.72,1001.15,79.54,0.1029
13.63396,69.7815,6.76,1.1124,30.83,38.62,970.68,414.59,0.4261
22.8665,76.49617,2.49,1.0664,16.12,87.63,885.51,1110.0,0.0355
27.392,69.51965,3.66,0.989,20.87,58.53,834.67,1625.16,0.0
14.7498,69.76888,5.73,1.1228,21.43,62.73,949.46,560.14,0.2953
8.42666,75.02057,1.88,1.1202,27.96,59.79,968.24,361.48,0.0
25.92907,77.14,2.25,1.0963,25.35,49.93,939.33,604.83,0.0152
21.82673,74.07406,5.92,0.9997,17.55,71.22,834.22,1643.98,0.3116
20.42901,87.41765,1.65,0.9677,18.64,61.23,810.56,1884.48,0.0448
24.77329,79.07728,3.95,1.0901,26.39,48.42,937.26,625.96,0.0103
21.25002,77.38142,4.35,1.1222,25.19,51.26,961.03,413.33,0.0568
11.64593,74.64457,3.95,1.0463,16.21,78.44,869.11,1360.02,0.0333
26.55056,84.42924,4.86,1.1232,33.16,66.47,987.59,195.99,0.1032
11.00373,74.02461,2.45,1.1093,27.12,66.44,956.08,499.3,0.0
13.34328,79.36539,5.88,0.9919,17.83,74.49,828.51,1610.19,0.3238
10.07085,82.78888,4.5,0.9623,21.52,56.58,813.93,1791.97,0.1116
10.01185,83.86276,2.99,1.0071,24.7,75.26,861.09,1397.78,0.0
16.71553,70.15409,5.3,1.1733,24.02,64.59,1000.85,146.96,0.2276
24.07124,83.46604,8.18,1.0629,15.54,75.49,880.81,1229.52,0.8035
21.18743,81.45331,4.87,0.9896,14.62,75.66,817.47,1820.66,0.1168
25.02273,83.02147,4.27,1.0414,20.85,71.02,878.84,1248.55,0.0603
11.01076,74.80456,6.93,1.0788,30.34,70.2,939.8,599.95,0.4934
15.91184,71.7955,1.57,1.1131,25.74,61.86,954.98,526.65,0.0
19.50492,74.67033,6.07,1.0117,22.71,59.2,859.21,1397.45,0.3056
12.73116,78.81094,3.53,1.0604,11.55,77.79,866.57,1305.45,0.0148
25.24886,75.52277,3.86,1.0196,11.1,81.02,831.97,1703.82,0.0457
22.26449,68.12974,4.67,1.1429,25.8,84.58,980.77,225.02,0.0904
8.76102,72.67533,4.8,1.0605,21.5,81.55,896.96,1018.26,0.1479
11.85207,76.50386,5.75,1.01,15.3,86.55,836.25,1644.61,0.2704
21.67188,83.69514,3.33,1.1738,25.83,59.93,1007.34,42.07,0.0284
26.807,81.68483,6.38,1.1586,24.3,71.53,989.28,141.02,0.3865
8.32703,82.97011,5.08,1.0134,13.65,71.41,834.29,1635.77,0.1374
17.77246,80.58586,8.99,1.0448,25.34,67.52,895.18,1031.21,1.0687
24.92652,72.37602,6.66,0.9851,15.5,73.44,816.22,1844.97,0.4239
20.21593,74.41989,2.31,1.0878,24.22,72.52,928.57,746.34,0.0
15.91144,77.16912,1.91,1.0031,22.9,59.12,852.48,1362.26,0.0126
27.82205,70.69968,1.15,1.1199,22.22,68.68,949.57,524.38,0.0
11.97668,76.89109,4.41,1.0946,27.81,77.62,945.6,500.69,0.0555
20.68869,78.33972,4.18,1.1031,24.91,79.1,943.79,640.45,0.0308
16.00517,80.98584,4.83,1.1366,20.13,81.41,956.87,489.51,0.1484
8.02012,75.04178,6.85,1.0247,16.86,83.01,853.01,1400.43,0.4643
12.96237,85.29683,4.96,1.025,15.22,68.01,848.46,1497.14,0.1645
13.41427,77.67177,3.79,1.1126,22.32,66.41,943.66,559.8,0.0696
10.34737,82.51222,2.58,1.0692,27.81,71.53,923.72,752.5,0.0194
13.21973,72.13282,7.49,1.1107,26.62,80.74,955.76,507.49,0.6163
11.55636,87.23216,7.73,1.071,24.51,80.35,915.14,929.76,0.7049
27.31687,71.42924,4.92,0.9652,23.41,91.35,821.65,1718.76,0.1223
20.29091,77.39897,1.82,0.9351,24.89,67.34,800.0,1997.84,0.0
15.47199,74.65935,3.89,1.1404,24.89,58.64,975.65,333.21,0.0324
10.82406,84.08248,1.1,1.1522,30.61,62.71,1004.61,29.06,0.0213
12.23762,72.62582,0.6,1.0944,25.74,81.01,938.96,697.76,0.0
18.82233,75.66024,6.04,1.0977,21.57,59.45,928.66,762.27,0.3211
11.52709,85.61415,2.29,0.9775,14.44,68.02,806.92,1881.67,0.0
21.16606,87.25502,10.54,1.161,28.72,68.39,1006.01,100.48,1.9256
24.28377,82.07197,3.53,1.0342,19.1,84.72,867.57,1277.17,0.0278
23.77873,77.69751,3.54,1.0972,32.69,65.45,963.25,426.74,0.0308
18.19642,69.51284,2.88,1.0166,20.2,71.33,855.99,1352.49,0.0
12.14048,81.70107,8.75,0.9617,23.36,75.75,818.55,1749.51,0.9893
14.80474,79.64722,4.9,1.0956,28.56,78.28,948.85,603.83,0.1618
8.60177,87.22743,2.71,1.0207,23.3,70.7,868.54,1304.02,0.0
23.10574,73.29301,1.6,0.972,27.37,55.28,838.45,1475.16,0.002
14.5603,77.50048,4.49,0.9614,22.0,76.2,814.54,1879.85,0.0454
8.33697,81.60589,2.89,1.0268,20.29,72.81,864.93,1320.4,0.0
22.16504,76.49374,1.67,1.027,22.96,64.4,872.94,1231.86,0.0
20.39675,81.42747,2.91,1.1326,24.01,72.91,966.12,477.76,0.0
27.7347,77.03837,5.51,1.109,20.63,57.78,935.22,705.37,0.204
23.85223,78.61643,6.9,1.0053,22.96,73.3,854.51,1492.75,0.4888
8.37325,73.8485,1.19,1.1004,34.75,47.7,972.58,380.72,0.0868
24.30864,81.64217,1.72,1.0919,26.62,70.84,939.52,572.32,0.0
14.61649,76.02983,5.86,1.16,23.99,67.52,989.43,202.59,0.2392
23.6865,77.6047,3.16,1.0322,17.69,86.68,861.73,1343.03,0.0437
24.19553,72.63397,0.76,1.0204,25.97,70.7,876.14,1207.95,0.0139
21.7019,86.02792,2.52,1.1135,18.29,79.23,931.57,724.78,0.0223
10.73229,73.20383,2.06,1.1228,18.44,80.67,939.79,664.75,0.0
15.92668,85.54393,2.65,1.1095,26.91,53.94,955.63,539.93,0.0259
17.28766,82.37518,4.92,1.0901,24.91,81.14,932.64,673.14,0.1108
20.49129,70.7346,1.94,1.1338,20.8,79.1,956.67,447.44,0.0507
22.45481,82.33375,5.98,1.0367,15.29,65.87,858.33,1413.93,0.3519
27.76602,77.69572,6.12,0.9746,15.55,80.19,807.66,1935.18,0.3244
18.86835,71.39346,4.27,1.0589,23.26,65.59,900.95,1075.4,0.087
13.75063,86.54702,2.55,1.0947,18.34,72.77,915.96,847.35,0.0
11.75841,73.87238,3.88,0.9887,16.62,60.69,822.39,1782.82,0.0442
9.54328,72.78755,0.79,0.9727,22.39,69.76,825.19,1753.59,0.0098
27.44586,86.52059,4.37,1.0981,27.4,63.57,947.38,620.27,0.1422
16.89961,74.50373,4.49,1.0981,11.68,64.03,897.82,1015.0,0.1061
9.01629,79.46503,2.42,1.0063,20.87,78.22,849.29,1517.93,0.0
8.04184,82.49967,5.98,1.0813,20.14,63.42,910.36,933.1,0.3198
17.85818,86.40315,2.98,1.0147,19.3,85.82,851.83,1452.82,0.0121
12.40604,78.60547,1.62,1.1321,25.71,66.37,971.18,326.18,0.0
21.9974,70.3738,4.53,1.1363,25.89,68.02,975.39,333.86,0.0758
25.46456,76.7557,3.08,1.1171,28.46,69.03,967.2,395.61,0.0102
14.54878,84.47672,3.97,1.0342,25.4,53.79,886.31,1069.87,0.0621
11.10457,73.50557,2.53,0.9407,23.1,63.9,800.0,1968.81,0.0427
18.49848,72.9614,2.98,0.9882,17.47,62.53,824.4,1770.0,0.0306
25.52202,76.16153,6.29,1.0081,16.15,70.69,837.18,1658.06,0.3266
21.67435,69.18121,2.12,1.0091,15.77,72.21,836.92,1610.4,0.0347
24.55735,83.65418,2.51,0.99,20.15,61.25,833.47,1679.61,0.0171
11.26512,83.14718,5.79,1.1488,23.57,55.09,978.48,315.54,0.3034
12.42904,70.24654,4.65,1.1165,23.73,65.67,951.48,496.13,0.1511
16.48096,86.57793,1.1,1.0601,17.52,72.4,884.51,1116.54,0.0146
27.32759,83.88001,3.75,1.0777,22.39,74.03,914.29,831.39,0.0432
23.2997,81.39896,3.47,1.0876,23.39,62.64,925.74,787.14,0.0308
15.50692,78.71953,5.92,1.1695,26.91,67.08,1007.36,61.88,0.315
14.36075,84.19634,3.27,1.1021,29.42,71.43,957.19,488.05,0.033
13.88434,84.53919,3.7,1.1096,28.99,57.19,962.36,456.95,0.0184
25.80125,80.75232,3.64,1.1574,22.69,61.08,982.9,248.86,0.0765
26.24834,84.45147,1.57,1.1443,28.75,65.75,991.68,253.97,0.0
21.05718,74.2515,4.23,1.0772,18.3,80.65,901.21,974.35,0.0659
21.05672,71.61854,5.89,1.0612,22.4,65.37,900.29,1009.41,0.258
27.10927,77.78248,5.49,0.9977,16.34,75.54,829.11,1651.74,0.2844
15.84825,77.95259,5.64,1.169,22.15,53.3,990.88,220.08,0.2574
22.53098,87.01863,3.42,1.0251,11.95,78.19,838.89,1534.85,0.0069
21.97139,69.20613,6.46,1.1394,19.97,76.69,958.74,466.35,0.3715
14.55186,74.11087,1.16,1.0095,21.48,79.99,853.78,1457.21,0.0279
19.40386,73.20777,2.24,1.1043,21.17,70.94,933.01,704.97,0.0037
20.11332,68.9163,3.25,1.0131,16.15,91.61,841.3,1541.01,0.0
17.67374,84.21384,2.44,0.9779,12.27,87.09,801.21,1957.48,0.0
19.5005,77.51563,7.32,1.0531,22.31,54.79,893.12,997.53,0.5853
16.22224,68.33126,4.34,1.0924,18.83,78.57,915.56,845.1,0.1129
12.57203,72.66962,3.64,0.9923,14.81,71.87,820.25,1814.4,0.0604
14.09597,83.65268,5.24,1.1146,26.15,69.67,957.6,424.73,0.1728
11.00898,76.76369,8.91,0.991,16.68,66.13,824.51,1734.15,1.1422
24.33141,77.40073,9.21,1.1584,26.42,58.58,996.17,170.77,1.2807
9.68188,85.88184,1.23,1.1091,17.2,64.08,924.38,765.76,0.025
27.56905,75.01298,3.2,1.1829,24.45,68.97,1010.46,48.54,0.0155
10.19084,73.08754,1.11,1.081,28.33,86.37,935.49,708.48,0.0
27.88423,83.69409,7.08,1.006,17.18,69.49,838.4,1555.51,0.5079
12.28045,74.27145,5.85,1.1629,24.89,65.3,994.86,172.92,0.2762
24.57566,75.80864,3.34,0.9834,12.42,71.43,806.09,1899.65,0.0146
14.66928,77.67515,4.14,1.109,19.91,69.03,932.96,678.98,0.058
12.49233,75.84721,9.12,1.0476,27.65,67.93,904.59,931.16,1.1523
25.52781,85.37665,5.53,1.0627,18.07,69.77,888.4,1102.21,0.2269
21.54524,73.29125,2.53,0.9861,17.53,62.43,822.79,1700.36,0.0
15.53479,80.82021,1.27,1.0961,25.11,69.08,938.45,641.91,0.0
8.8788,72.00758,6.16,1.1322,28.03,51.12,978.78,324.73,0.3493
23.68335,69.07601,3.84,1.0143,24.1,74.58,865.45,1348.49,0.0644
19.68934,75.00351,4.04,1.0512,23.07,51.58,893.86,1073.03,0.1169
10.25843,85.70799,5.41,1.1384,21.65,72.8,963.37,390.12,0.2017
14.76367,78.20225,4.2,1.1016,23.97,62.09,939.58,617.9,0.1043
11.90897,72.21499,3.85,1.0803,16.82,74.1,899.19,1065.6,0.0092
15.98865,75.69741,4.53,0.9771,18.58,69.97,818.21,1865.58,0.1232
18.92406,71.49733,1.75,1.1476,29.99,52.34,998.6,198.45,0.0088
26.28018,86.96457,0.5,1.0451,22.93,62.75,888.26,1183.52,0.0344
22.25366,79.52182,3.13,1.1201,16.32,54.91,930.76,727.83,0.0077
17.06434,72.61781,2.96,1.1437,24.01,67.42,975.58,307.36,0.0
10.79429,70.1507,3.94,1.0621,32.59,61.37,932.16,720.32,0.0498
14.92037,75.55821,1.79,1.123,21.98,67.41,951.42,496.43,0.0111
16.43092,85.29738,6.59,1.0985,27.57,61.68,948.26,519.73,0.4305
9.07253,69.27762,1.37,1.1006,20.32,77.63,927.15,714.26,0.0
10.92426,81.66601,7.28,1.0896,28.39,72.03,943.12,608.31,0.5601
14.89869,72.78783,2.32,1.0367,17.14,66.89,863.87,1381.14,0.0171
13.84163,83.21633,5.87,0.9848,26.76,57.91,847.76,1531.77,0.2861
17.88353,69.24386,6.03,1.1603,29.96,61.6,1009.56,40.91,0.3412
22.66506,83.41033,1.94,1.1898,21.25,59.87,1005.42,98.99,0.0228
19.47713,80.20529,5.95,1.0667,23.02,84.51,906.85,964.35,0.2881
25.02782,69.86305,5.29,1.1285,26.94,68.37,972.08,347.22,0.1888
16.04737,78.21024,2.1,0.9775,22.51,76.62,829.58,1679.45,0.0585
8.30842,76.13417,2.0,0.9912,24.61,54.99,847.22,1534.16,0.0
11.99415,69.70171,8.07,1.1381,19.23,75.67,955.21,519.44,0.7482
19.14971,79.07975,1.97,1.0775,22.81,75.07,915.41,829.23,0.0326
9.49994,74.86982,9.13,1.0897,22.81,46.97,925.77,758.03,1.2053
20.41589,84.81968,6.47,1.0151,15.7,64.25,841.69,1541.41,0.4256
21.55513,85.92637,4.41,1.0689,21.39,59.99,903.7,994.8,0.1268
10.56891,84.21065,1.24,1.0798,24.79,79.29,923.49,757.23,0.0
17.10638,77.52198,5.15,1.1214,23.98,82.55,956.44,574.65,0.2232
11.60484,73.2805,1.03,0.9677,14.86,57.79,800.0,1993.73,0.0
14.40343,85.43191,1.78,1.0815,28.66,56.95,936.94,592.92,0.0
18.95186,78.65315,3.96,0.9766,13.75,67.1,804.24,1926.97,0.0527
11.89788,83.47251,8.72,1.0928,17.64,64.03,912.15,866.24,1.0082
20.69065,85.36677,3.49,1.0133,19.59,73.86,851.47,1475.62,0.0
24.66507,71.10317,2.08,1.1398,30.64,45.44,993.96,131.61,0.0
20.68324,86.90476,3.82,1.1264,20.79,73.64,950.38,528.73,0.0893
24.79352,76.88787,6.04,1.1536,28.91,65.35,1000.24,133.54,0.3342
13.24907,74.60137,4.98,1.0497,24.56,75.03,897.09,1019.79,0.1845
15.69576,71.76951,1.76,0.9606,20.63,73.34,810.04,1964.98,0.0
21.91137,78.59503,7.51,1.1338,25.69,65.02,972.57,409.42,0.6318
24.80076,82.34277,3.74,1.1214,28.94,68.99,972.4,299.99,0.0107
20.13084,72.18861,2.75,1.0396,20.58,74.63,876.58,1245.44,0.0386
8.34815,74.81403,5.33,1.0613,20.08,64.18,893.31,1120.56,0.1632
14.18489,77.77908,2.97,1.131,22.79,70.19,960.76,415.02,0.0
16.56274,69.51436,3.68,0.9843,20.71,88.86,830.32,1644.13,0.0173
26.454,85.42334,3.12,1.0389,22.0,68.07,880.17,1200.38,0.0
21.07492,82.28186,6.99,1.1018,24.02,75.54,939.83,631.3,0.5088
19.49398,79.30486,5.76,0.9504,21.91,74.65,804.96,1915.0,0.2637
19.1729,75.64679,7.29,0.9798,11.47,55.57,800.47,1985.38,0.5046
8.29496,71.30933,2.96,0.9821,26.47,73.8,844.69,1532.4,0.0
19.12498,83.4409,3.21,1.0613,22.59,62.32,900.92,989.78,0.0
18.97983,80.26687,1.23,0.9828,11.69,92.74,803.57,1945.59,0.0
27.36363,84.25141,5.28,1.1437,17.62,55.66,954.58,490.33,0.1947
22.81451,78.28859,4.29,1.0394,15.26,76.35,860.47,1364.03,0.1005
14.99592,80.78148,7.61,0.9964,12.97,75.77,818.32,1811.44,0.6613
25.76667,76.6261,3.57,1.0198,17.5,56.84,850.81,1510.3,0.0193
14.83987,75.804,3.75,1.1344,24.98,54.13,970.78,332.03,0.022
18.80816,87.92907,3.67,1.084,25.5,67.65,929.26,744.77,0.0375
22.16476,84.52541,3.1,1.0137,20.05,56.8,853.18,1426.41,0.002
10.31442,75.76794,7.62,0.9599,19.94,68.43,807.6,1892.16,0.715
19.61203,84.20283,3.4,1.0416,12.52,52.9,854.11,1434.8,0.0342
17.11682,81.18118,4.36,0.9786,21.63,72.5,828.03,1772.72,0.1023
20.32726,76.92065,4.62,1.0345,14.42,71.69,853.93,1473.9,0.0934
24.98116,87.45825,10.34,0.9685,15.39,70.65,802.15,1916.53,1.6933
24.22302,79.97011,6.66,1.1376,24.53,75.36,972.1,345.65,0.4724
23.75489,68.50641,1.49,1.1103,24.92,55.73,949.96,509.19,0.0
11.63435,83.3465,6.37,1.0014,13.96,64.96,825.3,1752.01,0.3538
19.76746,79.25976,3.3,1.1482,23.01,76.5,976.12,346.39,0.0
18.31418,81.76361,1.78,0.9783,15.81,66.68,811.48,1836.94,0.0
27.81394,78.88998,5.34,1.0337,27.11,69.12,890.91,1029.26,0.175
10.76147,86.39759,3.97,0.9943,14.71,65.18,821.61,1790.41,0.0701
22.43844,73.21211,6.36,1.1464,31.86,58.56,1003.68,62.06,0.3589
17.8913,73.19982,6.38,1.1048,24.11,91.0,942.67,636.77,0.3528
18.13005,83.74486,3.24,1.1601,27.49,70.43,1001.14,86.47,0.0234
24.24192,81.79669,2.74,1.066,22.5,78.18,904.66,986.28,0.0
18.55779,86.76133,5.38,0.9642,18.52,77.5,807.21,1954.08,0.175
11.10604,69.66104,2.54,1.0703,22.37,68.65,907.93,935.58,0.0
23.67054,75.63882,8.7,1.098,20.09,77.13,924.24,749.13,0.9898
25.55221,87.83354,7.7,1.0657,21.89,60.22,902.53,975.85,0.6697
11.0397,68.50121,4.15,1.0551,28.04,88.42,912.19,874.63,0.0424
11.21517,87.70446,3.53,0.9794,23.64,54.05,834.36,1681.98,0.0918
25.43363,68.37394,1.68,1.1185,19.18,58.52,938.54,631.28,0.0
14.76865,86.29826,4.87,1.0266,15.98,82.01,851.99,1426.29,0.1291
20.16314,68.36416,5.71,1.1384,26.26,66.6,978.41,277.72,0.2667
10.85621,83.33551,4.83,0.9615,26.71,48.09,827.63,1762.98,0.1361
14.90851,68.12413,8.05,1.0183,20.27,67.89,857.69,1353.9,0.7836
24.12795,87.69754,3.76,1.0178,27.84,62.85,879.34,1213.37,0.0571
22.25529,79.64751,3.31,1.1407,25.44,72.21,977.71,338.83,0.0
24.73034,81.02364,4.29,0.9473,21.5,63.05,801.2,1905.32,0.1048
14.34755,83.19078,6.74,1.1054,29.76,51.15,961.2,495.42,0.4191
23.81089,68.04059,3.6,1.0272,27.47,72.67,886.37,1153.6,0.0417
14.80163,70.25173,3.95,0.9778,19.02,55.8,820.05,1784.15,0.0705
12.54836,71.39046,3.6,1.0434,19.27,72.89,875.86,1224.25,0.0618
21.47865,87.34113,3.7,1.0651,19.32,60.87,894.15,1013.28,0.025
8.96682,73.63111,3.2,1.0646,14.51,68.73,879.07,1258.73,0.0
25.98389,70.31472,8.44,1.008,9.72,71.84,818.45,1809.99,0.9256
16.44294,72.83583,5.62,1.0213,20.69,63.64,861.41,1364.45,0.21
12.31482,86.10194,2.81,1.1411,25.33,51.48,977.68,275.32,0.0063
21.3061,78.7719,0.74,0.997,21.4,69.89,842.98,1460.71,0.0242
10.07544,74.55351,5.42,0.9934,12.67,75.98,815.06,1828.45,0.2122
20.20858,84.38256,3.93,1.0685,25.98,71.73,917.48,848.33,0.0645
11.56863,74.54992,6.75,0.9924,10.88,67.1,809.09,1995.77,0.4377
18.47575,73.67626,6.62,1.1145,36.51,56.38,990.63,250.59,0.3952
24.86978,84.25956,4.3,1.0746,26.0,80.08,922.76,735.97,0.0992
8.69529,78.42248,0.94,1.1397,24.9,70.8,975.12,268.65,0.0
23.20318,69.71181,2.68,1.1043,29.1,70.86,958.11,447.7,0.0331
14.95548,70.65385,2.85,0.9875,22.95,65.97,839.33,1568.78,0.0368
22.61782,73.00315,3.05,1.0996,29.95,68.78,956.72,472.71,0.0004
27.85705,73.31,5.59,1.0104,26.87,69.13,870.16,1242.28,0.2484
25.355,82.27955,4.22,1.0034,14.26,66.6,827.8,1730.85,0.0609
13.03759,83.10903,2.46,1.0525,20.28,70.68,886.5,1093.52,0.0
24.66789,74.23507,3.78,1.0632,24.69,74.25,908.99,935.28,0.1018
21.2295,70.1058,2.05,0.9851,22.51,66.63,836.02,1515.53,0.0165
18.622,76.42815,3.99,1.1237,21.35,71.76,949.91,554.35,0.0987
8.79776,78.14539,4.0,1.1655,24.52,69.56,995.86,150.23,0.055
19.63361,72.83695,3.78,1.0599,13.36,85.07,871.68,1240.55,0.0421
19.06758,72.10366,6.59,0.9923,16.8,58.65,825.91,1749.52,0.4664
16.35238,68.0471,4.22,1.1127,21.95,64.14,942.54,676.09,0.1013
19.93363,80.89702,1.36,1.1522,19.19,59.68,966.86,392.93,0.0
27.217,80.57126,7.79,1.1811,23.5,62.74,1005.76,93.79,0.7428
11.22588,80.00821,6.04,1.1549,29.49,67.28,1003.26,78.63,0.3561
18.68225,74.33663,3.04,1.093,25.55,77.84,937.15,688.98,0.0228
10.58052,73.21109,3.64,1.0782,25.63,67.05,924.7,792.84,0.0
15.62044,74.80564,6.66,0.9559,22.81,64.1,812.07,1899.35,0.4028
18.57541,69.58375,0.5,1.1623,23.3,60.12,989.04,174.58,0.0
21.14642,81.09529,5.06,1.0162,15.87,71.55,843.07,1621.96,0.1513
22.45865,73.48893,3.26,1.1109,26.71,88.16,956.24,438.33,0.0
16.73004,87.44182,4.78,0.9704,20.61,60.9,818.31,1850.28,0.1498
20.50287,83.0045,0.58,0.9421,22.68,51.31,800.0,1979.61,0.0
26.49518,86.41497,3.68,1.1195,24.14,83.13,955.3,473.5,0.0389
14.76837,80.95373,6.89,1.1343,15.03,71.95,938.29,583.56,0.5162
17.234,71.95735,3.45,1.1529,30.67,71.37,1005.45,91.36,0.0
15.51418,73.56991,3.18,1.016,21.67,64.83,859.8,1328.35,0.0
24.67644,78.2721,3.5,1.1413,30.75,53.55,995.6,169.97,0.0697
23.82733,69.41935,6.18,1.1101,28.89,35.89,962.48,411.26,0.3623
20.01091,85.81304,4.05,1.0574,15.04,75.83,874.72,1301.79,0.0568
16.0084,70.13789,9.01,1.1184,26.96,90.28,963.44,447.99,1.1324
27.32882,84.26068,2.61,1.1505,33.16,66.35,1011.57,22.55,0.0165
27.56795,80.76718,1.95,1.1107,17.38,68.6,926.29,776.37,0.0
14.22712,84.40276,5.67,0.9935,14.21,61.33,819.49,1809.36,0.2362
19.56473,87.49195,6.69,0.9927,17.75,83.77,828.96,1644.71,0.4117
22.36164,68.657,6.74,1.0851,22.8,64.56,921.83,789.89,0.4439
21.00572,80.0351,4.15,1.1222,26.47,81.3,965.15,467.35,0.0967
24.40919,86.69553,0.79,1.0805,22.36,66.96,916.55,861.56,0.0235
24.68006,73.70112,1.31,1.0356,23.93,87.73,883.13,1149.26,0.0131
10.3061,81.38978,7.44,0.9921,19.93,37.83,834.63,1601.38,0.5793
22.6016,72.22426,3.52,1.0706,23.03,61.74,910.19,865.91,0.0438
8.11229,83.58044,6.03,1.129,31.91,44.69,988.63,181.72,0.3188
15.99917,83.58247,7.63,1.0079,14.5,98.0,832.27,1730.1,0.6516
22.9957,78.182,7.56,0.9977,18.82,52.62,836.18,1626.52,0.6418
16.64483,84.90179,4.9,1.0979,23.85,73.42,935.97,636.01,0.1336
10.06147,75.76977,3.39,1.0497,21.42,66.87,887.58,1093.86,0.0369
9.43941,77.44072,2.96,1.0115,21.26,70.02,854.86,1438.93,0.0257
20.08823,80.85094,1.92,1.0595,26.07,72.5,910.03,923.92,0.0116
8.9249,75.503,5.5,1.1351,20.42,67.51,956.5,493.21,0.2821
18.11356,71.03034,4.3,1.056,22.72,70.5,896.83,1016.66,0.0476
24.06359,80.14812,2.53,1.1247,28.8,68.25,974.84,298.13,0.0
16.18999,71.90718,3.39,1.0648,27.73,58.83,919.61,830.62,0.0035
19.52194,79.46566,0.96,1.0115,24.5,67.15,864.19,1415.17,0.0
27.41926,71.1698,3.01,1.0264,7.65,84.19,827.34,1754.93,0.0421
26.51775,81.11488,4.32,1.0246,16.64,81.0,852.3,1374.95,0.0573
25.58637,76.49946,4.06,1.1109,23.28,81.37,945.29,639.76,0.0632
23.06225,72.78427,6.14,1.1648,21.89,71.26,986.5,233.19,0.3357
19.36427,77.69479,2.71,1.0206,24.82,73.77,872.95,1244.6,0.0
27.42786,82.48205,2.1,1.0015,20.91,78.15,845.39,1534.04,0.0
24.08328,85.59336,5.64,0.9759,21.53,87.53,825.51,1722.4,0.2612
18.69391,80.71482,5.2,1.0532,31.82,67.89,921.99,891.18,0.1895
10.92321,74.98259,3.44,0.9832,21.33,64.85,831.09,1695.62,0.0036
25.56688,78.36217,4.38,1.1334,25.78,57.71,972.52,364.99,0.1237
10.84583,86.0462,4.29,0.9784,14.61,64.81,808.13,1900.8,0.069
12.74814,81.00036,8.43,1.0734,24.46,84.83,917.03,814.76,0.9058
18.26274,72.57916,3.6,1.1059,27.78,60.58,955.31,515.16,0.0521
16.96222,73.66495,4.56,1.1312,21.38,68.4,956.39,462.81,0.1114
8.60216,73.64139,4.98,1.1069,24.6,75.51,946.09,607.16,0.1622
13.33116,73.51379,5.32,0.9693,21.31,69.32,819.28,1836.17,0.2163
27.22388,79.04409,2.86,1.109,24.34,82.99,946.99,541.51,0.0265
18.76995,68.3946,1.11,1.1479,18.61,75.88,961.4,444.0,0.004
14.06581,74.97889,6.88,0.9583,18.02,65.64,800.96,1993.39,0.4533
18.15225,72.02168,1.78,0.9718,19.77,88.27,817.1,1821.78,0.0026
22.28824,79.67059,2.61,1.0975,26.76,65.24,944.82,540.59,0.0275
17.45081,82.56553,2.36,1.1221,23.76,78.64,956.38,446.93,0.0067
18.40394,76.48,0.79,1.0859,25.85,59.39,932.0,716.68,0.0
27.74292,75.57509,0.69,1.0993,19.75,64.6,924.25,785.48,0.0069
20.06215,70.65154,0.74,1.136,23.08,75.95,965.94,356.84,0.0
18.90323,86.10714,4.45,1.0482,18.53,77.95,877.65,1195.05,0.0759
27.42951,82.01384,7.3,1.0177,15.55,52.93,843.38,1580.36,0.5606
13.25975,70.04439,6.63,1.0195,14.67,93.31,842.27,1536.28,0.4271
14.19246,78.38666,5.74,1.0285,19.26,69.18,863.32,1312.19,0.2408
14.49271,74.01464,11.91,1.0913,29.66,56.36,948.59,541.87,2.5774
27.46129,70.28638,2.59,1.1331,28.77,60.79,982.01,227.13,0.0
10.93861,85.24019,4.55,1.0931,25.27,51.12,936.35,652.93,0.0633
24.11017,68.20461,5.58,1.053,23.76,74.06,897.44,1018.81,0.2365
10.23614,69.33907,1.63,1.0459,13.44,72.5,860.42,1408.09,0.0
24.29015,76.64623,2.53,1.1008,21.02,87.58,929.49,693.71,0.0
17.77516,87.5121,2.41,1.0814,11.53,67.59,883.7,1148.31,0.0
11.45566,85.19513,3.22,1.1168,25.82,82.85,958.46,452.6,0.0243
12.50394,74.9039,3.33,1.0869,20.86,94.82,917.31,839.44,0.0117
23.72338,82.90154,2.99,0.9999,24.11,63.91,853.21,1434.18,0.0087
15.34643,83.85398,3.34,0.9962,17.98,77.81,832.55,1641.33,0.0114
8.2725,85.15296,3.15,0.9984,19.85,84.82,839.73,1605.6,0.0161
11.6574,73.37985,1.88,1.1079,25.02,60.39,948.26,563.46,0.0
19.19573,87.32004,4.63,0.9542,19.84,66.02,802.52,1974.78,0.0869
15.187,80.83955,5.95,1.1616,21.0,57.73,980.79,349.51,0.3273
23.61146,69.87065,5.16,1.1114,27.94,77.81,960.58,462.09,0.163
23.28039,84.44116,8.04,1.1178,29.87,63.04,972.25,320.71,0.7752
14.68494,76.29154,1.98,1.0179,24.28,64.67,869.05,1387.57,0.0
26.93782,68.74981,5.38,0.9545,18.84,86.5,800.0,1965.57,0.2032
18.56531,75.48182,6.69,1.1303,24.14,67.09,964.57,358.17,0.4372
12.79613,68.76864,1.64,1.1748,20.03,65.51,988.68,260.3,0.029
25.71314,76.13979,2.71,1.1442,17.45,66.65,954.43,521.83,0.0028
12.74656,78.64238,1.97,1.1358,24.36,67.8,970.01,345.22,0.0266
25.24744,75.68405,6.47,0.9644,23.0,54.63,819.82,1752.53,0.3948
15.39584,68.37444,2.74,1.0339,26.71,54.3,889.93,1096.91,0.0332
19.00439,75.14325,5.68,1.1046,29.59,50.3,959.95,420.12,0.2051
8.58748,87.50789,4.77,0.9845,16.71,64.89,819.14,1773.99,0.1077
17.31197,82.13945,4.5,1.0947,20.33,78.11,922.24,754.04,0.1046
14.86402,69.8076,2.21,1.0451,11.77,76.91,854.71,1435.71,0.0
21.14191,85.53087,3.66,1.1601,26.34,69.23,997.34,122.94,0.0416
16.007,84.25999,3.13,1.1592,25.18,63.01,992.64,201.47,0.0
22.8416,82.44264,3.65,1.0089,20.95,71.22,851.68,1451.65,0.0218
9.54662,72.44035,5.6,1.1153,28.95,72.57,967.14,373.33,0.2184
10.72794,80.59799,2.96,1.1087,26.19,75.26,952.67,475.75,0.0175
22.63886,74.91584,9.1,0.9849,23.91,69.46,839.85,1497.36,1.1565
22.43595,83.39031,2.56,0.995,19.87,68.11,836.87,1571.06,0.029
13.95474,74.5646,7.7,1.1823,25.39,53.11,1013.21,26.29,0.7186
9.17175,69.66955,4.09,0.9806,22.36,62.69,831.77,1612.77,0.0775
14.4043,74.37819,3.06,1.094,21.9,72.46,926.54,718.12,0.0
21.18747,71.71884,0.55,0.984,22.09,73.66,833.96,1587.91,0.0
26.45196,68.52993,5.37,1.1025,26.1,70.2,947.02,551.85,0.228
26.83871,87.53648,6.42,1.0414,25.28,65.65,892.09,1034.94,0.3527
27.72249,78.02584,2.87,1.0134,15.81,81.44,840.61,1607.27,0.0498
15.07229,79.06764,4.02,0.9888,11.12,61.89,806.87,1976.98,0.0901
22.54935,86.72813,4.44,1.0532,19.72,68.33,885.39,1146.36,0.1061
13.26901,84.03001,9.28,1.0919,27.81,59.49,943.28,537.2,1.2218
14.00089,76.15688,5.77,1.0631,12.94,72.1,873.02,1260.28,0.2854
12.33162,86.39618,6.04,1.1139,29.63,74.49,968.15,394.93,0.3056
14.90295,80.15485,5.65,1.0457,25.97,52.32,897.84,1011.49,0.2234
19.59817,77.34371,3.44,1.0648,27.01,64.46,917.43,903.84,0.0
10.48139,77.1107,8.5,1.1682,27.97,36.89,1009.8,29.01,1.0064
18.71149,79.56665,4.89,1.0007,26.07,75.9,859.49,1411.58,0.1497
18.74875,69.13915,3.95,1.1521,27.86,73.61,995.51,155.23,0.0753
16.85725,72.84531,2.76,0.9968,11.81,68.93,815.33,1905.6,0.0191
25.49371,71.89489,7.35,1.1764,22.9,71.24,999.71,112.3,0.6111
9.9899,82.89404,3.24,1.0116,24.63,57.4,864.71,1305.49,0.0
24.80188,69.26904,3.09,0.979,23.62,68.62,834.01,1666.61,0.0
19.21346,73.58137,4.28,1.0596,23.01,60.81,900.79,986.57,0.0675
25.82023,69.99375,2.07,1.1399,19.29,60.07,956.87,465.99,0.0482
27.47776,79.56697,6.91,0.9901,14.9,78.24,818.7,1879.45,0.4952
19.70708,79.00343,2.5,1.1415,23.48,67.52,971.95,325.34,0.0291
10.26337,70.43787,4.25,0.9736,21.95,76.61,824.75,1733.81,0.0478
10.08299,68.51152,1.43,0.9819,20.13,72.9,826.61,1654.22,0.0
27.32905,82.99632,3.92,1.1003,23.78,57.62,937.83,660.45,0.1002
25.24514,76.10883,10.17,0.9815,17.06,56.47,817.64,1819.77,1.6487
17.92834,85.62658,3.25,1.0413,12.97,71.99,855.24,1436.23,0.0404
10.14158,73.29362,3.52,1.0503,22.89,80.92,892.54,1049.09,0.0
19.52103,80.40456,3.51,1.1836,22.73,64.3,1005.25,107.36,0.0516
14.07264,84.75359,2.2,1.1423,19.1,57.42,958.32,490.7,0.0
17.52403,78.52967,2.69,0.9809,12.72,64.86,804.87,1976.28,0.0
26.60129,68.81333,1.36,1.0386,22.1,65.34,880.24,1187.1,0.0
19.71427,78.50559,5.58,1.0798,21.9,75.57,914.48,820.01,0.2629
23.9449,70.84713,7.28,1.1184,14.13,80.31,922.22,873.83,0.56
16.15842,75.66173,4.04,1.1252,20.65,71.44,948.92,551.59,0.0984
8.10146,74.61058,4.09,1.0485,21.31,60.49,886.23,1069.53,0.0214
26.97861,76.2288,4.69,1.007,28.52,55.59,872.02,1211.78,0.1057
21.18254,74.30606,3.28,1.168,20.8,67.33,985.54,233.38,0.013
23.67512,77.35238,4.38,0.9991,13.09,62.85,820.9,1776.28,0.1118
20.79991,68.49572,7.83,1.1398,23.32,46.01,970.05,367.05,0.742
20.01975,79.18718,5.57,1.0919,27.6,77.31,942.67,659.84,0.23
10.6429,80.47977,2.33,1.0269,12.02,69.57,840.62,1576.96,0.0
18.56471,82.83453,3.11,0.987,13.52,67.85,812.15,1843.07,0.0301
12.86553,86.18674,4.02,1.0219,20.5,58.93,861.34,1371.79,0.015
20.31369,73.16263,2.15,1.0559,26.78,81.31,909.07,896.47,0.0
18.64567,72.66577,4.24,1.1125,21.76,68.56,941.75,576.53,0.1081
14.14274,72.20697,4.22,1.0338,20.51,53.71,871.47,1226.86,0.0097
22.55252,83.38187,3.45,0.9688,20.39,64.57,816.33,1802.84,0.0278
14.52944,68.71814,6.48,1.0794,22.6,73.16,916.33,802.48,0.4138
20.71195,85.13368,2.56,1.0344,21.8,74.97,875.82,1218.14,0.0005
27.20293,72.22916,4.21,1.0321,22.57,87.74,876.12,1217.87,0.0489
24.26504,85.87099,5.66,1.1237,23.7,77.55,957.55,480.67,0.2128
21.57095,83.26008,2.89,1.0544,25.67,61.37,904.48,953.98,0.0199
9.52022,84.22466,4.68,1.013,17.92,54.91,846.35,1492.44,0.1141
13.5837,78.728,3.72,1.0748,17.75,81.25,897.48,1014.03,0.0247
17.2374,86.59824,3.44,0.9844,17.75,60.7,822.02,1721.87,0.0143
27.44614,69.23179,5.75,1.0266,19.34,65.81,861.95,1410.0,0.2715
15.91101,81.35028,5.19,1.0654,22.7,60.57,904.8,966.88,0.1872
15.91357,85.88681,2.39,0.9491,21.97,71.9,804.04,1993.77,0.013
10.41206,68.61897,4.92,1.0185,18.24,59.23,851.91,1515.74,0.1586
19.23322,83.65822,4.87,1.0823,24.68,76.52,925.3,748.8,0.1447
14.82242,82.26693,1.11,0.9812,14.92,62.25,811.4,1846.76,0.033
12.25391,87.36774,4.27,1.0342,14.55,86.12,854.12,1466.77,0.0427
16.61534,75.43132,4.02,0.9559,21.51,63.93,808.48,1893.6,0.0824
27.71372,69.31127,5.98,1.0279,25.34,65.11,880.74,1234.95,0.2949
20.8982,82.63268,5.83,1.0221,19.17,55.72,857.6,1437.96,0.2681
11.55026,81.87622,6.44,1.0329,18.67,61.08,865.21,1362.04,0.395
13.19942,80.02963,1.09,0.9686,17.79,71.28,808.94,1880.58,0.0322
11.89135,76.5889,4.82,1.0657,24.37,75.17,910.18,864.34,0.1667
17.55255,73.79005,4.44,1.0228,10.85,72.49,833.84,1700.82,0.0952
26.19164,77.9924,3.67,1.1071,18.19,60.45,925.84,810.27,0.0098
8.30206,87.0141,1.28,0.9918,22.63,62.6,842.08,1604.54,0.0
21.7202,85.68464,1.34,1.0864,26.7,71.77,935.05,658.25,0.0
24.65103,78.75637,7.43,1.0316,19.21,55.81,865.76,1376.34,0.5876
27.96217,73.00254,2.9,1.0844,23.01,80.75,921.85,825.28,0.0
27.73724,85.98541,4.34,1.0188,23.12,74.84,866.47,1333.76,0.0852
23.04329,75.09716,6.78,1.1392,22.15,63.83,965.65,401.9,0.4166
14.61769,75.02771,4.98,1.0312,21.25,82.72,871.46,1293.92,0.1458
19.91267,78.5619,2.47,1.045,14.46,71.2,862.73,1393.65,0.0186
9.41269,83.62207,6.42,1.0792,31.58,52.7,943.97,583.02,0.3442
9.20757,73.04367,9.3,1.1448,31.97,67.01,1002.67,76.07,1.2402
20.27634,70.65021,1.21,1.0347,16.36,93.68,859.86,1413.73,0.0071
9.31321,84.0496,1.04,0.9765,14.31,80.29,805.8,1938.86,0.0151
24.53017,86.02071,6.55,0.9687,25.22,66.13,829.61,1716.37,0.3569
11.35726,71.59258,5.15,1.1082,25.39,71.33,949.7,543.27,0.1724
15.51,73.11096,6.74,1.1376,26.59,89.42,978.85,305.65,0.4287
9.35633,70.10847,4.08,1.0001,25.23,71.82,856.61,1394.44,0.1101
27.10554,78.13787,5.96,1.1058,28.24,63.33,956.63,546.45,0.2663
16.33861,83.68065,2.16,1.0487,29.07,68.93,909.73,971.72,0.0
13.91012,71.0644,2.86,1.0474,19.51,66.66,879.93,1135.54,0.0324
13.83573,68.76245,4.05,1.0976,22.12,77.98,930.26,711.61,0.0496
12.80848,78.70422,3.42,0.9773,15.18,65.46,808.87,1866.16,0.0462
18.66393,68.97453,6.35,1.1406,29.63,60.58,991.29,158.1,0.3518
11.28985,68.34657,3.55,1.0136,19.83,77.17,852.41,1372.04,0.0
23.00581,81.87966,6.87,1.1197,28.71,52.57,970.18,364.94,0.4954
14.29982,75.46371,5.24,1.1236,27.0,76.11,968.08,363.88,0.2259
17.05979,86.9646,3.36,1.0761,19.91,65.34,905.28,972.65,0.0126
9.90722,76.23266,2.28,0.9596,21.62,66.72,811.95,1841.24,0.0
8.88612,81.28867,6.25,1.0062,23.05,71.41,855.49,1489.39,0.3417
27.10401,76.50309,3.89,1.001,11.43,75.55,817.73,1778.41,0.0364
12.63816,71.77153,4.0,0.9835,11.79,70.22,804.41,1964.13,0.0556
15.67007,77.4259,3.18,1.0847,19.97,61.73,912.63,907.08,0.0
21.87621,85.64057,2.36,0.9787,17.96,80.4,817.83,1805.17,0.0
9.61777,68.667,6.87,1.0932,25.8,73.64,938.13,663.32,0.439
24.92953,74.70179,3.22,1.1232,24.01,75.7,958.12,515.0,0.0333
19.65489,78.59907,1.29,1.0049,13.69,52.49,827.43,1672.15,0.0
21.35086,75.8103,4.13,1.0647,18.44,75.61,891.18,1087.67,0.0867
12.34824,73.123,2.08,1.0288,20.82,61.6,868.11,1261.31,0.0
23.93269,86.22944,3.04,1.1282,31.33,59.46,986.08,222.35,0.0303
19.99672,72.59002,3.76,1.1138,23.36,71.57,948.02,503.38,0.0309
16.5094,72.09012,3.04,1.0217,13.22,78.7,839.9,1642.96,0.0105
19.67148,77.14945,1.4,0.9959,19.94,72.97,837.86,1612.79,0.0579
26.92832,74.62679,3.47,1.0292,16.41,65.36,855.46,1419.49,0.0125
8.79116,73.33118,5.9,1.1254,21.44,58.63,951.69,522.52,0.3434
14.77932,81.17938,3.61,1.1339,26.66,52.84,975.89,324.62,0.0789
18.64995,78.51465,8.63,1.1276,28.33,70.41,975.84,241.94,0.9946
26.9109,68.19366,1.08,1.0577,28.76,65.78,916.63,912.44,0.0066
14.0606,83.39852,2.03,1.1597,22.72,61.43,984.95,236.54,0.0017
16.45575,85.69471,6.66,1.1053,21.75,77.14,935.62,714.17,0.47
15.64673,73.94398,4.74,1.0877,12.94,90.62,893.19,1107.4,0.135
14.93529,81.73105,7.36,1.0204,25.27,71.18,874.14,1193.8,0.6018
10.44058,78.62961,4.44,0.9829,17.46,65.12,819.97,1798.17,0.0913
9.2786,75.42677,0.87,1.008,16.34,64.5,837.58,1570.6,0.0
24.95136,75.25649,7.04,1.0666,13.86,86.89,878.71,1205.39,0.5031
16.45559,80.05687,4.28,1.1516,30.97,55.91,1005.3,51.27,0.0829
24.92171,70.36674,2.41,1.0921,25.94,74.68,937.59,694.43,0.0
27.70108,74.38457,5.63,0.9847,20.96,72.56,831.35,1651.43,0.2929
10.57814,69.99205,3.87,1.0473,19.77,71.9,880.63,1178.06,0.0292
25.97117,68.09397,4.16,1.0022,18.28,79.78,838.4,1633.46,0.0869
13.85388,76.56728,5.66,0.989,15.52,72.16,819.52,1735.43,0.3107
15.26939,75.51665,7.83,0.9896,17.39,67.06,825.34,1811.86,0.7164
25.80454,73.98262,3.59,1.1191,35.31,59.6,990.89,178.35,0.0327
14.92395,71.89918,3.59,1.1102,29.28,68.34,963.78,390.36,0.0505
27.98033,72.90844,2.88,1.1488,25.84,65.18,985.94,259.94,0.0
18.30762,77.69551,5.31,0.9841,19.37,53.21,826.28,1722.24,0.1535
24.99693,87.67203,2.75,1.0419,13.97,71.4,858.71,1454.59,0.0
17.57923,72.72114,3.87,1.1318,20.86,88.64,955.21,519.27,0.0904
27.97703,78.25377,3.78,1.0778,25.57,65.06,924.16,827.34,0.0
26.36372,79.7624,2.53,1.0119,14.99,89.2,836.92,1684.45,0.0
15.47165,69.48098,6.49,1.0695,15.49,62.12,886.15,1060.37,0.4102
16.97213,82.39839,7.16,1.0375,16.64,66.98,863.0,1426.8,0.5319
21.10448,73.9034,4.76,1.1162,23.61,70.55,950.83,561.81,0.132
27.32633,84.07341,3.92,1.1214,21.63,83.62,948.86,528.08,0.0254
13.88538,86.44255,5.83,0.9981,20.87,58.48,842.37,1551.28,0.2957
21.91201,81.15917,4.66,0.9839,24.92,78.16,841.84,1551.59,0.14
18.83128,82.67717,6.1,1.1869,21.59,85.99,1004.17,72.72,0.3429
17.90554,78.96785,4.13,0.9982,21.54,70.08,844.38,1567.71,0.0897
10.79692,80.88389,6.2,1.1414,24.4,56.53,974.91,384.28,0.3467
26.96078,76.6201,2.48,0.9912,13.6,83.4,815.88,1845.33,0.0
16.98724,83.34614,5.04,1.1112,19.29,48.67,932.83,646.45,0.1912
9.81963,73.86497,8.45,0.9555,21.71,55.68,808.72,1955.85,0.8897
26.37222,74.06849,4.15,1.0261,27.12,71.85,884.41,1155.12,0.0395
16.03768,69.58134,6.55,0.988,18.65,64.05,827.59,1724.68,0.3537
19.62616,84.31413,4.55,0.9828,13.62,62.77,809.0,1858.74,0.0718
12.08627,74.37864,1.8,1.0734,20.65,66.08,905.21,1024.24,0.0234
19.67806,81.23887,4.38,1.1004,23.38,68.74,936.67,699.97,0.0948
27.25169,77.0243,7.5,1.0695,18.26,65.98,894.61,1084.99,0.6441
24.05349,68.97837,1.35,1.1137,24.16,66.52,950.42,601.7,0.0
9.73386,73.71469,3.63,1.081,20.85,79.58,912.31,943.63,0.0099
14.69089,71.21836,3.18,1.099,25.21,66.01,941.26,651.61,0.0
23.55456,74.99714,8.78,1.0263,21.96,64.68,869.4,1299.09,1.0319
15.66066,86.7583,3.85,1.0712,20.72,66.8,903.64,914.21,0.0349
22.14771,68.47228,2.77,0.9714,16.13,60.74,806.63,1862.46,0.0331
14.61073,80.864,2.85,0.9648,15.73,75.19,800.0,1999.69,0.0015
22.60117,84.98976,9.39,1.1306,22.83,84.69,960.55,482.57,1.3392
23.91541,77.29592,5.78,0.9596,21.06,75.08,810.44,1863.93,0.2779
15.16169,69.93776,7.89,1.1405,24.99,61.98,976.1,373.11,0.7602
8.42195,72.46461,4.52,1.0043,22.89,64.6,853.45,1505.4,0.1129
16.47284,76.06012,5.04,1.1202,23.54,77.9,954.05,512.97,0.1598
22.88405,76.52655,1.34,1.114,24.07,72.47,950.44,473.46,0.0
13.67584,82.22779,2.08,1.0246,15.39,74.76,848.63,1524.83,0.0641
8.67566,84.8218,3.48,1.0846,25.32,84.38,929.22,663.38,0.0878
10.48676,84.4401,1.98,1.0861,17.58,73.53,906.39,900.35,0.0
22.78586,72.53909,2.22,1.1023,27.06,67.21,949.86,485.48,0.0
27.65373,76.69647,2.99,1.0174,15.02,73.63,841.56,1526.86,0.0238
17.75943,73.44883,7.07,1.0829,23.14,85.23,921.02,877.64,0.491
8.7899,74.34002,4.01,1.0281,28.94,76.2,891.52,1031.87,0.0045
22.8385,72.25398,5.05,0.9779,14.51,89.88,807.51,1855.86,0.1323
9.38706,82.00643,8.04,0.9984,20.93,67.38,842.82,1454.96,0.7927
9.34339,73.89177,2.01,1.0884,20.78,71.69,918.29,815.93,0.0
20.096,84.2298,3.56,0.9663,19.25,76.6,811.06,1930.7,0.0
10.65407,87.67452,4.45,0.9713,24.28,73.62,829.3,1678.91,0.0707
14.69635,69.69547,4.24,1.006,18.84,67.51,843.18,1501.97,0.0578
15.04291,82.49862,5.66,1.0516,19.73,60.14,884.09,1124.14,0.2931
22.28499,84.70482,4.57,1.1302,22.6,50.5,959.46,460.61,0.1105
26.69163,76.52898,2.5,1.1477,25.15,65.43,982.72,233.69,0.0
23.95947,73.41478,3.97,1.1315,32.5,58.16,992.71,72.51,0.0914
27.91212,82.25008,4.37,1.0568,19.91,79.33,888.98,1153.08,0.0484
9.80924,74.74767,2.81,1.0053,9.23,65.63,814.89,1796.07,0.0054
9.68623,78.78669,6.4,0.9992,23.4,69.33,850.53,1462.09,0.3774
9.10696,74.17227,1.84,1.1087,30.02,65.26,964.84,396.06,0.0078
13.12417,85.1073,3.44,1.0812,23.96,75.79,922.07,794.54,0.0
19.77461,75.87246,2.13,1.0505,21.18,78.54,887.54,1068.18,0.0006
9.37646,82.37949,1.86,1.1046,21.59,68.04,934.5,661.72,0.0312
11.69644,86.41354,5.93,1.0596,12.07,64.37,867.56,1263.32,0.3436
26.29673,84.65691,2.86,1.1496,17.62,84.87,959.48,492.75,0.0074
16.27188,78.65022,5.97,1.0476,23.93,77.24,893.35,1106.27,0.257
22.17048,80.53765,2.73,1.0328,24.81,83.63,883.34,1163.97,0.0122
11.98705,75.03441,2.08,1.0528,29.5,45.67,914.58,881.7,0.0
16.84553,73.45124,3.07,0.9933,19.14,70.64,833.42,1654.1,0.0
16.81633,79.07262,6.96,1.008,20.09,64.53,848.45,1534.22,0.4834
17.29701,69.87435,2.37,1.0598,23.49,67.51,902.43,1047.68,0.0
24.21234,71.1008,1.81,1.1194,24.36,74.13,955.93,475.22,0.0
17.23869,73.79712,4.66,1.0986,23.26,72.29,934.75,664.0,0.1423
13.01734,85.69334,0.5,0.9962,15.5,74.46,825.47,1760.53,0.0293
16.12027,75.53251,2.6,0.9743,15.13,74.5,806.21,1952.07,0.0
19.565,81.99078,2.52,1.0879,23.74,60.53,927.12,766.93,0.0279
24.14725,68.04136,4.7,0.9619,17.97,68.69,803.8,1981.06,0.0875
9.01143,74.51742,3.55,0.9682,16.8,70.75,805.87,1933.07,0.0
16.79053,81.09831,6.8,1.19,17.41,82.47,992.51,124.54,0.5081
15.95075,68.828,0.89,1.0724,21.76,64.33,907.86,927.8,0.0
16.09891,74.56529,5.89,0.9937,14.88,76.11,821.6,1747.29,0.2591
9.17625,74.74583,6.94,1.1158,24.68,82.54,953.97,546.33,0.4861
26.36656,69.51124,7.06,1.0349,21.07,63.74,874.06,1241.72,0.4506
11.78961,76.648,4.37,1.0913,28.44,77.48,944.74,587.54,0.0918
9.48267,78.01185,5.49,1.0088,20.82,90.33,851.23,1406.54,0.2154
20.76341,87.7558,3.52,0.9612,18.13,82.23,803.63,1927.94,0.0279
25.50335,83.79652,4.58,1.0555,18.93,83.41,884.92,1191.63,0.1742
26.57066,69.85822,5.55,0.9958,13.61,49.98,819.7,1745.76,0.2394
14.39972,75.68468,8.62,0.9807,15.55,64.44,812.75,1827.46,0.9773
13.37029,77.07077,3.54,1.1252,29.74,77.25,978.34,347.8,0.0197
18.75665,72.83781,1.5,1.0976,14.26,75.05,905.54,1043.44,0.0
25.72675,75.82453,2.03,1.0654,19.05,80.9,893.58,1070.12,0.0292
19.91935,80.15728,4.27,1.137,28.8,68.18,985.49,203.52,0.04
27.95574,68.53175,3.98,1.1683,18.65,60.33,978.62,239.53,0.1013
19.8646,76.96088,2.47,1.0746,29.6,60.1,933.88,692.54,0.0246
15.11698,87.53146,0.86,1.0675,20.41,64.5,899.59,989.89,0.0432
13.37822,87.65598,4.04,1.1253,28.77,62.29,975.25,312.99,0.0376
17.75824,74.05286,6.14,0.9864,16.94,71.84,821.4,1746.07,0.3103
23.98394,83.98853,3.57,1.0694,28.88,63.06,927.14,748.06,0.0446
24.73734,71.82607,3.44,1.0102,22.99,72.93,858.73,1412.78,0.0229
10.07529,77.4291,6.0,0.963,19.53,70.75,809.03,1927.47,0.3034
14.37066,76.99591,1.64,1.0028,18.61,79.22,839.86,1540.23,0.0
22.49805,73.65445,1.07,1.0793,20.61,77.2,910.1,870.0,0.0
8.51203,68.5829,6.74,1.0792,21.19,83.16,911.85,889.31,0.4379
10.96567,70.34308,2.98,1.1381,22.62,78.75,966.28,426.64,0.0064
27.03097,80.15431,7.24,1.0854,16.49,73.7,902.4,1022.16,0.5744
27.11929,80.19108,3.96,1.0445,14.82,66.93,863.37,1392.28,0.0519
20.84827,82.45491,6.81,1.0994,25.77,56.57,943.3,573.36,0.4366
23.95381,68.90917,4.33,1.0283,23.01,57.15,874.15,1141.37,0.0561
9.87761,80.67938,5.34,1.1555,28.67,63.0,1001.09,92.33,0.2152
12.73126,79.22103,6.02,0.9871,18.89,81.1,827.49,1736.21,0.3185
27.65497,84.05097,7.65,1.1379,21.24,54.18,961.57,432.61,0.6977
16.90411,76.8928,9.81,1.0118,7.81,73.21,816.01,1842.01,1.4447
14.90417,68.52767,3.35,1.0559,25.57,56.84,905.44,971.22,0.0
27.40554,85.58656,4.78,1.1544,28.0,64.59,997.92,150.05,0.1688
15.85126,81.459,4.55,1.1118,27.3,69.08,958.87,437.07,0.1271
27.97176,81.21122,1.46,1.1641,23.54,68.27,991.41,172.64,0.0
21.27969,79.42791,3.56,1.0883,21.74,88.42,921.26,788.54,0.0292
15.03443,82.3136,3.65,1.0851,17.92,68.41,906.6,992.85,0.0239
14.66099,71.73084,1.73,0.9486,23.73,70.7,808.38,1870.23,0.007
23.50475,85.57384,7.16,1.0993,23.89,74.32,937.32,639.11,0.5173
19.48182,70.20334,1.4,1.1425,28.61,68.59,989.59,151.13,0.0088
18.67663,83.60904,2.26,1.0017,19.31,77.84,840.94,1663.63,0.0246
25.49637,86.9674,7.91,1.0806,28.44,74.01,935.48,643.1,0.7306
11.302,86.93199,3.02,0.9952,15.02,90.84,823.26,1677.75,0.0
15.3293,84.37506,4.47,1.0954,24.83,59.8,936.93,737.83,0.099
8.71979,80.22823,1.2,1.0937,27.97,55.97,945.35,580.58,0.0019
20.37937,75.31345,2.71,1.068,26.14,67.95,917.55,895.86,0.0
21.28379,69.35952,6.34,1.0135,21.87,82.35,858.25,1384.22,0.3706
26.01841,79.95207,1.8,1.1357,28.43,70.15,983.15,246.44,0.0
9.74128,69.93584,5.54,1.0188,26.4,62.67,876.01,1229.98,0.2344
9.46562,68.58633,3.44,1.149,28.25,86.34,994.1,168.71,0.0058
10.16034,76.01989,6.52,1.0719,22.4,69.35,909.4,994.37,0.4103
12.10456,75.84838,4.56,1.1524,32.06,66.63,1009.66,40.8,0.1458
13.10473,82.13814,1.59,0.9536,20.58,72.52,804.04,1930.2,0.0
22.45441,76.18704,4.05,1.0747,21.05,83.79,907.6,882.0,0.0535
20.53884,80.09606,10.26,1.0118,19.7,70.79,850.55,1430.42,1.6804
12.40297,86.54613,0.71,1.188,20.66,90.7,1001.93,143.69,0.0
22.6679,84.04834,4.7,1.1551,26.1,63.96,992.18,142.81,0.1214
14.80809,86.05936,2.86,0.9849,14.38,65.34,812.93,1894.56,0.0017
22.14354,78.52848,4.77,1.1216,27.9,68.59,969.29,395.97,0.1168
23.67337,85.36712,4.91,1.125,26.8,81.8,968.64,362.37,0.1545
16.75667,81.7058,2.84,1.0189,16.42,84.19,846.91,1555.54,0.0308
13.17576,84.50517,2.69,1.0841,23.64,49.91,923.6,751.84,0.0227
15.24537,74.30121,1.35,1.0031,9.93,59.36,815.08,1870.04,0.0066
9.38044,70.98464,6.23,0.959,17.46,80.77,800.0,1978.16,0.3552
15.022,86.28983,4.79,1.085,28.86,56.87,940.6,673.62,0.1483
26.51946,80.54508,4.78,1.1184,28.37,65.41,968.02,388.91,0.1259
18.88629,77.76675,3.0,1.1601,28.44,46.6,1004.32,60.71,0.0073
26.87538,87.30919,5.52,1.1641,26.22,49.93,1000.34,95.43,0.2164
10.5052,69.41641,5.54,1.0133,18.11,58.36,847.17,1535.68,0.2273
17.24508,74.0651,1.28,1.047,24.33,65.9,894.04,1009.37,0.0
16.27618,80.76871,5.45,1.0388,25.43,80.15,890.28,1073.18,0.2096
21.14325,68.73237,0.88,1.1044,21.95,67.99,935.51,645.29,0.0103
23.01922,81.68971,4.44,0.9857,26.01,62.97,846.45,1467.79,0.0912
9.95535,68.54472,3.26,1.1709,25.98,56.0,1005.41,27.24,0.0319
11.46048,77.5079,2.57,1.0975,28.19,78.56,949.33,603.12,0.0
22.43823,86.24501,2.61,0.9917,11.83,63.95,811.21,1893.69,0.0151
24.61769,71.39635,4.37,1.1037,23.15,72.88,938.75,712.09,0.0709
8.44896,87.98877,6.52,1.1747,26.6,64.13,1010.78,56.56,0.3843
14.04343,86.99734,8.92,1.1592,21.11,55.14,979.11,274.65,1.1392
9.54831,71.87217,5.39,1.1036,20.3,47.06,929.6,714.68,0.1978
16.52416,71.76881,5.48,1.1467,24.65,75.33,980.26,329.01,0.2117
27.11404,77.77005,5.93,1.0117,19.99,75.39,851.27,1438.58,0.3033
15.22533,78.46423,5.84,1.0231,16.77,63.51,851.48,1376.53,0.2766
12.33118,87.95227,4.63,1.0559,24.39,68.2,901.88,998.46,0.083
17.32902,81.22255,2.05,0.9986,21.35,79.66,844.16,1568.18,0.0
18.6579,73.33687,2.36,1.0118,24.83,43.82,865.42,1375.64,0.0
19.7835,87.21581,2.63,1.023,14.41,85.89,844.45,1470.77,0.0
25.43342,87.59814,4.97,0.9676,18.39,66.64,809.76,1894.96,0.1565
13.80211,87.69916,8.24,1.1522,31.54,92.78,1007.76,89.16,0.8863
27.89678,77.05719,6.06,1.065,20.59,65.4,897.99,981.69,0.3404
25.30293,78.77229,3.51,0.9918,20.55,62.09,836.13,1613.78,0.0
14.03076,79.88417,4.44,0.9912,22.77,88.73,841.93,1575.28,0.0764
22.87155,78.43507,5.52,1.1719,23.18,74.73,996.79,138.42,0.2396
18.12366,70.9414,7.05,1.0418,33.4,50.84,916.76,850.96,0.5405
19.29969,78.61616,4.67,1.0294,16.2,72.91,855.01,1514.99,0.1016
18.61067,83.50691,5.57,1.0577,20.13,62.96,890.45,1031.93,0.2229
22.30471,86.0436,2.74,1.0468,26.12,73.66,899.23,950.99,0.0
22.43963,86.94967,6.55,0.9741,13.8,68.51,802.38,1996.74,0.4051
24.07978,84.53496,1.5,1.0503,22.25,80.83,890.59,1165.54,0.0
21.36035,70.64012,3.46,1.0665,18.37,71.87,892.46,1145.5,0.012
26.35799,82.17939,4.86,1.0282,18.01,73.11,859.37,1381.51,0.1182
27.58055,86.78053,6.05,1.1157,22.14,64.96,945.75,569.26,0.2938
27.7786,78.17429,2.34,0.9887,13.45,69.24,813.36,1854.48,0.0
20.84983,81.73676,4.66,1.0099,20.4,83.18,850.93,1473.7,0.14
17.85736,84.53068,6.68,1.0787,24.65,50.26,922.09,798.78,0.4664
21.09951,83.73022,0.75,1.0008,14.79,78.86,827.22,1730.32,0.0294
13.66865,83.63417,2.09,0.9844,14.84,78.02,813.82,1819.34,0.018
26.30905,87.29197,2.65,1.0549,17.52,65.6,880.18,1156.74,0.0041
25.44297,75.33452,3.34,0.9828,26.16,71.11,844.41,1551.96,0.0235
26.88327,84.47807,0.8,1.0937,21.19,76.14,924.05,831.43,0.0
15.84903,75.18753,5.08,1.0469,28.29,68.89,905.86,868.81,0.2199
10.7708,73.55649,3.71,1.1202,27.23,54.03,965.89,418.13,0.0277
17.0504,86.11691,5.62,1.0975,22.84,54.31,932.5,661.7,0.2009
12.46796,70.83488,3.47,1.0963,23.28,75.35,932.8,668.73,0.0407
13.18115,68.16681,6.28,1.1442,23.32,77.45,973.77,330.34,0.3742
15.51068,68.61684,4.58,1.0253,23.5,66.51,873.12,1329.38,0.0842
22.57872,75.27797,2.96,1.0136,26.5,74.89,871.85,1267.75,0.0263
22.29225,83.45511,3.0,0.9901,21.61,85.85,837.72,1593.06,0.0158
11.43353,73.76618,2.44,1.0429,17.19,70.66,869.17,1285.69,0.0
18.3968,68.25586,4.1,1.1456,20.71,70.4,966.38,416.22,0.0489
15.94311,75.15291,5.13,1.1423,27.97,70.34,987.33,196.53,0.1658
16.34137,83.68629,2.98,1.0137,16.29,75.6,842.22,1585.35,0.0
20.31794,72.90492,4.01,1.0925,24.86,63.12,934.58,666.2,0.0642
22.21972,69.82122,5.06,1.1243,26.57,68.09,967.29,359.42,0.1705
12.70451,72.96975,3.9,0.9664,20.29,81.48,814.0,1941.06,0.0886
20.1712,71.15478,6.29,0.9589,20.47,68.95,808.24,1968.47,0.3678
18.33351,85.55183,4.8,0.9874,27.03,75.0,850.79,1458.59,0.1396
16.76702,85.79635,4.43,1.1357,27.64,62.54,980.6,262.65,0.1021
25.36093,84.03195,4.12,1.167,23.53,67.26,993.86,151.1,0.0755
11.92779,76.10594,4.41,1.0811,26.39,70.33,929.58,748.38,0.1029
22.31496,72.1525,5.0,1.1371,31.55,48.32,994.58,215.56,0.1439
13.32718,74.41585,7.84,1.1412,25.76,50.2,979.18,258.49,0.7909
18.48301,79.53728,6.96,1.011,22.14,71.0,856.97,1396.95,0.5173
25.32523,79.44781,2.15,1.0439,23.58,80.74,889.18,1069.54,0.0
23.79288,68.62138,2.26,1.0342,19.11,70.54,867.6,1307.48,0.0235
23.28356,69.31366,4.51,0.9583,25.52,68.97,821.59,1749.2,0.0766
11.35992,87.95141,2.51,1.1282,22.2,73.85,956.53,454.53,0.0
16.79312,68.87587,3.05,1.1599,21.89,65.96,982.29,248.91,0.0
18.5947,68.01345,3.23,1.0986,27.42,61.53,947.83,604.39,0.0161
11.66057,71.4717,6.55,1.0038,14.96,90.75,830.17,1691.65,0.4063
19.46286,72.156,5.28,1.0101,21.59,60.01,854.57,1488.44,0.2075
19.14957,74.42438,1.55,1.1644,25.4,60.29,997.83,131.48,0.0
12.14295,73.19555,8.53,1.0926,24.89,77.11,934.77,645.46,0.9723
18.02105,83.28633,10.53,0.9817,21.67,81.09,830.81,1649.01,1.8308
19.22595,87.46381,7.95,1.1132,26.3,77.47,956.9,429.3,0.8072
10.79788,69.99982,6.8,1.1608,26.86,59.83,999.66,118.88,0.4605
10.55379,84.92429,3.28,1.0714,14.5,79.98,884.66,1139.95,0.0512
8.03358,76.36041,6.75,1.0619,21.58,50.83,898.38,983.86,0.4246
11.8844,82.21287,2.27,0.9935,15.38,54.1,822.83,1754.05,0.0255
10.4322,83.08867,4.8,1.085,30.17,52.87,944.71,570.61,0.1432
12.48027,68.93543,3.27,1.1382,28.07,61.15,984.16,302.75,0.0294
9.9394,85.38012,2.15,1.147,32.68,85.89,1006.9,77.11,0.0
8.6115,83.00571,7.64,1.0155,19.35,67.25,852.65,1501.46,0.6493
20.89097,75.85524,4.97,1.0246,14.26,75.57,845.35,1532.06,0.1396
15.83279,70.55728,1.33,1.0838,25.98,49.58,930.63,655.85,0.0
22.36269,79.01332,0.97,0.9729,21.18,74.38,821.95,1824.99,0.0
8.73064,73.66942,3.05,1.1134,23.03,61.14,946.6,624.76,0.0
27.06427,80.44333,2.88,1.1133,32.04,74.11,975.29,285.75,0.0152
24.72139,80.2637,3.57,1.0821,19.31,59.23,908.43,910.13,0.0063
27.12244,77.00355,6.47,1.0805,18.61,60.48,904.97,990.37,0.4225
20.65456,87.19913,2.95,1.0237,25.89,62.54,878.72,1154.02,0.0
27.92126,80.99898,0.99,1.1637,27.83,55.07,1005.41,63.62,0.022
14.24585,80.58314,3.38,1.0981,23.11,75.53,933.85,730.03,0.0213
22.30025,78.76911,4.8,1.0222,19.65,64.21,859.13,1376.69,0.1328
18.24279,87.16499,6.41,0.9693,19.96,65.2,815.51,1844.55,0.3678
22.62351,74.24628,6.54,0.9859,23.6,67.07,839.8,1572.11,0.4105
18.73713,72.2981,3.28,1.017,16.62,80.26,845.93,1573.03,0.0066
9.82744,82.73257,6.57,0.9953,18.68,69.77,833.78,1654.05,0.4153
26.03732,87.42142,5.67,1.0211,32.33,61.11,895.4,1012.3,0.2213
25.62506,81.69289,6.21,0.9677,22.44,54.42,821.14,1728.6,0.3439
25.84286,71.59843,4.13,1.0572,28.24,49.19,914.61,931.96,0.0567
20.25712,83.29738,1.33,1.1296,29.06,82.13,979.95,282.53,0.0
15.05352,70.98441,3.31,1.0654,20.0,65.54,896.49,1060.4,0.0303
23.04197,79.60788,5.99,1.1625,24.87,71.5,994.51,210.16,0.3055
18.55284,70.60792,7.83,1.0116,7.92,65.46,816.15,1900.67,0.7671
22.08758,86.9333,6.66,0.9655,20.43,79.89,813.65,1835.47,0.3807
11.86747,85.52113,3.47,1.0688,23.76,81.65,910.96,924.33,0.0364
13.10382,77.7615,4.62,1.1234,26.65,57.94,966.79,448.41,0.1307
26.42598,80.86241,7.53,1.0939,22.29,75.34,927.74,787.33,0.6159
12.65714,84.09211,5.15,1.0514,25.64,61.88,901.72,966.14,0.1657
14.91236,79.69842,2.98,1.0078,18.26,72.89,843.04,1601.57,0.0217
22.47115,71.32226,5.44,1.015,22.61,63.49,861.74,1389.18,0.2048
17.10961,81.09973,4.01,0.9887,12.04,71.88,809.41,1877.46,0.0316
20.31278,83.67661,7.27,1.0576,20.28,77.39,890.83,1157.85,0.5685
27.4905,85.20602,5.45,1.0725,26.39,83.8,922.13,820.09,0.2239
19.28782,79.81024,7.27,1.1208,33.32,62.47,985.98,223.58,0.5744
16.996,72.68262,4.08,1.1161,17.23,74.19,930.28,680.83,0.0506
13.45906,83.68294,2.34,1.1413,24.64,63.44,975.58,320.84,0.0
13.39962,85.40046,2.66,1.1026,29.87,68.33,959.06,461.02,0.0398
10.5833,78.94902,6.08,0.9682,18.18,52.91,809.69,1912.17,0.3077
24.84488,82.66457,3.6,1.0647,18.14,68.24,890.23,1029.18,0.064
23.96451,69.35457,3.33,1.0503,23.06,68.81,893.05,1096.93,0.017
18.43848,77.31429,6.78,1.1408,24.98,63.47,976.27,253.86,0.4772
21.57165,84.06288,3.35,1.0475,22.21,68.28,888.08,1116.09,0.0269
9.6774,82.97419,4.38,0.9799,19.01,83.57,821.75,1812.61,0.0796
12.27621,85.61105,4.05,1.1336,30.37,64.06,987.67,122.04,0.0394
18.65144,71.13612,7.23,1.1293,29.93,65.73,982.46,250.76,0.5763
9.0663,72.11691,1.21,1.0654,27.41,61.43,919.14,827.95,0.0352
9.32164,80.97248,4.92,1.1599,27.01,70.84,999.35,123.12,0.1633
20.38829,86.01609,2.68,1.0939,19.44,79.84,918.75,778.31,0.0061
11.44608,79.45596,7.0,0.967,17.6,69.07,807.02,1900.59,0.4718
16.96797,79.13551,10.28,1.1015,36.33,65.61,978.54,309.64,1.6909
22.08157,70.42077,3.48,1.1568,27.42,58.74,998.08,179.84,0.0283
17.58369,84.75666,8.83,1.1008,33.2,57.95,967.98,349.06,1.0356
22.27817,72.27328,6.51,1.1399,21.27,84.15,963.38,441.43,0.4034
26.37151,75.04979,3.35,0.9618,19.25,67.69,807.3,1952.52,0.0
11.13687,76.18104,4.2,1.1065,25.67,84.77,949.15,575.35,0.0768
22.88092,68.69391,1.68,1.0099,18.52,73.09,845.56,1562.9,0.0073
14.6994,81.12723,5.24,1.0609,25.79,76.42,910.37,894.53,0.1651
11.58125,85.34543,5.4,1.0816,20.62,65.06,912.11,875.51,0.1952
10.49539,74.89961,4.6,1.0882,26.58,59.44,936.25,639.06,0.1057
16.39017,80.78092,7.75,1.1022,21.92,53.1,933.56,653.75,0.7187
25.46788,77.75938,6.82,0.9946,7.07,77.2,800.0,1933.36,0.4387
23.78652,68.51409,6.32,0.9781,16.77,82.69,814.01,1807.04,0.3533
25.12768,87.10357,2.65,1.0377,7.23,76.93,835.21,1529.22,0.0407
24.72741,81.19498,4.97,0.9895,11.4,78.86,808.21,1908.24,0.1467
18.09302,83.85724,1.49,1.0942,11.76,79.51,894.86,1105.97,0.0
26.72228,70.90475,6.8,1.0253,20.2,72.71,863.34,1251.76,0.4689
12.51095,70.0627,1.44,0.9546,19.71,63.96,802.48,1971.91,0.0194
23.11844,74.23233,1.28,1.0197,17.09,66.96,849.54,1534.17,0.0
14.89244,73.61998,7.93,1.102,23.47,43.84,938.31,599.57,0.7642
14.77045,82.29942,4.16,0.9868,22.15,89.55,836.49,1703.82,0.062
22.04607,82.90762,2.57,1.0389,26.8,71.04,894.46,1060.45,0.0
23.0837,76.35677,1.08,1.0548,35.54,70.17,934.6,729.4,0.0
16.74084,72.24595,2.89,1.0955,21.34,64.66,926.04,726.09,0.026
15.81756,83.8277,5.27,1.1649,27.45,59.5,1005.2,65.38,0.1711
23.37815,79.85011,4.73,1.1683,25.19,77.79,1000.52,119.64,0.1641
13.99395,86.09938,5.33,0.9709,18.72,77.05,813.45,1855.02,0.1998
8.25567,81.63105,6.87,1.0168,18.4,66.16,850.91,1504.14,0.4529
13.53087,70.0373,5.87,1.0434,23.81,53.8,889.38,1108.01,0.2751
13.50173,87.35797,3.28,1.0819,30.53,59.87,943.07,665.08,0.0209
8.2177,81.51749,5.19,1.0539,13.63,61.03,867.61,1292.13,0.1772
15.67845,87.57181,8.58,1.1211,32.22,78.04,982.67,166.88,0.9717
14.10258,72.20965,5.55,0.971,19.07,81.3,814.52,1883.99,0.2263
22.96264,80.46358,5.17,1.0599,21.8,56.55,897.39,1044.81,0.1613
20.90691,69.65586,2.22,1.0839,19.38,71.23,910.2,931.29,0.0448
21.76616,79.09871,5.46,1.1453,26.88,89.91,986.4,251.8,0.2203
11.20157,86.26145,9.62,1.1339,31.59,80.65,991.89,192.23,1.4061
8.31498,87.18458,6.51,1.1109,27.38,61.63,958.36,436.75,0.3955
16.25756,73.02603,1.54,1.1577,27.58,85.89,999.38,192.6,0.0151
26.04558,76.30028,2.34,1.1034,28.66,47.94,955.91,511.56,0.0309
11.75097,71.71663,2.43,1.054,15.22,65.5,872.43,1275.82,0.0
13.19635,85.58317,9.09,0.9721,13.95,84.58,801.13,1945.92,1.1811
22.15428,68.4737,5.44,0.9769,18.3,64.61,817.32,1699.13,0.2433
18.1012,75.16385,2.23,0.9742,16.47,79.33,809.88,1902.1,0.0
15.74652,85.78869,5.01,1.1614,28.25,42.79,1004.78,86.67,0.1728
8.78571,75.69811,8.73,0.9948,19.64,78.02,836.11,1582.06,1.0437
9.04015,73.10839,1.91,1.0209,20.44,64.83,860.39,1350.9,0.0
20.2249,77.5024,7.57,1.0306,24.75,61.8,881.32,1157.29,0.6727
25.62983,79.63677,2.52,0.9615,19.07,78.4,806.51,1902.9,0.0075
22.12512,70.62676,4.47,1.1243,21.41,89.8,950.66,581.22,0.0979
25.79415,82.22931,3.82,1.1753,22.44,58.56,997.23,142.69,0.0518
11.31406,73.81659,7.59,1.0215,17.52,59.92,852.29,1391.26,0.6765
23.48136,78.55445,4.75,1.0864,25.41,80.17,931.04,705.17,0.1719
13.92992,86.99567,5.65,0.993,23.1,56.51,844.41,1600.16,0.2345
12.26188,71.30206,1.62,1.0505,17.26,55.97,875.68,1287.94,0.0108
25.25506,77.59223,7.21,1.062,18.46,80.71,888.96,1068.25,0.5889
22.15898,83.74994,7.59,1.0388,29.4,79.95,902.17,967.2,0.6134
9.84302,76.30229,2.84,1.096,30.77,68.24,956.17,506.87,0.0174
13.68615,73.99935,3.39,1.1348,22.04,55.08,961.54,373.38,0.0172
14.20524,74.73947,2.39,1.1074,28.47,73.77,958.76,499.87,0.0118
27.54302,79.87333,1.16,1.0141,21.79,61.65,858.58,1361.44,0.0
12.64432,68.99716,5.81,1.104,19.34,74.95,926.89,810.45,0.2554
16.25694,70.05754,4.33,1.0346,12.99,73.45,849.8,1462.28,0.1371
14.73135,80.90522,7.75,1.053,22.34,87.33,893.16,1096.91,0.6938
27.77867,77.06812,1.09,0.9714,21.32,69.22,821.11,1741.64,0.0
21.45871,71.97983,5.01,1.088,22.36,71.01,922.93,778.23,0.1798
27.60993,69.08435,6.27,1.0181,21.59,70.63,861.35,1345.67,0.3438
14.26186,68.39774,3.74,1.1356,29.87,63.44,987.76,206.43,0.048
27.8083,76.48119,0.5,1.0073,16.92,67.61,838.71,1596.46,0.0
20.89548,84.25329,4.41,1.1346,27.45,64.69,979.05,263.83,0.08
11.06159,72.46324,3.52,1.0164,9.64,52.71,825.1,1808.5,0.0094
9.51541,82.75682,5.92,1.0835,25.81,58.32,929.87,750.8,0.3077
25.24017,71.23527,5.01,1.0591,18.82,78.82,887.61,1154.2,0.1501
23.91909,87.7899,3.04,1.1928,22.13,55.85,1011.05,41.53,0.0102
17.12694,77.95646,1.59,1.0517,22.44,65.77,892.32,1079.78,0.0122
8.3074,71.4504,4.98,1.0648,19.36,74.77,894.12,1040.92,0.141
22.30951,77.52456,4.12,1.0346,21.87,66.52,876.16,1198.3,0.065
11.70572,68.93857,6.11,1.1288,30.29,72.46,983.25,257.85,0.3426
14.40548,84.68263,1.85,1.1273,33.52,66.85,992.38,180.25,0.0136
18.26015,70.52138,1.76,1.1524,18.42,96.42,964.51,416.38,0.0
10.02533,78.93458,5.74,1.0319,24.08,80.0,880.39,1194.99,0.2655
21.70807,77.0779,1.44,1.16,26.89,89.49,999.07,115.28,0.0049
27.30762,71.6957,2.36,1.0902,22.45,50.04,925.05,752.2,0.0307
20.14133,84.87258,5.83,1.0522,24.82,78.95,899.97,1051.15,0.2759
22.76225,84.57605,3.84,0.9577,22.52,57.01,812.77,1852.54,0.0439
14.66343,70.10708,7.98,1.0119,12.22,71.26,828.94,1679.68,0.7259
18.73668,85.14355,7.32,0.9983,7.75,67.66,804.94,1963.46,0.576
16.96651,74.07758,2.87,1.1497,29.15,70.27,997.69,104.78,0.0
16.82756,81.93653,2.19,0.9725,13.43,75.55,800.0,1980.01,0.0
26.95881,81.03746,3.98,1.0915,19.83,68.77,917.94,833.51,0.0657
17.82756,79.35922,2.65,1.0713,18.56,66.51,897.03,1045.62,0.0038
17.25198,87.56055,4.02,1.0499,21.35,59.92,887.57,1153.31,0.1046
22.31042,69.7634,1.93,1.0549,16.24,69.88,876.31,1222.87,0.0
8.76111,79.47493,5.96,1.1801,20.56,67.2,994.92,177.91,0.3117
25.59397,77.93119,1.15,1.0414,11.04,64.01,849.5,1518.07,0.0
25.42869,71.77325,3.25,1.1402,23.06,72.24,969.43,368.04,0.0
19.89368,77.27135,2.78,1.0096,15.3,77.87,835.93,1605.24,0.0
9.09198,86.02442,3.09,1.0882,21.39,72.76,920.04,831.48,0.0
22.80339,86.00464,2.31,1.127,26.42,62.64,969.14,376.32,0.0
24.54551,87.86441,3.37,1.1766,23.51,61.13,1001.91,127.47,0.034
10.096,75.61685,2.41,1.1076,31.84,62.7,969.63,382.52,0.0
12.38472,82.66014,1.51,0.9855,25.6,70.96,845.13,1427.18,0.0
22.43678,82.34685,7.08,1.1352,29.43,57.78,986.02,169.22,0.5137
10.15726,71.91792,7.57,1.0475,24.39,69.72,894.66,1114.15,0.6238
26.76463,85.01327,5.02,0.9414,23.05,72.89,800.45,1976.31,0.1417
13.5187,74.25666,0.98,0.9783,21.68,69.11,827.95,1689.72,0.0
25.06919,75.94463,4.46,1.044,19.44,76.74,876.88,1224.34,0.0775
8.26285,68.24813,2.86,1.0055,20.82,87.16,848.49,1545.55,0.0615
16.63872,82.95534,3.79,1.0656,28.05,66.27,921.26,835.56,0.0699
25.01793,68.35999,3.85,1.0749,20.84,60.34,907.08,951.12,0.0968
14.42606,81.2877,3.97,1.0678,23.01,87.89,907.82,943.76,0.0603
25.87729,79.8037,1.21,1.149,27.36,52.64,991.18,121.12,0.0142
12.42267,71.92168,3.8,1.0942,28.97,58.3,948.94,502.85,0.1076
8.99934,86.84833,2.47,0.9887,13.4,82.94,813.28,1865.47,0.0159
22.65589,77.94341,3.21,1.0757,24.98,50.28,920.6,779.98,0.0285
26.93927,70.63474,1.97,1.1601,26.68,79.78,998.5,112.93,0.0
9.84352,87.51408,7.14,1.0837,19.16,78.32,909.36,947.48,0.5052
19.48772,71.89784,1.15,1.0081,16.06,55.59,836.87,1559.34,0.0
21.03495,70.90947,2.39,1.0967,24.77,60.11,937.86,629.3,0.0127
16.18411,68.12433,2.32,1.1062,30.54,44.41,964.27,390.82,0.0
11.78627,79.2939,5.99,0.9831,19.51,58.44,825.91,1788.94,0.3015
24.15896,75.12686,3.38,1.0739,34.83,54.69,949.4,543.72,0.039
22.79363,73.15534,3.15,1.1158,11.89,78.44,912.98,839.16,0.0008
19.32176,68.37756,2.88,1.0158,16.87,64.42,845.61,1487.52,0.0449
11.81855,83.69182,4.89,0.9528,22.67,87.36,809.02,1882.12,0.1444
20.60479,74.78482,2.5,0.9817,11.58,83.23,802.38,1913.54,0.0031
10.04808,84.99308,6.46,1.0067,13.77,86.24,829.15,1722.21,0.3948
16.39494,79.26676,1.51,1.1522,21.39,63.4,974.19,309.7,0.0
9.70103,78.75491,3.19,1.0897,12.29,74.04,892.85,1027.72,0.0
26.18576,77.97645,5.29,1.1799,21.02,74.8,996.34,161.28,0.2266
27.46162,83.57944,0.85,1.1494,23.5,64.98,978.71,293.72,0.0
21.15956,71.5625,4.63,1.1077,15.2,56.92,916.84,892.89,0.1053
8.67739,82.17569,5.19,1.11,23.03,46.96,943.66,565.36,0.1734
18.44434,77.96122,3.67,1.0286,15.89,78.44,853.45,1466.69,0.0254
20.78313,80.84697,2.03,1.0339,9.26,79.47,838.15,1635.11,0.0
9.09816,68.48655,7.44,0.9822,15.41,83.11,813.59,1841.64,0.609
11.9029,84.20556,3.01,0.9812,14.61,97.67,810.54,1854.55,0.0027
13.07347,69.16026,9.49,1.0813,25.58,56.48,927.22,703.83,1.29
11.97133,71.53139,3.92,1.1383,24.25,70.2,971.72,343.78,0.076
19.22562,74.21758,5.01,1.0036,13.49,61.34,825.75,1694.35,0.1392
24.14827,73.02273,5.94,0.992,16.98,79.65,826.12,1758.18,0.2871
11.94579,87.10336,3.89,1.1293,34.37,71.43,996.92,151.97,0.0678
20.04263,73.65363,3.74,0.9965,18.5,64.99,834.21,1679.85,0.013
13.02315,76.48673,1.44,1.0664,15.34,77.4,883.06,1134.37,0.0
15.53703,82.98361,2.08,1.101,29.14,66.11,955.39,530.25,0.0551
19.12703,79.65411,1.89,1.0667,25.78,67.97,915.32,809.05,0.0103
9.5888,83.67635,3.69,1.0136,12.35,68.44,830.71,1639.95,0.0346
15.33147,85.50869,1.23,1.0058,14.19,88.98,829.6,1682.22,0.002
21.68229,68.84334,7.79,1.0021,21.2,67.7,846.7,1539.26,0.7186
13.85111,75.34893,1.33,0.9854,20.85,78.74,831.62,1677.73,0.0074
25.02352,73.59944,1.86,1.1254,24.01,71.27,959.96,459.24,0.0102
17.9796,70.39093,7.44,1.1334,27.18,76.38,977.11,365.16,0.62
13.00375,81.85937,6.11,1.1353,34.04,77.59,1001.12,66.98,0.366
10.08087,71.4385,5.33,0.9657,15.96,58.53,801.45,1905.45,0.2388
8.98308,82.08063,0.5,0.9384,24.3,73.79,801.24,1879.88,0.0
27.79505,80.71155,3.82,1.1435,22.54,85.7,970.54,359.19,0.0163
17.094,75.95467,5.43,1.1403,33.28,64.09,1002.99,36.55,0.1982
10.6693,78.13388,4.35,0.9807,18.54,67.78,821.17,1777.3,0.0855
20.71086,78.25803,4.31,1.0227,26.92,67.01,880.92,1179.68,0.1054
19.61931,73.55301,8.16,1.1298,29.49,72.74,981.52,302.17,0.8239
13.31653,72.71288,2.55,1.0139,24.05,87.93,864.95,1337.71,0.0
12.05241,80.50131,4.68,1.0074,12.95,52.27,827.36,1754.27,0.142
19.87111,79.66017,4.73,1.025,20.32,72.53,863.45,1306.34,0.117
21.30094,73.79995,4.79,1.0535,26.87,66.23,907.28,945.89,0.1804
21.40272,72.17771,3.55,1.0514,21.26,73.64,888.54,1175.51,0.0559
25.17463,75.1556,0.74,1.0288,15.77,64.41,853.24,1313.23,0.0
19.93658,86.55446,4.42,1.0722,31.5,74.66,937.64,684.41,0.0664
8.3136,86.08348,0.5,0.9912,22.01,76.93,839.81,1656.23,0.0088
10.90157,69.3367,5.46,1.0487,19.96,54.41,882.35,1233.1,0.2009
24.63515,82.61591,2.83,1.1017,20.44,57.13,928.43,707.98,0.0
9.41409,80.48053,3.73,0.9788,15.58,63.6,811.21,1826.78,0.0074
23.72424,71.70207,4.24,1.0121,13.88,79.71,833.85,1671.46,0.0564
25.05945,71.95084,3.76,0.9967,25.23,62.02,853.67,1442.68,0.0401
22.93663,71.50943,1.3,0.9988,14.05,80.03,823.42,1808.4,0.0262
20.55621,68.15697,5.14,1.0983,26.39,58.02,944.35,514.27,0.1784
21.16228,73.9904,3.87,1.0039,16.05,69.86,833.44,1657.55,0.0623
10.86057,69.94365,6.3,1.0833,32.64,63.76,950.88,570.27,0.3609
15.03423,81.03079,2.29,1.0939,19.87,73.36,920.1,833.11,0.0463
23.0173,73.00295,1.1,0.9791,16.52,58.74,814.11,1807.72,0.0
20.86893,84.90274,5.31,1.0758,25.74,75.4,923.0,827.4,0.2075
12.24244,77.56094,3.88,1.0546,19.92,73.79,887.17,1163.3,0.072
21.0352,78.83551,4.86,1.0476,32.23,72.93,918.35,767.93,0.1483
15.80071,83.36456,5.9,1.0551,16.86,68.58,878.32,1196.67,0.2851
19.0181,82.30483,4.0,1.1265,37.66,60.36,1005.03,90.68,0.0628
16.99561,72.67784,3.09,1.1113,27.7,64.18,959.7,429.17,0.0072
23.20325,79.29794,3.71,1.1395,28.64,77.77,987.14,209.95,0.0206
25.3946,87.13314,5.0,1.1094,22.3,62.91,940.86,586.56,0.1357
24.74089,76.7955,2.07,0.9681,16.62,83.77,805.25,1967.28,0.0
15.22829,87.46209,1.7,1.0233,23.71,55.17,872.04,1173.3,0.0
21.34618,71.94604,5.64,1.1091,29.97,71.91,965.04,367.3,0.2477
26.94831,70.47347,7.17,1.1116,26.98,81.58,957.65,456.72,0.5311
16.67861,80.32584,2.34,1.0968,22.6,74.38,931.09,690.84,0.0328
23.01807,79.63884,3.56,1.0885,21.32,65.85,920.06,799.65,0.0
21.48998,74.7831,4.53,1.0802,18.98,70.49,905.78,972.76,0.1097
14.71801,84.248,3.16,1.1404,25.06,65.28,976.21,238.56,0.0364
21.30539,81.77984,4.89,1.0717,22.11,73.87,908.35,898.54,0.1064
15.07517,85.22719,2.68,1.0033,22.57,73.65,851.64,1460.11,0.0171
11.00044,78.29657,8.99,1.0693,14.71,66.13,883.56,1129.07,1.1287
26.22891,79.28577,7.44,1.0315,13.46,67.27,848.66,1496.92,0.5809
13.37332,87.86606,2.3,1.1186,21.31,60.97,945.52,658.92,0.0
11.14147,73.5305,3.44,1.18,19.6,85.56,991.59,200.36,0.0231
9.47274,84.19697,1.87,1.1106,23.71,83.22,946.34,594.45,0.0
23.08205,82.26992,6.66,1.0207,21.68,54.01,863.83,1436.83,0.4188
21.79483,83.1728,6.54,0.9506,24.7,75.24,812.69,1787.91,0.4009
12.2767,84.33093,3.84,1.1121,12.31,69.92,911.28,876.72,0.0558
8.87667,82.81859,2.6,1.1596,28.08,60.16,1002.65,60.76,0.0375
24.49642,74.40399,4.4,0.9696,20.81,65.96,818.15,1826.9,0.1014
23.21124,80.31784,3.11,0.9581,19.18,90.75,804.01,1981.76,0.0
12.92471,74.19039,1.28,1.134,31.75,62.46,992.51,199.63,0.0
23.2991,83.79703,3.86,1.1305,26.4,76.39,972.08,265.79,0.0154
21.93558,77.10885,5.08,1.1476,21.33,77.63,970.08,366.84,0.1764
16.32582,78.47277,3.59,1.0054,22.17,86.88,852.27,1520.0,0.0256
26.30904,71.59839,2.7,0.9867,18.06,86.55,824.82,1731.74,0.0
25.39665,70.89195,3.81,1.166,21.82,53.62,987.28,190.46,0.074
19.0265,72.95842,1.38,1.1708,19.33,71.68,982.98,223.08,0.0
10.32781,78.10647,5.49,1.1588,26.28,50.5,996.02,155.09,0.2382
11.80147,70.07649,5.23,1.0611,26.45,81.8,912.52,900.99,0.1769
25.02597,73.59004,5.02,0.9769,16.61,76.42,812.5,1772.93,0.1944
9.78958,76.14853,0.92,1.0893,18.1,74.91,910.66,893.03,0.0
14.11727,69.32478,4.46,1.0785,20.01,64.85,907.6,995.3,0.0964
22.60879,77.05684,4.76,1.0514,26.07,86.58,903.06,962.27,0.124
15.60774,81.01625,5.53,1.1325,31.75,78.86,991.18,116.15,0.2287
10.40314,81.47579,3.37,1.0463,19.22,86.87,878.12,1230.2,0.0
8.5065,85.62591,5.03,0.9877,16.24,66.57,820.46,1862.09,0.1599
10.41254,74.42236,6.37,1.004,16.36,57.33,834.36,1626.86,0.3654
14.34364,71.58491,9.36,1.114,38.84,48.17,997.71,117.5,1.2617
13.71096,76.74872,4.35,1.0432,18.34,58.22,872.9,1275.48,0.093
10.85652,80.1638,5.39,1.1189,30.01,74.55,973.64,355.56,0.2003
24.90054,68.77218,5.0,1.0707,33.85,65.47,943.56,590.62,0.1712
11.68509,75.22171,4.46,1.0977,19.14,59.87,921.03,819.53,0.0236
14.09309,69.47311,2.93,1.0396,18.15,71.9,869.26,1242.5,0.014
19.94908,76.00535,2.6,1.0466,30.19,60.26,911.27,859.75,0.0051
16.22911,72.06224,5.02,1.0129,11.26,67.3,826.9,1681.35,0.1733
12.83729,86.29335,1.65,1.0863,31.04,72.86,948.57,544.29,0.0196
27.14843,82.67858,9.59,0.969,15.26,68.33,802.23,1992.42,1.3392
18.28647,87.04775,6.24,1.1613,27.86,74.26,1003.42,120.95,0.3606
24.21787,73.34795,1.77,1.031,18.64,63.1,863.52,1342.69,0.015
19.68797,79.01513,6.76,1.0288,10.61,48.15,837.95,1607.96,0.4241
17.96224,78.86746,4.43,1.0342,11.41,84.45,844.75,1520.16,0.1078
27.85912,73.1581,4.33,1.1444,22.92,78.36,972.55,330.64,0.1204
24.77023,75.68752,3.08,1.0557,25.74,44.87,905.7,927.31,0.0314
8.29727,84.11509,5.19,1.0558,17.0,87.08,879.34,1209.02,0.1824
11.15178,72.21935,4.02,1.0282,24.38,73.62,878.12,1164.95,0.1169
19.98069,76.19992,5.04,0.971,17.05,54.99,808.88,1920.12,0.1426
26.95309,86.57314,3.15,1.1432,20.2,54.36,962.61,480.12,0.0475
22.29121,75.86892,3.02,0.9575,22.49,84.18,812.54,1813.28,0.0
24.41485,68.82129,6.38,0.9749,18.24,62.55,815.46,1729.9,0.3648
15.35339,75.06445,0.86,1.0079,21.22,70.83,851.67,1358.41,0.0
9.85912,78.82987,5.12,1.1065,23.43,76.4,941.99,621.66,0.1705
21.88549,70.4875,4.21,0.9937,25.32,68.23,851.34,1532.57,0.0474
23.09759,85.26167,1.01,1.0344,20.87,74.19,873.06,1270.85,0.0
16.88628,70.81766,6.23,0.9598,17.21,60.77,800.0,1910.65,0.3518
17.15961,81.18104,10.96,1.0169,16.5,67.63,845.46,1546.08,2.0017
20.14013,83.11542,3.42,1.0181,17.53,69.0,849.5,1501.03,0.0
18.73348,72.29354,0.9,0.9684,15.56,69.98,802.57,1917.23,0.0
18.88461,82.4044,2.55,0.9613,19.97,65.59,808.84,1851.3,0.0008
22.07288,80.74071,5.91,1.0764,32.12,75.39,943.22,663.96,0.2917
12.87592,69.47349,5.41,1.0159,17.5,72.12,847.54,1574.22,0.2161
9.32495,86.92698,5.34,0.9556,20.18,70.92,804.65,1919.98,0.1908
20.2962,76.8561,3.19,0.991,19.15,78.13,831.5,1705.17,0.0
19.3926,70.5235,2.97,1.0846,28.96,71.52,940.54,622.11,0.0
10.45933,80.56128,6.74,1.0496,17.32,67.17,875.16,1215.3,0.436
24.17937,75.41597,3.53,1.0414,20.91,72.91,879.05,1194.55,0.0
13.65279,80.98905,6.03,1.0751,21.24,51.72,908.54,971.85,0.3137
17.23001,72.43823,3.71,1.1124,25.95,74.08,955.05,500.89,0.0406
25.73472,76.56255,3.28,1.0071,14.55,71.78,831.66,1648.61,0.0407
23.15912,73.20902,0.66,1.1493,27.54,65.32,992.02,143.77,0.0
17.20609,70.80258,7.6,1.0035,18.88,74.72,841.19,1507.33,0.615
10.21502,68.58038,4.12,1.0819,16.61,87.26,899.91,1042.99,0.0457
11.63763,83.59626,2.93,0.9524,20.22,66.61,802.06,1956.02,0.0033
15.07002,71.54439,3.55,1.0439,15.77,84.05,865.71,1345.64,0.0
22.47389,82.92442,5.98,1.1115,25.73,75.77,953.58,494.84,0.2881
14.39001,87.58241,8.24,0.9832,16.92,81.98,818.7,1823.68,0.8604
23.82973,70.42917,5.4,1.1321,23.65,62.8,964.53,424.75,0.2155
15.56694,74.33232,2.09,1.0242,17.34,69.9,854.0,1447.97,0.0
15.78064,75.30366,1.4,1.1444,25.5,72.03,981.07,221.22,0.0348
14.09585,79.97169,2.84,1.1288,33.24,52.74,992.75,232.11,0.0064
19.45136,71.1039,9.55,1.04,19.23,59.11,872.83,1223.23,1.3413
19.98856,74.3258,2.05,1.205,20.8,81.81,1016.75,32.96,0.0152
11.67974,80.1361,4.03,1.0248,21.75,61.26,867.52,1336.19,0.0556
22.40584,76.19934,4.33,1.1274,19.94,67.09,948.5,606.82,0.1383
22.7716,72.40665,8.12,1.0936,21.96,56.45,926.37,731.74,0.8543
14.5553,71.96634,2.57,1.0897,18.5,71.35,912.23,882.63,0.0
17.674,82.58765,5.67,1.1484,29.64,86.6,998.11,64.06,0.2913
21.85525,75.99379,5.17,1.0892,22.22,71.02,923.5,846.64,0.1562
10.424,82.47509,3.36,1.0161,21.51,62.18,859.42,1403.93,0.0349
18.67508,86.02249,1.07,1.0737,16.46,65.78,892.62,1115.04,0.0
21.55225,76.02673,3.76,1.0767,28.08,74.77,930.98,654.18,0.0082
22.39723,77.64791,2.0,1.0734,13.41,83.55,882.92,1146.88,0.0565
9.12706,77.23481,5.98,1.1085,23.61,71.22,944.31,567.38,0.2924
12.36094,75.74453,6.16,1.0218,16.95,96.31,850.86,1403.76,0.2975
22.86496,71.71301,6.8,1.0427,19.66,57.92,876.39,1225.53,0.5154
24.01075,81.77818,2.75,0.9908,17.5,77.16,826.61,1746.75,0.0
18.76979,70.27723,2.01,1.1432,13.03,75.96,939.16,565.78,0.0
14.98629,75.40372,5.07,1.0665,19.87,76.91,897.06,981.94,0.1652
23.42864,69.70931,7.36,0.9851,12.92,87.35,808.94,1906.38,0.6133
25.62461,84.70422,6.13,1.0298,16.98,72.21,857.63,1443.9,0.3174
23.70865,85.40696,5.41,1.1661,28.88,71.65,1011.0,29.62,0.2121
24.93774,69.17475,0.83,1.1248,21.06,67.2,949.92,510.16,0.0115
20.54195,70.59685,2.01,1.1368,28.74,71.94,985.18,226.88,0.0099
21.62087,79.13314,3.21,1.0829,22.49,78.39,919.0,859.11,0.0
9.84229,73.51166,5.05,0.981,16.8,88.19,816.53,1854.91,0.1265
9.26458,81.34013,2.09,1.0496,15.69,89.63,870.26,1289.25,0.0
9.66646,86.688,2.73,1.0293,21.29,75.97,869.94,1275.6,0.0119
14.93468,83.27542,1.64,1.0821,19.11,48.49,907.78,956.87,0.0289
20.22542,76.32853,6.46,1.0782,21.49,70.0,911.87,828.03,0.3507
26.01035,82.03181,3.19,0.9871,14.82,71.24,816.0,1945.41,0.0296
16.47975,78.23713,4.85,1.1171,22.03,57.23,946.51,563.32,0.154
27.62677,77.22737,4.61,1.0047,19.47,76.49,843.88,1576.42,0.1176
15.83647,86.0882,1.18,0.9707,18.05,65.63,811.37,1833.4,0.0
22.43125,83.91412,4.77,1.0615,32.1,72.71,930.14,767.16,0.1445
18.63775,80.71869,3.61,1.0734,18.13,82.96,897.52,983.45,0.0498
8.84679,80.35435,2.17,0.985,23.1,60.8,837.59,1629.04,0.0
24.45795,79.96036,5.05,1.1112,31.27,67.61,970.99,353.11,0.146
22.77797,83.83595,4.15,1.0068,17.97,86.39,841.37,1571.96,0.0528
8.83126,74.28747,6.04,1.0769,19.04,77.03,903.27,905.7,0.2553
16.58757,74.56979,2.05,0.956,23.1,82.86,813.02,1855.5,0.0
13.68478,69.66744,5.42,0.987,26.65,77.84,849.4,1531.24,0.209
21.43544,87.51829,4.05,1.0164,25.92,74.21,872.59,1319.64,0.0738
16.5489,68.88889,3.49,0.9837,13.14,69.95,808.4,1878.71,0.0318
21.20411,71.77479,1.0,1.1372,28.85,56.77,985.8,211.71,0.0
17.28596,81.84978,7.95,0.9952,15.66,91.69,825.02,1709.79,0.751
14.30902,81.11755,2.71,1.0692,18.38,74.05,894.73,1161.41,0.0107
20.04446,69.99661,2.28,0.9967,8.9,75.95,807.0,1931.86,0.0061
24.90918,76.15727,6.68,1.1219,23.99,76.89,956.89,550.16,0.416
15.96023,73.02055,2.51,1.1689,19.6,63.03,982.31,260.61,0.0244
23.22571,78.69276,6.29,1.0736,18.03,70.64,897.37,1040.51,0.3653
24.44696,85.40184,7.99,1.1221,31.82,69.31,982.32,281.39,0.8206
13.6907,68.89709,6.04,1.0781,27.43,74.03,930.24,677.54,0.3197
8.34887,72.61652,2.68,1.016,15.28,76.56,841.17,1571.68,0.0196
11.83819,76.14251,7.18,1.0167,21.59,83.05,860.16,1436.03,0.5666
10.34985,87.55875,6.52,1.0979,24.2,73.66,937.12,632.43,0.3984
20.80229,80.40626,3.24,1.1294,30.98,77.29,985.97,203.61,0.0227
27.61379,69.30499,2.87,0.987,11.2,75.62,805.57,1782.34,0.018
26.06085,68.87799,5.42,1.0727,23.11,77.97,912.24,879.51,0.2181
15.05583,79.66055,3.15,1.0796,33.9,75.14,951.54,557.16,0.0016
19.8339,86.08618,4.87,1.0776,33.71,59.97,949.19,524.76,0.1199
18.19087,81.24125,3.98,1.0124,17.96,53.21,846.03,1469.12,0.0757
22.05794,68.39597,3.2,1.0024,16.47,71.52,833.4,1667.58,0.0264
24.17231,70.08072,2.42,1.0146,17.64,70.0,846.91,1509.04,0.0
16.98258,81.48064,7.56,1.145,25.32,61.49,981.0,330.14,0.6802
9.44437,73.57358,5.33,1.0718,18.42,57.04,897.08,1045.59,0.2041
12.85101,82.03776,12.53,1.182,20.91,66.36,997.72,82.84,2.8958
22.93488,75.40984,5.46,1.1104,20.7,73.48,936.63,604.95,0.2269
15.81581,73.6053,9.33,1.0447,20.8,82.9,881.53,1166.05,1.2177
14.81647,71.58991,4.73,0.9831,21.7,63.77,832.08,1588.47,0.1443
22.27942,68.1034,8.05,1.1237,25.15,66.76,962.2,468.62,0.8184
17.87544,74.43912,0.5,0.9806,16.61,67.94,815.6,1814.37,0.0348
13.626,78.79047,1.26,0.9972,28.34,60.89,862.96,1335.87,0.0077
19.32797,75.12484,4.52,1.0509,21.01,54.57,887.39,1136.22,0.1196
26.28599,76.37748,2.49,1.0375,12.17,95.77,849.75,1496.01,0.0343
26.46132,84.03429,7.45,0.9578,17.83,75.19,800.0,1994.58,0.6403
9.43908,76.99858,3.73,1.08,18.22,87.0,903.26,1031.88,0.0656
15.33639,71.91415,2.09,1.0393,21.62,63.56,879.41,1232.6,0.0251
18.25867,78.19815,4.56,0.9736,18.81,51.39,815.95,1791.33,0.0733
23.51355,76.37137,8.68,1.1021,28.48,68.32,954.22,483.04,0.9917
14.61671,71.84859,4.1,0.9979,24.13,66.61,851.54,1485.19,0.0636
18.0297,73.5718,5.08,1.0486,24.55,57.3,896.11,1010.08,0.1848
20.42317,85.85202,1.73,0.9964,22.07,93.83,844.37,1521.0,0.0
11.75759,71.85849,2.58,0.9837,19.72,83.94,826.94,1713.64,0.0041
10.67177,68.33316,1.85,1.1447,29.59,48.23,994.79,176.78,0.0
13.0249,77.70821,8.38,1.0141,20.44,68.63,854.64,1522.14,0.8701
26.16114,80.85191,7.76,1.149,23.13,71.74,977.19,296.85,0.7493
14.0142,72.56394,4.42,1.0221,20.75,69.94,862.3,1361.27,0.0817
26.51676,77.35922,5.38,1.0631,21.05,72.71,897.76,1035.43,0.191
17.4501,87.29985,0.81,1.0001,16.94,65.43,832.74,1616.25,0.0371
11.88037,69.11854,4.14,0.9905,19.7,68.43,832.63,1679.57,0.0667
17.75671,86.90961,3.47,0.9972,26.7,75.03,858.32,1373.33,0.0286
10.36825,81.25912,3.19,1.0341,25.05,62.72,885.2,1184.36,0.0268
9.52167,82.78535,6.38,1.0494,16.3,65.44,871.86,1260.77,0.4028
25.86341,84.82051,4.79,1.052,15.23,63.86,870.82,1259.27,0.1333
23.04506,82.23696,3.38,0.9715,19.76,57.09,816.87,1854.07,0.0043
16.55295,85.35543,1.6,1.1277,26.11,60.01,968.72,431.43,0.0
12.8851,70.51662,2.87,1.1315,24.73,73.37,967.5,426.61,0.0
9.7665,87.97697,0.55,1.1537,32.34,73.4,1011.66,71.09,0.0083
12.46508,76.70158,5.15,0.9826,17.44,72.84,819.64,1743.16,0.1309
23.72406,69.53442,4.41,1.1821,22.18,82.79,1002.17,74.7,0.0898
21.19686,69.97082,3.66,0.9651,16.83,73.45,803.32,1997.75,0.0292
23.41067,85.83488,7.82,0.9734,21.79,64.26,824.08,1785.55,0.7361
22.81022,70.75079,6.22,1.1237,21.16,68.31,949.33,498.74,0.3529
25.33053,86.14912,4.3,1.1198,27.17,54.0,965.33,417.1,0.0733
16.35926,80.05637,5.84,1.0621,24.86,58.19,908.54,962.12,0.2735
8.03999,72.04086,5.51,1.0305,20.47,82.12,868.53,1297.36,0.2156
20.78272,85.34176,3.3,1.174,22.2,86.38,995.32,147.68,0.0018
13.7946,76.56409,7.94,1.0181,23.27,80.42,866.32,1374.59,0.7495
23.64407,83.64472,2.27,0.9807,16.53,82.74,815.48,1781.37,0.0299
12.6994,79.7375,4.23,1.1698,24.08,60.2,998.09,84.37,0.0689
24.84033,85.79831,2.36,1.0058,13.54,86.2,827.75,1687.49,0.0181
26.23338,83.89464,4.77,1.1219,18.36,73.08,938.81,579.29,0.1407
18.84789,78.85873,1.28,0.9988,19.51,60.57,839.02,1537.03,0.0047
26.02753,78.54858,0.59,1.0848,32.35,75.78,951.31,546.26,0.0
22.6006,72.75938,6.29,1.0632,19.31,68.64,892.56,1089.77,0.359
20.68875,79.97022,2.22,1.1479,27.26,78.26,989.84,193.31,0.0
14.74131,80.87751,3.23,1.094,25.49,58.77,937.88,638.62,0.0326
26.70232,70.07668,3.98,1.0839,27.2,55.83,934.46,667.04,0.0419
27.97548,70.46766,1.45,0.9836,12.19,66.83,805.62,1962.12,0.0201
26.45133,86.04489,4.15,1.06,17.61,84.71,884.72,1141.91,0.0405
9.62098,83.89024,5.18,0.9693,25.08,61.69,829.77,1685.13,0.1396
16.76679,74.09557,2.84,0.9633,19.46,93.08,809.13,1980.39,0.0
9.80392,78.05287,5.01,0.9546,20.74,60.53,805.29,1974.82,0.1595
24.43281,73.48332,2.8,1.0128,19.49,67.93,850.82,1482.13,0.0
23.71249,68.81106,6.24,1.0549,18.18,63.96,882.2,1115.73,0.3239
23.91723,80.48096,4.4,0.9974,21.26,82.27,842.94,1561.7,0.1147
11.26796,87.16214,3.94,1.0495,26.99,67.72,904.16,938.0,0.0576
21.87388,73.68318,3.42,1.1367,24.06,66.79,969.78,331.23,0.0
12.90422,82.87436,6.07,1.0643,18.58,87.15,891.31,1106.03,0.274
11.87184,82.97067,0.5,1.0053,21.86,89.45,851.33,1469.12,0.0
9.89144,77.49874,3.45,1.1393,28.53,74.04,986.62,257.22,0.0
17.63592,72.64284,3.36,0.9534,27.64,41.08,823.15,1709.81,0.0222
26.98716,87.65746,0.54,1.0928,23.79,65.33,931.47,679.36,0.0
9.79859,70.17601,4.14,1.0542,14.52,68.93,870.53,1309.25,0.0896
23.00899,79.70925,5.47,1.1532,31.31,57.02,1007.81,53.17,0.2099
8.5554,79.12489,1.68,0.9902,20.4,68.88,834.4,1602.96,0.0191
15.8943,78.05849,1.47,1.0231,21.94,55.19,866.64,1258.28,0.0
23.3709,74.03097,6.69,1.0118,20.49,78.08,852.82,1410.33,0.42
9.32666,86.22375,3.56,1.115,18.83,73.43,934.55,654.22,0.043
8.68803,86.09924,5.99,0.9996,12.96,77.43,820.96,1773.77,0.2832
11.57822,74.77296,1.42,1.1515,22.32,54.53,976.65,279.47,0.0
23.69217,73.71297,2.46,0.9726,25.26,64.86,833.14,1678.52,0.0417
21.64479,80.73444,2.24,1.0353,11.8,72.31,846.78,1532.24,0.0
22.49749,75.76884,2.02,1.1471,27.33,48.37,989.4,209.01,0.0
18.84357,81.64653,4.24,1.0812,25.63,71.22,927.31,705.54,0.1006
18.36446,76.83251,5.8,1.0724,23.44,55.09,913.03,865.75,0.2382
13.2465,76.38594,3.11,1.1208,27.22,60.75,966.37,415.8,0.004
13.81663,84.26618,2.53,0.9723,13.49,77.87,800.0,1973.59,0.0
23.96228,69.41547,5.01,1.0828,22.58,85.67,919.2,897.06,0.1118
9.54533,82.0387,3.87,1.0099,20.85,54.47,852.27,1462.65,0.0446
21.99527,78.52678,5.78,0.9876,15.52,78.75,818.34,1787.98,0.2931
23.03503,84.81728,4.5,0.9922,19.6,56.6,833.81,1655.32,0.1137
15.48692,72.24152,8.64,1.0645,21.04,58.51,898.94,1063.74,0.942
20.65198,76.05656,3.28,1.0168,15.05,67.96,841.15,1601.98,0.026
23.16437,79.65126,1.08,1.0874,25.48,69.4,932.12,787.66,0.0
26.97224,83.70326,2.52,1.0515,15.59,66.97,871.53,1305.57,0.0
13.96383,83.19508,3.62,1.1299,24.69,59.3,965.99,360.24,0.0329
12.104,70.52572,3.62,1.1363,31.96,60.09,995.17,159.6,0.0206
17.86029,72.65975,3.24,1.0369,17.92,56.93,866.36,1277.17,0.0
21.6468,86.62604,4.61,1.0877,26.69,65.52,936.19,656.9,0.1684
27.07055,71.60448,3.11,0.9813,17.69,61.22,819.26,1839.94,0.0067
8.67843,80.48733,5.94,1.0972,25.06,49.17,939.2,614.69,0.2894
20.52641,70.51745,1.68,1.1046,16.46,88.6,918.25,870.43,0.0204
16.38453,68.37601,3.49,1.1128,28.63,74.36,963.95,386.89,0.0841
23.48109,81.25782,5.81,1.1553,25.91,56.11,991.82,217.9,0.2892
16.26374,76.32574,5.03,1.098,26.28,63.12,943.73,609.73,0.1057
21.75847,71.02722,3.78,1.033,20.7,74.37,871.3,1377.83,0.0236
10.51005,76.17226,5.19,1.0018,17.31,66.8,835.28,1606.4,0.2104
12.44469,80.40309,5.4,1.1138,22.57,68.46,945.48,639.78,0.2171
18.29139,71.42876,6.22,1.0663,15.32,59.22,882.94,1136.97,0.3769
17.6169,72.75927,1.98,1.132,25.62,84.48,970.85,290.79,0.0
20.59857,71.04081,3.89,1.0779,35.26,66.14,954.21,515.89,0.0188
8.86929,75.73028,3.98,1.0429,14.86,75.08,862.24,1330.24,0.0509
15.46862,76.46784,4.74,1.0207,19.02,70.92,855.99,1395.0,0.1433
12.6361,84.85428,4.78,1.1364,26.43,60.23,977.21,373.44,0.1151
26.78956,82.26584,6.92,1.0235,17.25,79.42,853.21,1444.75,0.4522
19.74099,76.28843,5.08,0.9831,20.44,67.25,828.5,1666.44,0.104
18.95682,73.38768,2.22,1.0244,16.21,76.57,850.86,1508.44,0.0021
22.62798,74.6278,4.53,1.0264,15.65,76.43,850.86,1386.5,0.0944
19.50209,79.20998,5.17,1.0351,15.63,82.43,858.07,1396.16,0.1348
23.51065,73.57368,8.74,0.9884,19.13,86.09,829.24,1752.01,1.0305
18.90106,77.89275,6.99,1.1246,17.34,72.42,937.74,645.78,0.5062
10.68643,85.72297,2.39,1.1221,26.76,51.91,966.02,428.84,0.0
24.09691,69.96668,7.97,1.0325,22.13,70.19,875.13,1239.47,0.7693
15.07756,75.78661,2.12,1.1237,26.95,68.07,967.97,434.88,0.0075
20.4544,73.20411,5.49,1.1737,18.77,51.09,983.54,264.01,0.2282
24.0084,84.50914,3.01,1.1058,31.29,73.57,966.39,357.99,0.0
8.39459,71.11794,3.8,1.0022,14.74,70.74,828.23,1785.27,0.0507
23.4805,72.60192,4.77,0.9836,13.54,80.34,809.47,1881.97,0.1247
10.1075,79.22473,3.58,1.1195,28.65,62.38,969.82,297.81,0.0137
17.28411,84.38736,4.12,1.0105,26.16,66.29,868.16,1310.33,0.0642
13.86114,70.37759,1.57,1.1809,21.64,83.43,999.24,162.13,0.0235
24.47707,69.86259,2.26,1.0208,29.11,67.58,885.71,1115.48,0.0
13.17831,80.80305,4.53,1.1209,24.49,60.74,957.64,460.85,0.0913
11.52666,69.68748,3.06,1.0124,19.84,80.33,851.43,1552.68,0.0
11.08029,75.25769,5.05,1.0304,18.75,65.13,863.34,1313.2,0.1778
18.22465,86.04444,3.44,0.9761,15.5,71.38,808.77,1918.34,0.023
26.26735,76.35471,3.38,1.0293,20.49,72.52,867.61,1301.98,0.0106
14.44451,74.0946,3.59,1.1553,25.89,61.56,991.66,157.43,0.0
11.852,75.16622,5.86,0.9867,23.17,70.9,839.25,1572.45,0.2824
26.0104,76.75813,1.44,1.0425,19.91,54.82,877.01,1220.77,0.0225
19.54779,82.69195,7.44,1.0533,13.91,44.61,867.88,1304.21,0.6716
13.3435,80.33593,3.88,1.1617,25.58,55.46,996.15,124.32,0.0567
25.57618,76.67899,2.75,1.1202,27.63,59.74,967.16,429.25,0.0
17.40418,77.91148,2.77,0.9947,16.63,61.54,827.36,1718.46,0.0093
16.60607,82.05909,1.33,1.1141,28.67,76.47,965.23,411.81,0.0
14.69341,83.1637,4.17,1.1582,28.61,65.04,1003.27,89.84,0.0563
18.5401,71.11492,4.63,1.0379,20.89,50.03,876.07,1192.46,0.139
15.67484,80.49908,9.21,0.9856,17.71,65.6,822.86,1732.35,1.2172
17.35166,75.7132,2.77,1.1615,31.14,80.7,1014.55,23.25,0.0342
22.65573,72.31927,2.34,1.1254,25.7,58.68,965.39,431.47,0.0
25.02349,81.91731,3.2,1.0362,15.27,81.44,857.84,1446.86,0.0201
9.33922,80.73521,4.72,1.0995,29.46,54.14,955.09,541.11,0.1308
17.90406,76.78401,5.53,1.0527,27.06,86.07,907.13,944.47,0.2764
27.47036,84.15295,8.11,1.1211,34.83,70.93,991.08,216.83,0.8125
19.02598,73.7922,3.89,1.0354,21.56,59.99,875.91,1247.81,0.0071
10.67877,79.05364,4.67,1.1735,17.83,90.93,980.2,269.26,0.1335
20.93854,83.58877,3.15,1.0447,17.22,92.95,870.78,1237.58,0.0359
20.06803,78.46202,4.45,1.1475,21.73,75.88,971.29,309.33,0.0808
26.03307,73.8235,1.41,1.0686,29.63,61.29,928.77,780.99,0.0
15.33945,79.25034,6.4,1.0564,12.83,63.5,867.17,1323.99,0.3708
10.17289,82.63794,2.77,0.965,23.71,52.95,822.31,1738.7,0.0
16.74601,86.22327,5.04,1.078,18.94,74.36,903.85,983.71,0.1773
26.27996,75.75773,2.29,1.1335,12.46,61.91,929.3,760.21,0.0193
19.66791,86.12241,5.71,1.1489,31.03,50.82,1003.14,140.77,0.2828
11.81185,84.88607,4.14,1.1654,25.02,68.79,997.48,85.58,0.0686
12.07176,76.70423,4.97,1.1208,17.67,70.95,935.68,662.02,0.1332
16.61679,70.59817,5.45,0.977,14.06,92.47,805.45,1975.76,0.2202
22.70092,87.14924,6.76,1.108,26.78,54.93,953.95,496.84,0.4374
23.29831,69.85176,4.07,0.9916,19.29,69.32,832.37,1694.18,0.0626
26.53134,70.90901,6.52,1.1325,26.04,65.81,972.66,373.51,0.439
20.26867,70.6412,1.13,1.1528,24.91,64.83,986.31,242.11,0.0
19.36479,69.69301,2.66,1.0511,23.53,53.15,895.16,1014.49,0.0463
24.34523,81.99459,2.31,1.0999,28.63,96.13,952.8,534.72,0.0
10.02203,82.50324,3.53,1.1142,23.95,54.86,950.2,524.8,0.0
15.8517,68.90672,4.2,1.0962,28.6,83.21,949.53,578.57,0.0774
14.96215,73.13755,7.7,1.0089,28.01,68.97,872.17,1246.08,0.6513
26.04288,69.62256,1.81,1.0202,19.08,55.51,855.77,1448.02,0.0084
13.34168,82.15896,3.81,1.0946,22.64,88.6,929.35,698.07,0.0189
19.9285,78.85464,4.15,0.9877,20.04,93.13,831.25,1699.67,0.069
17.6575,68.5012,8.11,1.0467,20.59,75.38,882.56,1181.3,0.8163
9.9245,86.83434,2.78,1.1007,28.12,67.51,951.85,528.48,0.0
20.74598,72.04058,7.27,1.0567,17.02,78.55,880.18,1144.81,0.5568
27.30596,73.70565,7.92,1.0091,18.93,81.49,846.02,1464.19,0.7662
16.96244,81.75495,7.12,1.0364,26.92,58.62,892.66,1068.97,0.5372
9.00337,86.74859,6.32,1.058,28.08,61.15,914.86,836.31,0.3889
22.8741,87.50992,3.5,1.0221,15.4,43.01,846.62,1546.25,0.0272
11.05224,69.54141,6.66,1.1124,24.69,79.38,951.09,555.81,0.4451
25.9124,70.35785,5.13,1.044,24.16,61.73,890.98,1097.88,0.1972
10.76411,68.0089,4.41,1.1256,35.17,60.81,996.24,174.11,0.1215
12.11009,69.88728,1.65,0.9835,17.65,57.92,820.96,1749.45,0.0008
12.3034,81.25068,7.68,1.0814,27.6,60.91,933.56,673.68,0.61
26.88296,87.92556,4.28,1.0464,22.69,66.92,888.57,1165.12,0.1175
18.02495,82.29945,7.58,1.0376,14.03,82.66,855.35,1450.12,0.6316
12.52665,71.96705,8.4,1.0331,14.49,64.14,853.0,1517.27,0.9414
25.30953,78.46982,4.33,1.1018,24.79,53.91,942.33,672.27,0.0766
25.25602,83.29049,6.16,1.0164,22.35,59.16,862.1,1320.04,0.3334
9.5445,80.18295,3.28,0.9992,13.97,73.81,823.53,1788.7,0.0
26.36536,82.29845,1.9,1.0281,14.3,80.4,848.32,1489.03,0.0422
8.75267,71.04257,8.07,1.0314,21.26,42.75,871.67,1233.19,0.8471
19.00429,81.14593,8.28,1.0184,26.69,48.11,876.54,1233.7,0.8349
22.71413,70.51417,4.28,1.075,26.5,72.74,924.66,770.22,0.0806
20.24905,82.27468,1.73,1.1741,17.23,81.67,978.64,332.79,0.0
19.73681,68.0484,3.86,1.0252,19.96,63.81,862.59,1359.09,0.0627
23.62108,80.81668,1.51,1.0422,11.05,68.11,850.25,1517.98,0.0157
23.76328,87.5005,2.05,1.0499,16.3,58.43,872.37,1256.62,0.0103
23.86889,70.45658,9.01,1.0333,19.81,58.81,868.96,1323.61,1.1166
16.5584,78.96708,1.37,1.1418,33.93,68.05,1006.43,112.65,0.0126
25.86708,69.04767,4.93,1.0779,22.04,57.7,913.37,889.36,0.143
11.94064,79.49875,4.54,1.0768,18.76,60.18,902.24,1010.41,0.0866
20.58114,78.5859,6.27,1.1433,26.17,42.0,982.32,233.5,0.4075
24.61211,76.4578,3.69,1.1651,15.74,70.01,966.18,433.9,0.0558
26.71545,87.60431,6.68,1.1375,30.85,69.98,992.62,155.16,0.464
16.69006,74.88611,5.58,1.0367,27.09,58.0,893.51,1119.59,0.2594
27.14804,72.48898,8.12,1.055,16.23,80.49,876.34,1236.75,0.8684
23.46095,84.84467,2.05,1.0238,17.14,90.54,853.1,1450.09,0.0445
15.68322,84.01741,8.6,1.0392,18.29,65.11,869.37,1299.95,0.9227
12.81453,82.89696,2.6,1.0005,16.53,65.68,831.92,1653.83,0.0
21.23516,77.96441,3.77,0.9863,26.29,84.6,847.72,1496.34,0.0493
9.18028,72.37059,2.25,1.1333,21.72,66.96,959.22,477.79,0.0
24.30099,70.31001,6.67,0.9865,12.82,59.26,809.81,1820.16,0.405
19.71145,74.18515,4.97,0.9773,22.0,81.84,827.99,1693.03,0.1835
8.57144,87.9507,3.76,1.1466,25.86,73.93,984.14,188.98,0.0618
10.1503,87.63908,1.87,0.9898,16.98,70.65,824.36,1748.25,0.0
12.45114,78.67154,4.94,1.0542,26.39,81.1,906.46,952.61,0.1471
15.56531,68.43223,3.24,1.1463,27.58,62.29,989.48,137.68,0.0307
20.52623,78.09815,2.78,1.0036,25.97,65.67,861.69,1313.24,0.0439
16.49771,78.90848,2.94,1.0135,20.76,72.15,855.09,1408.05,0.0176
8.55019,77.48052,6.44,0.9612,24.9,57.61,822.37,1751.07,0.412
16.21014,70.10765,2.37,0.9488,21.07,73.01,801.33,1960.73,0.0
24.05431,68.6718,5.58,1.0166,13.67,77.91,836.96,1641.78,0.2541
15.95336,78.19785,1.23,1.1242,16.18,71.58,933.72,654.89,0.034
26.44134,68.59431,3.8,1.0712,25.11,74.13,917.07,834.99,0.0363
16.23143,82.4023,4.17,1.0303,24.0,68.46,878.83,1239.55,0.008
26.6388,70.11177,3.83,1.0086,11.0,77.8,822.68,1832.44,0.0166
19.79626,82.92437,6.84,1.1062,21.38,73.68,935.21,698.78,0.4345
9.51549,80.66128,3.8,1.1051,21.69,71.87,935.32,721.22,0.0453
24.70844,70.99906,3.86,1.1173,25.63,67.58,958.21,450.2,0.0728
13.29055,83.81715,8.04,1.0039,16.94,75.27,835.91,1641.67,0.7291
21.12326,68.55986,2.94,1.1498,29.99,73.97,1000.52,131.94,0.0
15.28695,78.32262,3.06,1.0083,16.4,68.25,838.09,1518.24,0.0
22.9909,68.82259,2.42,1.0495,22.62,80.24,891.02,1118.18,0.0
26.13638,74.61901,5.8,1.0815,23.66,73.71,921.39,792.51,0.2692
11.60382,87.48994,7.73,0.9816,19.6,74.92,824.88,1711.16,0.6578
17.91213,86.86477,3.02,1.1237,23.95,60.85,958.31,508.68,0.0
19.7505,68.38246,1.48,1.0881,22.48,51.41,923.38,776.41,0.0095
25.96839,73.75642,5.73,1.0693,16.83,81.62,890.08,1111.35,0.2611
23.12302,73.75046,4.16,0.9957,13.97,93.03,820.62,1821.14,0.0837
14.23142,74.13798,3.54,1.124,28.7,64.38,973.88,237.39,0.0264
13.84771,81.70522,2.44,0.9638,18.78,76.28,807.67,1838.92,0.0
14.63643,73.50984,3.41,1.109,23.03,76.6,942.86,598.91,0.0241
22.74495,79.76939,3.67,1.0121,15.72,83.81,839.27,1555.54,0.0244
23.55152,77.44102,2.34,1.0597,21.06,76.09,894.91,1047.74,0.0237
15.44931,68.86369,5.77,1.1496,28.8,62.61,996.39,161.13,0.2909
19.46377,86.10017,1.44,1.1779,24.01,59.66,1004.77,75.26,0.0248
22.73764,68.6067,7.92,1.1408,25.4,71.38,977.64,328.47,0.746
21.11447,84.10134,4.39,1.1463,26.95,63.92,987.42,243.42,0.0885
16.81633,69.25957,3.7,1.0328,19.48,88.41,867.54,1281.38,0.0311
17.12787,87.72024,6.09,1.1733,20.49,63.37,988.91,180.59,0.3187
22.23837,71.03979,2.05,1.1459,21.67,64.61,969.74,336.16,0.0
17.58522,72.63859,4.46,1.0752,17.07,62.82,895.72,1054.9,0.122
21.87112,70.7017,4.99,1.1465,20.56,65.91,966.61,418.39,0.1631
20.51367,87.7595,5.91,1.0067,24.11,65.01,859.02,1445.38,0.241
16.9758,73.78936,1.76,1.0777,9.05,67.98,873.01,1280.51,0.0
9.58399,87.04042,2.46,1.1489,24.6,62.08,981.99,246.27,0.0
10.64919,83.69891,0.57,1.1716,26.89,54.14,1009.05,80.18,0.0
16.50285,75.24709,5.41,1.0405,12.91,68.8,854.41,1443.53,0.1993
15.57165,86.74301,5.61,1.1041,15.83,79.9,915.87,846.84,0.2644
19.33584,70.31414,2.03,1.1199,19.34,70.29,940.25,622.43,0.0081
18.34554,74.76957,6.29,1.1475,22.07,56.79,972.44,354.41,0.3875
17.16022,81.53913,4.04,1.1113,34.95,80.77,982.87,300.62,0.0701
21.74004,69.52427,7.55,1.0189,23.43,69.99,867.44,1320.76,0.66
14.16847,74.91657,2.22,1.136,33.38,67.57,999.55,51.56,0.0
16.4626,68.21283,5.3,1.0033,14.33,83.92,827.93,1735.82,0.2063
21.46233,78.1269,4.32,0.9929,15.67,79.55,823.14,1799.92,0.0432
15.13097,69.49443,2.57,1.0403,27.13,73.59,896.7,1069.95,0.0
24.43133,71.1544,2.62,0.9592,20.75,67.82,809.23,1922.73,0.0409
15.38994,85.61996,7.15,1.0687,23.9,79.53,911.24,976.78,0.4978
9.36465,75.70815,6.37,1.0697,28.03,66.28,924.82,749.96,0.3678
24.59082,79.54414,0.66,0.9795,17.72,79.26,817.82,1815.93,0.0
19.38038,72.74999,3.98,1.0303,17.12,64.21,858.43,1403.24,0.0283
11.74799,76.77119,4.87,1.0925,21.42,53.6,923.74,804.55,0.0938
14.22253,82.59329,9.2,0.9585,23.11,63.5,815.14,1857.71,1.195
17.77388,84.06501,7.25,1.1643,26.62,68.77,1001.84,70.2,0.5825
16.69667,87.54494,7.62,1.136,25.26,61.98,973.08,351.9,0.7068
14.36658,84.78621,0.5,0.9919,15.37,62.31,821.49,1800.47,0.0043
18.31059,76.63707,7.56,1.1318,25.6,78.16,970.56,312.53,0.6821
22.64768,81.84796,1.66,0.965,17.59,58.2,805.33,1977.81,0.0
23.72895,72.46489,3.42,1.1022,24.85,58.81,942.84,676.14,0.012
9.40867,84.37069,6.19,1.185,21.95,82.58,1003.79,102.1,0.3762
23.03097,77.02288,2.59,1.0242,17.64,62.82,854.92,1458.25,0.033
23.8653,69.43705,4.73,0.966,15.35,66.91,800.0,1976.57,0.1398
24.82889,82.28145,5.47,1.0506,25.16,81.46,899.61,992.85,0.1454
17.71177,82.39593,6.0,1.0646,16.4,64.38,884.82,1075.25,0.3518
24.6541,71.09376,5.26,1.0117,23.29,72.72,860.88,1394.33,0.1816
19.96208,84.25228,3.82,1.1282,28.91,61.24,978.18,313.41,0.0694
20.09678,71.91919,4.09,1.149,26.68,43.52,988.92,267.28,0.0688
13.07453,74.69186,2.07,1.0379,23.62,67.71,884.17,1153.82,0.0
18.61214,87.37633,9.57,1.1259,22.76,61.07,956.33,457.92,1.3836
8.26728,83.51357,1.25,1.0835,29.33,51.34,940.83,611.97,0.0
25.52344,87.24962,1.7,0.989,15.21,72.8,818.66,1798.08,0.0
23.68025,78.07816,4.43,1.1734,20.09,65.71,987.71,147.52,0.1042
25.04994,81.79828,2.24,0.972,15.32,79.07,804.89,1902.61,0.0
19.87231,68.03856,5.77,0.9721,20.35,79.02,818.94,1752.56,0.2733
20.26961,72.22707,4.38,1.0311,22.13,60.52,874.0,1186.37,0.0687
19.51624,81.51383,2.01,1.1501,23.35,64.12,978.84,265.28,0.0
16.35196,84.16358,5.22,1.1127,24.51,67.47,950.71,546.46,0.1527
8.52783,83.83484,4.52,1.0884,22.0,63.97,922.08,773.08,0.1066
9.53575,78.32051,4.61,1.0249,13.2,98.0,842.41,1533.63,0.1503
27.64532,70.82906,3.37,1.0218,22.18,66.76,866.24,1315.59,0.0
9.71734,85.89392,6.75,0.9953,23.61,54.76,847.83,1527.11,0.4625
9.80112,71.45858,2.44,0.9879,8.97,77.56,800.0,1998.76,0.0
25.68725,68.52354,3.01,1.058,17.68,75.57,883.3,1177.2,0.0206
13.8731,82.54404,3.07,1.0165,14.19,78.74,838.43,1554.03,0.0
9.64451,75.87134,0.68,1.0928,23.02,82.34,929.04,695.5,0.0
24.68442,73.1018,7.12,0.9759,12.44,78.34,800.0,1996.5,0.5468
13.10778,68.78054,6.1,0.9689,19.93,79.99,815.16,1835.7,0.306
8.28713,71.72047,4.39,1.0815,19.46,87.89,908.38,950.88,0.1307
24.32121,85.8352,4.96,1.1458,31.46,78.79,1001.83,80.89,0.1605
25.34087,83.96588,4.13,0.9723,19.72,56.41,817.41,1875.98,0.0629
8.70868,74.3547,1.29,0.9992,15.64,66.84,828.34,1712.91,0.0055
12.90568,86.04191,3.88,0.9942,22.49,50.82,843.7,1534.5,0.0399
26.51451,78.05023,3.63,1.092,17.94,86.29,912.46,938.47,0.0296
24.00664,68.39891,1.92,1.0678,23.2,62.45,908.33,907.43,0.0055
11.96961,75.4874,8.15,1.0999,20.99,55.88,928.71,771.89,0.8515
26.25126,70.55811,3.82,1.1093,29.84,83.21,964.77,350.91,0.0388
25.76248,87.81791,3.1,0.9968,14.91,68.98,824.23,1717.21,0.012
14.23828,84.74854,1.34,0.9907,23.85,66.44,844.63,1612.8,0.0066
10.01607,81.71986,2.63,1.0516,30.35,65.34,916.16,859.12,0.0
12.07659,74.1945,2.77,1.0103,21.09,40.01,853.31,1493.04,0.0325
17.25382,85.75438,3.86,0.9668,15.66,69.75,801.54,1991.57,0.0174
12.83989,75.1748,3.72,1.0578,24.2,75.12,902.9,958.78,0.0502
8.78992,68.79624,5.04,0.9999,17.31,70.86,833.69,1632.3,0.1116
11.45828,73.29133,1.34,1.1428,30.71,62.55,996.77,115.63,0.0007
25.97202,82.52173,5.51,1.1424,31.74,69.53,999.86,141.96,0.1663
18.81195,73.37266,3.3,1.0027,17.15,82.3,835.58,1648.39,0.0108
19.62882,79.44572,4.7,0.9916,12.73,50.34,813.7,1801.94,0.082
12.89098,77.39915,6.49,0.9546,21.19,73.72,806.59,1950.22,0.3458
25.03836,81.62673,4.56,1.1378,21.79,53.24,963.26,462.57,0.1399
22.53878,69.79076,6.9,0.9867,10.06,62.42,802.19,1934.49,0.4809
19.15208,82.05807,1.5,1.0325,28.03,64.69,892.63,1108.57,0.0
19.96753,77.44042,1.38,1.1015,26.0,72.57,945.92,578.24,0.0
21.34344,78.87546,8.5,1.0025,15.26,62.71,829.92,1626.0,0.9669
10.89268,80.19369,1.94,1.051,19.38,60.33,882.55,1105.0,0.0175
19.36809,87.45038,6.41,1.0169,13.99,73.7,838.13,1663.5,0.3022
13.33917,74.27693,7.51,1.0131,21.04,75.6,855.49,1437.94,0.6247
23.58818,83.1979,5.01,0.9978,13.64,75.55,821.43,1788.82,0.1294
14.98325,87.70322,2.42,1.1627,28.35,51.55,1006.26,26.52,0.0347
10.0873,80.91738,5.12,1.0235,23.03,65.35,870.2,1272.35,0.1319
17.00965,75.1381,4.78,0.9802,12.05,73.79,802.48,1933.62,0.1702
10.47272,83.98263,2.91,1.0658,27.47,75.19,919.69,802.76,0.0
22.18471,87.87998,3.26,1.1769,23.01,82.22,1000.49,61.48,0.0041
9.31708,71.96242,5.26,1.0436,19.75,89.46,877.4,1160.74,0.1884
15.9891,85.39509,1.34,1.1551,31.48,55.65,1010.07,32.41,0.0275
22.79457,79.03567,6.03,1.1606,27.99,56.17,1003.24,96.36,0.3501
18.89712,75.6912,3.9,0.971,16.57,62.09,807.54,1980.59,0.0484
22.13661,73.54888,9.64,0.9925,11.92,87.24,812.18,1917.79,1.3985
27.57004,75.3435,6.32,0.9691,24.23,79.88,827.23,1707.1,0.3587
10.32115,77.66654,5.56,1.0712,19.2,81.04,898.9,1021.61,0.2073
24.12082,69.97972,4.67,1.01,21.64,75.68,854.61,1432.88,0.1148
13.5515,83.87869,5.96,1.1344,26.45,44.96,975.62,287.93,0.2735
17.07469,87.3196,3.3,1.0432,23.72,72.22,888.95,1104.94,0.0273
12.34152,71.83335,2.99,1.0289,23.34,91.23,875.71,1264.09,0.0
27.46926,83.15667,3.8,1.0144,15.98,59.38,841.85,1521.38,0.0024
9.59314,81.9964,5.88,0.986,15.85,63.94,817.98,1778.26,0.3038
17.03398,82.21216,5.81,1.0624,27.71,63.44,917.55,816.65,0.2967
21.57794,73.65347,3.12,1.0217,19.3,51.47,857.73,1423.36,0.0024
8.26225,81.67206,7.33,1.1145,26.1,64.85,957.34,458.6,0.605
18.74283,76.40039,1.35,1.0944,27.5,63.67,944.5,611.55,0.0
24.56739,80.53411,3.89,1.1128,29.51,62.74,966.76,404.67,0.0676
24.37959,74.36059,2.7,1.1035,22.32,74.45,935.94,699.68,0.02
16.36414,82.46257,2.72,0.9955,18.71,74.52,834.01,1653.76,0.0
16.77759,81.53997,7.5,1.03,19.76,85.92,866.02,1298.89,0.6356
18.81139,86.25214,4.54,1.1531,27.93,82.32,996.57,155.18,0.1063
24.67614,78.75672,0.86,1.1705,25.76,73.45,1004.31,56.11,0.0
19.9051,79.01214,6.49,1.0197,10.84,66.7,831.24,1749.89,0.3718
19.62448,86.32344,4.8,1.1176,33.15,59.34,982.62,260.85,0.153
24.22524,84.09913,6.4,0.9877,15.11,68.04,817.25,1778.96,0.3789
17.32403,78.72502,1.66,1.043,17.81,79.51,871.14,1273.09,0.0
16.9866,85.632,5.04,1.078,27.54,69.71,930.42,687.14,0.2016
14.94181,81.09765,4.66,1.1478,21.06,75.1,969.34,407.14,0.1245
14.98234,71.22209,3.13,1.1856,25.0,74.43,1014.68,32.88,0.0292
13.58112,76.14629,6.46,1.0148,11.61,82.98,829.52,1678.63,0.3777
21.97409,75.75054,7.05,1.0655,20.09,75.84,896.91,1020.67,0.4941
16.30494,79.58989,4.45,1.1833,23.41,56.29,1007.33,85.9,0.1119
21.47498,75.20317,2.05,1.0183,18.08,64.93,851.32,1430.7,0.0387
22.31636,68.74927,3.9,1.1641,25.07,61.98,996.49,165.89,0.0838
20.71181,74.81821,6.75,1.2044,20.61,73.03,1015.63,20.19,0.4491
20.1317,75.26037,5.43,1.1082,33.73,84.64,976.22,313.97,0.2071
8.30099,70.89018,8.15,0.9935,20.41,70.59,837.21,1640.28,0.8525
15.54925,82.38408,5.43,1.1392,21.83,66.84,964.63,415.13,0.2207
20.63832,81.60781,1.47,1.0639,24.63,75.18,909.4,892.98,0.0413
19.30681,87.76327,2.42,1.0838,22.07,54.94,918.4,906.24,0.0089
19.18255,77.51268,5.76,1.1186,24.24,78.33,954.88,548.98,0.2652
14.22123,79.04341,8.58,1.1191,17.94,78.72,935.12,619.82,0.9641
18.55656,83.45043,4.12,1.131,27.35,62.71,975.56,316.96,0.0564
26.77062,87.21421,4.91,1.0452,25.58,77.19,896.3,1118.36,0.1375
11.23413,81.59456,2.92,1.0722,21.46,76.17,906.78,952.09,0.0
14.04221,84.67925,3.65,0.9819,21.58,57.35,830.68,1617.74,0.0161
8.16482,83.60553,0.59,1.0068,19.23,72.97,845.0,1561.03,0.0392
20.06551,69.63999,4.21,1.1174,19.03,87.0,937.16,662.18,0.0447
21.32436,71.45633,4.0,1.1376,25.92,75.06,976.61,332.89,0.0275
19.44473,87.93093,2.88,1.1684,27.2,74.95,1007.36,74.18,0.0
12.76548,87.58454,3.31,1.0451,21.82,64.49,884.91,1184.31,0.0439
13.42152,77.14165,2.19,0.9706,16.09,73.31,805.84,1874.74,0.0047
17.7549,78.01001,6.42,1.1334,27.63,58.29,978.57,284.0,0.4095
8.02025,71.13619,3.5,1.0999,15.51,67.06,911.38,921.96,0.0
22.12263,78.92732,4.52,0.9817,13.32,77.3,807.24,1852.7,0.048
11.66503,87.26001,4.0,1.0358,22.89,59.7,880.19,1194.16,0.0554
8.55358,82.05566,1.74,1.0071,6.51,70.08,808.42,1877.86,0.0
11.56476,69.09916,6.33,1.0331,15.94,74.62,857.31,1446.84,0.327
15.17667,85.6314,5.41,1.1232,20.07,67.91,945.41,546.44,0.1807
14.64803,73.40573,7.35,1.0082,25.16,53.99,863.28,1371.73,0.6197
26.18895,76.88491,4.86,1.0025,16.75,76.31,834.22,1627.5,0.1391
20.97935,80.6627,4.86,1.0283,15.63,54.78,852.37,1443.26,0.1371
14.36746,71.91628,5.88,0.9917,16.71,85.16,825.11,1699.22,0.2584
26.69068,70.98453,7.29,1.079,31.68,38.92,944.15,516.45,0.5918
16.7334,82.95142,1.77,1.1057,25.91,72.86,949.2,469.79,0.0111
12.26894,83.16709,3.6,1.1377,20.37,83.35,958.55,451.66,0.0444
21.73506,77.69165,2.87,1.0421,21.53,74.67,881.49,1219.24,0.0
12.00875,70.28056,3.85,1.1179,25.68,81.31,958.92,469.74,0.0444
13.56931,75.61943,2.79,1.0097,20.2,67.25,850.2,1506.4,0.0
14.27345,76.73013,6.41,1.1553,28.25,65.74,999.53,84.73,0.4044
9.24132,73.84629,0.67,1.077,27.54,62.37,929.56,768.15,0.0325
27.47935,84.05201,6.08,1.1417,31.7,73.09,999.09,88.19,0.3528
24.45171,71.61625,3.38,1.1452,21.48,72.22,968.56,388.34,0.0447
8.11301,72.29068,8.96,1.0828,26.67,71.69,931.9,758.39,1.1035
13.28984,79.01915,7.31,1.1217,32.06,43.39,982.71,284.27,0.5708
24.70636,78.32878,4.93,1.1571,31.18,65.04,1010.82,57.44,0.1507
18.05379,70.50637,2.71,1.0643,27.61,55.89,918.81,827.03,0.0
14.19321,78.41037,7.07,1.0439,24.13,76.94,890.83,1020.27,0.5126
12.61198,68.98485,1.27,0.9487,24.21,53.09,809.83,1780.1,0.0
16.71512,79.34242,3.62,1.1272,23.62,66.85,960.28,458.13,0.0353
25.41451,84.65843,4.68,1.0703,26.81,83.34,921.59,834.52,0.1423
17.98681,75.70555,2.97,1.0356,22.28,73.61,878.19,1150.33,0.0
21.10028,78.46894,1.91,0.9883,19.29,66.53,829.6,1701.25,0.0142
16.73497,69.08154,1.91,1.0722,25.0,63.9,917.65,853.03,0.0459
27.08079,87.86716,4.07,1.0207,22.87,58.22,867.31,1248.25,0.036
18.25079,84.97245,6.31,1.0605,26.33,75.11,911.67,858.78,0.3414
25.05478,85.9152,3.76,1.0256,17.3,71.27,855.12,1446.56,0.055
23.98228,86.10273,3.39,0.9613,22.46,78.6,815.7,1858.3,0.045
19.86728,73.38956,2.7,1.1599,20.41,55.05,977.45,272.5,0.0074
17.05935,84.44441,1.54,1.0357,12.81,69.65,850.19,1470.79,0.0036
27.96187,87.30791,3.54,1.0892,13.49,96.05,896.16,1106.54,0.0
24.85761,84.4318,4.3,1.135,21.2,62.24,958.94,384.58,0.0896
9.83334,74.39066,3.6,1.0909,22.5,63.93,925.81,831.29,0.0
10.96949,81.65126,0.5,1.1709,28.67,73.02,1014.45,50.9,0.0004
17.05197,75.36408,7.23,1.1518,24.48,73.82,984.07,266.89,0.5701
16.74459,72.77362,5.86,1.0628,16.58,61.45,883.91,1126.78,0.3221
21.85242,68.64725,4.5,1.0918,29.43,72.76,948.3,544.24,0.067
17.91599,72.84477,4.64,1.054,18.61,60.9,882.76,1166.05,0.1185
11.20066,81.22089,7.43,0.9897,23.22,69.25,842.0,1625.29,0.608
13.8299,75.10411,1.74,0.9773,24.36,76.02,834.65,1653.05,0.0256
10.8581,84.43783,2.66,1.0944,23.74,56.9,932.64,619.94,0.0
18.55289,85.07188,5.88,1.0834,24.47,73.76,925.55,795.33,0.2721
11.08366,87.46164,6.34,1.1033,14.3,88.64,910.38,880.33,0.3685
14.50478,69.07023,3.73,0.9538,19.8,78.59,802.08,1956.05,0.0406
21.44579,87.34397,3.45,1.0353,22.9,75.14,879.82,1151.34,0.058
24.79416,77.56114,2.65,1.0024,15.53,54.1,830.68,1698.4,0.0103
24.90672,69.95989,2.75,1.0365,18.42,89.11,867.5,1347.52,0.0738
23.12182,75.94788,4.51,1.0774,25.3,78.98,923.04,751.7,0.1136
14.91392,79.48992,2.47,0.9852,17.55,78.65,822.08,1716.44,0.0
16.33564,73.65952,3.57,1.0288,20.78,52.26,867.98,1313.34,0.0379
26.44881,69.39721,4.47,1.0926,27.79,76.98,943.86,561.74,0.094
9.35133,86.49241,0.5,1.0167,34.08,56.12,896.64,1004.49,0.0
12.79104,72.2013,3.1,1.0669,34.89,53.81,943.35,569.09,0.0431
16.30926,80.83884,11.05,1.0106,16.67,77.9,840.76,1571.52,2.1121
13.3854,86.48265,4.98,1.0843,22.15,73.41,919.15,726.75,0.117
12.08269,68.39891,6.27,1.079,24.61,55.54,922.24,740.94,0.396
26.16601,81.1821,0.9,1.1591,23.11,65.74,985.68,272.86,0.0116
25.35225,71.13434,6.38,0.9815,13.77,84.16,808.38,1910.92,0.3976
19.15639,77.47637,6.59,1.0426,14.81,76.21,861.77,1291.31,0.4434
27.51488,71.98179,6.02,1.0613,21.17,56.42,896.67,1025.81,0.3384
21.43948,79.93077,8.07,1.1036,34.04,67.18,973.12,314.23,0.8447
24.01562,73.85406,1.85,1.0907,31.22,57.28,952.89,514.31,0.0117
10.88648,75.29266,5.19,1.1235,18.8,75.18,941.57,676.04,0.2008
8.82075,87.05047,7.6,1.104,28.02,82.76,954.43,441.96,0.6757
24.84048,81.0531,2.13,1.0254,14.71,81.05,847.27,1472.5,0.0
27.45573,68.69972,2.64,1.0828,32.85,72.82,951.14,588.27,0.0
13.52017,85.90641,4.68,1.1519,24.6,71.57,984.49,304.08,0.1294
15.75654,74.44829,3.79,1.0239,12.38,64.91,839.17,1559.91,0.0423
27.30663,78.82734,6.58,1.0456,23.11,93.52,889.21,1069.38,0.374
17.29047,77.44503,4.45,1.0725,26.59,71.16,922.82,774.55,0.0877
25.96808,83.14839,2.84,0.9973,10.01,68.43,810.65,1908.56,0.0531
26.42269,75.31948,5.58,1.0404,18.86,55.49,872.07,1280.07,0.2408
20.35893,78.32579,5.93,1.0476,28.47,70.69,907.04,969.86,0.2491
9.82356,76.44218,4.93,1.1106,22.85,58.8,943.64,598.15,0.143
17.80159,74.07821,2.33,0.9713,23.52,70.47,827.15,1671.48,0.0015
20.47168,79.22659,4.16,1.1163,25.6,68.67,957.27,502.41,0.0898
23.0504,84.63082,4.34,1.1482,28.76,72.78,995.03,104.05,0.1098
15.81021,77.91947,6.98,1.0562,15.92,62.61,876.41,1256.51,0.4903
22.49833,81.76546,9.27,1.1472,28.98,61.85,994.92,103.56,1.225
12.7674,78.40328,5.24,1.0041,22.65,68.07,852.61,1410.85,0.1902
15.03666,82.96874,2.94,1.0407,11.49,80.38,850.32,1473.28,0.0278
18.63593,77.38568,2.21,1.1063,30.03,66.75,962.75,393.59,0.0
9.82677,80.50464,4.84,1.1209,32.02,75.32,981.86,215.82,0.1508
9.38526,85.3921,5.34,1.1546,23.64,70.75,983.63,265.23,0.2128
24.23518,77.96692,4.15,0.9896,18.68,53.47,829.0,1663.43,0.1017
25.57928,70.89682,4.0,1.178,25.86,54.26,1011.08,31.41,0.075
24.34831,79.54577,1.27,1.0282,26.59,62.49,884.64,1102.56,0.0
16.71434,72.24373,4.03,1.0962,29.67,88.28,952.86,521.58,0.0312
24.26231,73.74174,7.72,1.0074,22.63,68.59,855.37,1400.15,0.6774
16.81072,80.12507,4.08,1.0231,18.58,85.59,856.74,1504.4,0.0588
13.97267,69.24118,4.6,1.1234,26.46,61.66,966.15,387.95,0.0974
9.82263,80.66396,5.52,0.9773,20.54,51.76,823.9,1717.95,0.2634
13.75495,80.27374,1.89,1.172,27.6,84.96,1011.82,20.26,0.0
20.67046,86.43711,3.71,1.05,23.69,86.22,894.69,1025.46,0.0485
21.68985,82.25211,1.36,0.9522,24.64,62.88,813.99,1756.26,0.0068
23.7328,68.98897,4.39,1.1283,33.14,63.8,992.01,140.01,0.0563
14.26392,76.47482,6.44,1.0389,31.19,66.58,907.61,985.95,0.3849
8.28784,79.18324,2.44,0.9641,20.57,51.38,812.84,1922.31,0.0239
15.63528,80.32607,4.12,1.0473,19.03,58.37,878.34,1194.4,0.1075
16.34278,81.47616,5.54,0.9642,17.81,65.91,805.32,1955.41,0.2218
16.61301,68.90893,6.93,1.0931,18.78,67.5,915.98,862.23,0.4612
23.0619,73.42182,2.98,0.9978,20.97,75.85,842.41,1494.86,0.0
23.61033,80.34499,1.79,1.0709,23.85,79.57,912.97,908.44,0.0
15.12964,76.5862,2.6,1.1257,18.82,68.06,943.48,658.37,0.0242
17.84452,79.3135,4.75,1.0301,19.97,71.75,866.71,1311.4,0.0865
20.42777,84.35495,3.11,1.1221,27.51,40.55,968.39,415.38,0.0213
8.77344,85.34095,2.37,0.9874,16.85,84.35,821.93,1838.86,0.0
8.16805,86.96406,2.29,1.1714,26.42,52.15,1007.28,35.04,0.0018
15.13354,85.02545,6.02,1.1119,18.52,72.17,930.9,715.15,0.2653
22.30026,72.91813,0.5,0.9652,24.29,63.48,824.1,1672.29,0.0
26.09788,76.94081,9.99,1.0816,29.27,69.82,938.9,661.24,1.5481
22.09256,81.14912,6.11,1.0202,18.93,67.21,855.36,1478.58,0.3299
13.64992,84.83622,7.59,0.987,19.68,57.95,829.62,1690.95,0.6569
8.19802,83.68097,5.63,0.9873,14.26,73.73,814.57,1835.32,0.19
20.24381,76.29465,4.9,1.0544,19.7,60.26,886.38,1182.06,0.1318
9.41263,68.73985,8.28,1.1495,23.55,71.4,978.98,274.92,0.9296
27.36851,77.06932,6.45,1.0314,26.39,73.36,886.8,1134.63,0.4119
25.37072,76.72226,4.31,1.0153,23.55,63.08,864.73,1348.49,0.1103
10.64941,85.84159,1.83,1.1153,28.46,65.92,965.6,461.42,0.0061
20.95272,82.56106,8.13,1.1155,23.56,68.25,950.04,549.57,0.7517
12.0242,85.18091,3.87,1.0586,28.12,57.93,915.48,828.7,0.0543
20.7777,85.96976,5.31,1.1164,21.21,59.88,943.32,543.37,0.1977
15.38428,78.99217,5.15,1.01,11.96,59.84,826.63,1692.78,0.1421
23.42343,78.03486,5.96,1.0366,18.93,90.37,869.1,1339.53,0.2643
26.20025,77.27012,5.15,1.0924,29.13,49.52,947.84,589.69,0.1801
21.93524,81.73339,6.41,1.002,21.63,83.47,847.89,1528.18,0.3372
22.9692,74.10944,8.28,0.9664,17.16,75.6,805.31,1910.4,0.8706
18.09358,81.51905,1.15,1.1792,22.66,61.08,1001.3,124.74,0.0072
27.32943,80.09078,2.32,0.9782,17.77,74.5,816.84,1876.22,0.0
11.64687,74.50138,1.67,0.972,16.32,69.04,807.65,1888.75,0.0152
20.40611,73.52561,2.67,1.0564,19.18,72.27,886.49,1198.62,0.0
16.62435,84.19427,3.73,1.0668,18.48,63.65,893.08,995.89,0.0146
13.76931,82.3707,4.05,0.9913,20.37,68.43,835.21,1666.14,0.0447
20.68327,69.65702,5.09,1.1511,25.94,31.58,988.27,108.88,0.1954
24.38006,74.25002,2.18,1.1259,28.86,68.42,976.07,322.33,0.0
17.81933,72.41687,7.7,1.1152,31.73,61.28,976.0,298.87,0.6925
12.94534,71.68896,5.54,0.9849,11.56,94.61,804.92,1965.26,0.2196
23.56364,83.91567,2.34,1.0252,17.71,74.55,855.92,1463.87,0.0304
16.27857,75.57845,1.18,1.0078,21.37,79.33,852.01,1421.78,0.0094
17.76092,77.21383,5.2,0.9489,26.94,69.52,817.38,1815.79,0.1609
9.38352,69.4465,11.15,1.1376,30.83,82.09,992.59,186.62,2.183
17.26021,69.14062,0.5,1.1497,20.84,60.8,970.19,346.23,0.0186
25.76359,74.20836,1.44,0.9799,16.83,69.02,815.66,1767.78,0.0226
10.91525,73.58977,3.96,1.0695,18.16,63.7,894.33,1066.48,0.0314
23.68464,70.05621,7.47,1.1085,26.6,37.54,953.79,514.44,0.6109
22.78275,78.58817,1.98,1.0756,18.0,35.62,898.91,1006.34,0.0188
19.74568,75.45427,1.95,1.1533,25.61,73.56,989.09,196.33,0.0127
21.31877,68.15117,7.34,1.0304,17.16,76.6,858.66,1390.96,0.5894
19.38927,76.6097,6.18,0.9717,14.76,60.18,803.08,1939.41,0.2985
23.68019,71.37111,8.06,1.1048,22.76,75.28,938.42,679.8,0.7235
27.82453,71.12282,3.17,1.0471,18.46,66.3,876.5,1240.87,0.0126
20.99199,73.35368,4.03,1.099,17.13,59.73,915.78,837.05,0.0641
24.19771,73.06218,3.23,1.0688,20.92,69.11,902.21,1020.88,0.0272
11.14988,79.48651,7.65,1.0283,25.03,53.44,880.18,1189.76,0.6787
25.94061,87.68183,2.68,1.0244,20.88,56.51,864.59,1277.55,0.0
15.23247,79.6889,3.61,1.0,12.36,84.1,819.54,1790.14,0.0432
9.10698,76.67029,3.87,1.1932,20.43,73.88,1005.57,38.22,0.0531
17.73689,68.12937,7.21,1.0552,16.93,79.07,878.63,1225.51,0.5723
24.92583,78.66335,5.25,1.081,29.2,89.66,938.17,610.33,0.1692
13.47634,77.08939,1.23,1.1106,30.24,62.56,967.25,412.5,0.0566
21.65129,80.37142,3.66,1.0281,19.4,71.65,863.38,1378.62,0.01
8.25537,86.17492,1.32,1.1151,23.66,79.95,950.06,559.45,0.0
17.92301,68.18536,8.13,1.1185,23.98,75.15,953.98,528.22,0.8276
13.68176,77.67257,7.36,1.0103,21.43,69.4,854.3,1549.58,0.6197
24.62035,68.69683,5.42,0.9989,16.37,72.38,830.13,1701.93,0.2019
12.45364,82.07377,3.08,1.0833,24.29,67.23,924.92,760.67,0.0
26.25593,74.38549,1.66,1.1873,20.65,67.19,1001.34,54.63,0.0
16.79819,80.0804,4.76,1.1066,24.83,63.14,946.56,598.03,0.1018
22.95059,87.18174,3.09,1.0938,16.44,69.73,909.21,935.45,0.0
19.50908,73.56656,1.98,1.0718,21.18,61.69,905.56,959.45,0.0
26.74321,71.69196,0.5,1.0594,26.44,70.5,911.02,891.23,0.004
21.66133,77.51461,4.0,1.0442,16.0,77.51,866.7,1319.0,0.0418
27.77481,77.22425,6.12,0.9475,24.84,65.51,810.51,1806.21,0.3478
23.99007,81.60686,2.23,1.1199,28.99,59.21,971.27,363.55,0.0
8.35171,80.84197,4.21,1.0502,18.03,62.93,877.81,1204.31,0.123
21.12176,80.12895,2.59,1.0078,21.62,69.73,852.76,1501.1,0.0
10.14737,74.27879,1.44,1.0069,15.97,72.43,835.64,1605.13,0.0
23.26579,87.41896,5.4,1.1159,25.95,73.24,958.03,517.12,0.2266
22.92401,74.45708,2.69,0.9933,25.49,80.89,851.53,1494.95,0.0042
26.47973,78.32557,4.24,1.0101,20.49,59.69,851.4,1398.91,0.0828
13.82857,76.61063,6.59,1.0888,26.02,68.03,935.03,712.84,0.4177
15.94805,75.75232,3.0,1.0661,16.81,83.34,887.4,1069.63,0.0313
18.36506,79.05688,2.75,0.9935,16.41,63.34,825.75,1759.19,0.0
24.76693,85.10339,5.88,0.9839,12.72,68.6,807.4,1952.03,0.2485
10.66439,68.77338,6.13,1.0085,10.99,68.25,822.59,1739.34,0.3418
19.31982,68.77982,4.28,1.0662,21.87,56.27,902.96,983.67,0.097
23.91969,84.29823,3.86,1.0411,25.32,71.62,891.94,1081.49,0.0276
8.55122,78.85711,7.75,1.0588,23.61,77.95,901.94,1006.2,0.724
15.82105,85.23816,3.5,1.1511,27.2,60.14,992.41,178.56,0.0538
12.55275,87.0982,1.54,1.1789,23.72,57.07,1004.58,82.8,0.0077
9.90115,69.34293,6.04,1.0733,26.15,73.61,922.09,816.1,0.2881
9.36668,80.98526,4.61,1.0404,16.08,66.35,863.75,1330.78,0.1452
24.76017,72.88511,3.75,1.0865,29.4,82.09,943.56,662.18,0.0235
17.01736,79.84436,7.63,1.0774,28.31,65.55,932.33,718.71,0.7164
26.20577,87.69402,5.14,1.1401,30.56,58.71,993.96,164.26,0.2137
26.34322,68.87101,2.95,0.9706,19.91,64.58,816.47,1826.97,0.0143
26.98548,79.05018,4.48,1.1742,20.7,72.44,990.45,245.03,0.1059
13.74395,71.74708,3.53,1.1069,29.62,66.9,961.98,419.74,0.0202
10.24157,75.34226,6.43,1.0938,16.11,67.71,908.16,883.55,0.3435
14.68503,74.88213,2.32,1.2012,21.75,63.31,1016.8,29.07,0.0
25.67916,76.42577,1.32,1.1386,27.61,50.75,983.03,199.2,0.0
10.10952,81.50208,6.9,1.0116,24.44,67.01,864.14,1368.01,0.4936
16.92862,82.28886,2.05,1.0105,35.05,68.53,894.01,1025.4,0.0146
10.38531,68.74091,4.9,0.9467,24.66,76.68,809.25,1903.32,0.1491
24.92605,81.06305,4.33,1.0709,17.2,77.13,892.57,1155.63,0.0308
13.96226,76.4572,5.03,1.0061,20.58,51.43,848.28,1487.16,0.185
25.69,80.19721,1.69,1.1334,22.75,63.44,962.72,416.12,0.0383
9.00236,81.82367,1.53,0.9551,20.58,80.18,805.28,1969.41,0.0366
26.76317,78.46948,8.05,1.0495,17.85,61.04,876.69,1192.82,0.7943
25.33704,79.81576,6.12,1.1395,20.74,74.67,961.28,465.59,0.3481
23.86862,87.04532,4.05,1.1343,24.37,76.01,968.76,353.58,0.0509
25.58233,73.44788,3.88,1.098,20.93,64.26,926.87,783.56,0.0418
27.37722,73.47721,5.95,1.1013,17.98,73.28,920.35,757.78,0.3368
18.81681,87.79046,5.66,1.0428,27.65,77.87,900.42,990.68,0.2657
27.52512,87.10949,7.69,1.012,22.03,73.1,857.49,1445.49,0.6622
19.53835,76.18911,3.72,1.0172,15.27,68.54,842.15,1477.96,0.0709
16.77864,72.55468,5.21,1.0352,16.76,67.1,861.44,1312.44,0.2196
18.09671,81.53864,5.63,1.1462,29.6,70.73,996.12,157.72,0.3058
27.97305,69.83406,3.64,0.9665,15.25,82.23,800.13,1999.07,0.0598
26.16275,74.18181,4.36,0.9831,19.28,88.38,825.23,1732.0,0.0868
19.53532,86.76293,5.01,0.99,16.94,71.09,824.41,1703.97,0.2055
8.56665,68.14832,4.0,0.9869,21.19,73.39,833.8,1689.08,0.0478
25.33039,84.47785,3.49,1.0387,21.63,79.27,878.94,1121.02,0.0
18.97037,79.96497,4.2,1.1735,26.39,71.05,1009.01,32.41,0.1164
15.98827,82.80965,7.31,1.0472,23.4,66.31,891.42,1101.84,0.5756
22.72842,79.29059,5.7,0.9642,23.27,74.3,820.41,1812.93,0.2326
19.9172,72.51218,5.3,0.9936,18.65,77.25,832.27,1644.02,0.2038
8.35441,77.70541,3.46,1.1486,32.38,51.83,1007.33,25.64,0.0062
14.37678,78.19108,1.2,1.0839,25.21,67.87,928.28,790.35,0.0
10.8163,68.38334,2.03,0.9854,16.24,94.79,818.56,1766.27,0.041
9.85884,72.52363,5.72,1.1413,32.92,62.26,1002.71,88.2,0.2512
19.91333,87.65967,4.67,1.1197,17.27,70.12,933.45,632.17,0.1736
22.38898,80.60419,2.87,1.0375,24.55,60.25,886.55,1072.05,0.0
15.43448,87.20688,1.52,1.1429,30.29,79.6,995.5,88.46,0.0024
15.64121,86.30662,5.72,1.0817,22.45,64.68,917.89,926.95,0.2563
9.97452,76.5384,8.02,1.0061,22.74,71.14,854.53,1417.47,0.7843
9.46563,77.71659,5.78,1.0541,18.73,82.84,883.19,1165.99,0.303
21.38216,74.73866,3.79,1.1082,30.12,62.39,964.7,436.4,0.0691
13.68463,71.5328,3.84,1.1852,23.82,70.9,1010.33,69.82,0.0237
21.20057,79.67148,8.17,1.0013,12.79,89.23,821.86,1810.28,0.8253
21.8024,86.44416,5.62,1.1072,31.91,56.99,969.58,369.05,0.2531
12.56634,77.58738,3.61,1.1146,18.86,68.81,934.27,731.4,0.0132
20.12695,78.23712,3.41,1.1307,21.88,65.79,957.58,451.18,0.038
19.20903,80.12212,3.19,1.0532,21.68,77.91,891.36,1035.31,0.0
23.42523,68.33357,3.35,1.0847,19.17,71.42,910.19,931.71,0.003
8.44748,83.8296,3.4,1.1346,25.67,81.45,973.25,345.2,0.0204
21.57941,69.52404,5.85,1.0085,10.6,66.67,821.39,1798.84,0.2696
18.38644,70.59918,1.8,1.0252,26.26,79.08,881.1,1109.74,0.0
17.83967,87.14794,2.27,1.1363,23.6,62.03,967.91,338.79,0.0
16.78101,71.32348,4.1,1.0562,15.0,58.04,873.61,1272.74,0.0555
26.95351,78.12671,6.25,1.0238,20.33,74.62,862.46,1391.2,0.3346
16.68015,76.8434,7.42,1.0034,25.73,58.52,860.88,1339.36,0.6117
